  CCSDS_OEM_VERS = 2.0
  CREATION_DATE  = 2026-05-15T00:54:07
  ORIGINATOR     = BACC

  META_START
  OBJECT_NAME    = KJZ
  OBJECT_ID      = CSS
  CENTER_NAME    = EARTH
  REF_FRAME      = EME2000
  TIME_SYSTEM    = UTC
  START_TIME     = 2026-05-15T00:00:00.000000
  STOP_TIME      = 2026-05-22T00:00:00.000000
  META_STOP

  COMMENT OEM data, unit is km and km/s.
  2026-05-15T00:00:00.000000        276.620663948       5121.307598235      -4409.298450494   -7.52930824600    1.18937840100    0.90383257000
  2026-05-15T00:04:00.000000      -1518.365174925       5214.713362916      -4032.264896478   -7.33644164400   -0.41584120000    2.21866135200
  2026-05-15T00:08:00.000000      -3201.535010727       4924.123988608      -3357.453772844   -6.60319748700   -1.99087229800    3.36997390900
  2026-05-15T00:11:59.999999      -4648.850109495       4270.796662293      -2434.603280382   -5.38304055200   -3.41997185700    4.27281481400
  2026-05-15T00:15:59.999999      -5753.516828448       3302.697928935      -1331.801440812   -3.76541428500   -4.59767972200    4.86020269000
  2026-05-15T00:20:00.000000      -6433.927901683       2091.066373944       -130.516324193   -1.86947634800   -5.43677166900    5.08835541900
  2026-05-15T00:24:00.000000      -6639.784998668        725.204401579       1080.421993088    0.16460692700   -5.87491917500    4.94012135400
  2026-05-15T00:27:59.999999      -6355.921368893       -694.143112231       2211.442789288    2.18618630300   -5.87975664400    4.42656082100
  2026-05-15T00:31:59.999999      -5603.391538088      -2062.317796698       3178.939407466    4.04597466900   -5.45115585400    3.58591717900
  2026-05-15T00:36:00.000000      -4437.819514724      -3278.488929189       3911.451885311    5.60693980100   -4.62093463200    2.48053432600
  2026-05-15T00:40:00.000000      -2945.224988374      -4253.076297080       4354.916731151    6.75437959500   -3.45041423100    1.19210275400
  2026-05-15T00:43:59.999999      -1235.629308108      -4914.295656167       4476.592461576    7.40413996600   -2.02561522300   -0.18447260600
  2026-05-15T00:47:59.999999        565.012031566      -5213.355005067       4267.422977532    7.50835504500   -0.45098304000   -1.54791210200
  2026-05-15T00:52:00.000000       2323.970934833      -5128.015516178       3742.703476847    7.05880578600    1.15794817700   -2.79775285400
  2026-05-15T00:56:00.000000       3911.419248448      -4664.287689191       2941.029058422    6.08780463100    2.68271790200   -3.84149204100
  2026-05-15T00:59:59.999999       5209.985358856      -3856.108709198       1921.548249882    4.66629570200    4.01049375000   -4.60142385000
  2026-05-15T01:03:59.999999       6123.515978976      -2762.964164250        759.666986715    2.89910199800    5.04259151200   -5.02069369700
  2026-05-15T01:08:00.000000       6584.332441139      -1465.542826215       -458.537377236    0.91719590900    5.70214276800   -5.06780923300
  2026-05-15T01:12:00.000000       6558.371315133        -59.753325002      -1642.747722793   -1.13202941000    5.94004543300   -4.73921290400
  2026-05-15T01:15:59.999999       6047.776046337       1350.475677980      -2705.220900138   -3.09627107200    5.73900363400   -4.05975349500
  2026-05-15T01:19:59.999999       5090.635383028       2661.015395335      -3567.382343655   -4.83019756700    5.11460583500   -3.08044796000
  2026-05-15T01:24:00.000000       3757.976225175       3775.292161833      -4165.644808275   -6.20633856000    4.11370714400   -1.87430810800
  2026-05-15T01:28:00.000000       2148.351296624       4611.355990754      -4456.024023121   -7.12414139500    2.81054503300   -0.53065700100
  2026-05-15T01:31:59.999999        380.494518757       5107.806365449      -4417.269012302   -7.51689624300    1.30103926900    0.85154227600
  2026-05-15T01:35:59.999999      -1415.371433516       5228.184973250      -4052.339162022   -7.35615219200   -0.30411084500    2.17070590600
  2026-05-15T01:40:00.000000      -3107.008781846       4963.596502095      -3388.161778589   -6.65362349300   -1.88726436500    3.32986052400
  2026-05-15T01:44:00.000000      -4569.769202491       4333.388768140      -2473.694387519   -5.46054132500   -3.33211157100    4.24350896400
  2026-05-15T01:47:59.999999      -5695.735558011       3383.820407446      -1376.398615213   -3.86430794300   -4.53207810800    4.84390886600
  2026-05-15T01:51:59.999999      -6401.733752892       2184.758934593       -177.331051511   -1.98250500300   -5.39828136100    5.08629504000
  2026-05-15T01:56:00.000000      -6635.589072788        824.566087989       1034.853766336    0.04578443100   -5.86647467100    4.95251311400
  2026-05-15T02:00:00.000000      -6380.047307061       -596.445595353       2170.497953986    2.07045468400   -5.90196261300    4.45244186700
  2026-05-15T02:03:59.999999      -5654.070830472      -1973.480100890       3145.641390026    3.94178240500   -5.50233081500    3.62337265100
  2026-05-15T02:07:59.999999      -4511.340535804      -3205.059531681       3888.267282580    5.52198023900   -4.69738428600    2.52683734300
  2026-05-15T02:12:00.000000      -3036.175099730      -4200.481149118       4343.566768888    6.69500303700   -3.54649605400    1.24380470000
  2026-05-15T02:16:00.000000      -1337.301338247      -4886.413644526       4477.918032070    7.37471519700   -2.13420489600   -0.13119842200
  2026-05-15T02:19:59.999999        460.113530202      -5212.243409090       4281.327806441    7.51105454100   -0.56409977400   -1.49700614700
  2026-05-15T02:23:59.999999       2223.581434717      -5153.760965625       3768.163660283    7.09346245100    1.04864093000   -2.75296666500
  2026-05-15T02:28:00.000000       3822.952625342      -4714.995419081       2976.163122934    6.15188859500    2.58530569800   -3.80617267100
  2026-05-15T02:32:00.000000       5139.973331671      -3928.033463237       1963.747761023    4.75504167400    3.93219366100   -4.57823564500
  2026-05-15T02:35:59.999999       6077.116966967      -2850.790587966        805.794667600    3.00590296700    4.98918193600   -5.01133921100
  2026-05-15T02:39:59.999999       6564.958222996      -1562.794718551       -411.902895686    1.03422145600    5.67749620500   -5.07297961200
  2026-05-15T02:44:00.000000       6567.452006793       -159.261100202      -1599.075811610   -1.01341275200    5.94601843900   -4.75857954500
  2026-05-15T02:48:00.000000       6084.631260537       1256.054349992      -2667.763153476   -2.98486694500    5.77515424800   -4.09184506300
  2026-05-15T02:51:59.999999       5152.530753657       2578.644599191      -3538.921551558   -4.73421105100    5.17823856000   -3.12285326900
  2026-05-15T02:55:59.999999       3840.343335351       3711.039394012      -4148.290923401   -6.13278068900    4.20013289700   -1.92389442200
  2026-05-15T03:00:00.000000       2245.121084898       4569.959850506      -4451.071307268   -7.07841308700    2.91341802100   -0.58377319000
  2026-05-15T03:04:00.000000        484.542641434       5092.328990707      -4425.098565905   -7.50236032700    1.41282986200    0.79879840800
  2026-05-15T03:08:00.000000      -1311.711358461       5239.789193970      -4072.389139777   -7.37389544400   -0.19161132200    2.12224273700
  2026-05-15T03:11:59.999999      -3011.375716141       5001.456794358      -3418.967997072   -6.70236786600   -1.78231282700    3.28924090400
  2026-05-15T03:15:59.999999      -4489.223652419       4394.750121822      -2513.000996851   -5.53675969400   -3.24243283300    4.21373396300
  2026-05-15T03:20:00.000000      -5636.241827569       3464.195135875      -1421.317491960   -3.96244651600   -4.46430553900    4.82721967400
  2026-05-15T03:24:00.000000      -6367.713174787       2278.244630125       -224.546196101   -2.09532025800   -5.35747630500    5.08396359200
  2026-05-15T03:27:59.999999      -6629.579659806        924.283050994        988.829923429   -0.07338422600   -5.85568140000    4.96471543800
  2026-05-15T03:31:59.999999      -6402.519772259       -497.849006376       2129.072208804    1.95376814000   -5.92204670700    4.47832246600
  2026-05-15T03:36:00.000000      -5703.371408890      -1883.281265897       3111.880500702    3.83628847800   -5.55178584400    3.66095984100
  2026-05-15T03:40:00.000000      -4583.829270166      -3129.902626387       3864.657533363    5.43541583200   -4.77249134100    2.57332220500
  2026-05-15T03:43:59.999999      -3126.517400937      -4145.894205024       4331.848674042    6.63371456700   -3.64175741500    1.29580821900
  2026-05-15T03:47:59.999999      -1438.838193731      -4856.421006905       4478.960179473    7.34330401000   -2.24261446200   -0.07754019500
  2026-05-15T03:52:00.000000        354.876541950      -5209.046246860       4295.045148976    7.51182025600   -0.67760494700   -1.44569218900
  2026-05-15T03:56:00.000000       2122.407901854      -5177.580513050       3793.531135084    7.12634129200    0.93840827600   -2.70780364200
  2026-05-15T03:59:59.999999       3733.302389111      -4764.057814820       3011.292216640    6.21444982700    2.48648162400   -3.77049368100
  2026-05-15T04:03:59.999999       5068.459190348      -3998.699673513       2006.028579277    4.84267137100    3.85211135400   -4.55468780100
  2026-05-15T04:08:00.000000       6029.006081527      -2937.816956000        852.086817510    3.11207989200    4.93378414300   -5.00166849000
  2026-05-15T04:12:00.000000       6543.774457062      -1659.725912522       -365.033656758    1.15103955500    5.65085491200   -5.07786248700
  2026-05-15T04:15:59.999999       6574.717733799       -258.920806305      -1555.097512652   -0.89462480300    5.95004240000   -4.77763117600
  2026-05-15T04:19:59.999999       6119.761731717       1161.024718273      -2629.925038145   -2.87289046100    5.80946717000   -4.12364290800
  2026-05-15T04:24:00.000000       5212.885521015       2495.244548627      -3510.014105137   -4.63728191600    5.24023057400   -3.16501368100
  2026-05-15T04:28:00.000000       3921.432955034       3645.394195870      -4130.438315043   -6.05796792600    4.28517480300   -1.97328223800
  2026-05-15T04:31:59.999999       2340.950828186       4526.878704686      -4445.579023302   -7.03113384200    3.01524979700   -0.63675717100
  2026-05-15T04:35:59.999999        588.049180491       5074.965282992      -4432.367082111   -7.48606283500    1.52399378600    0.74610069500
  2026-05-15T04:40:00.000000      -1208.153392701       5249.414455981      -4091.880617422   -7.38977251500   -0.07925023900    2.07371210500
  2026-05-15T04:44:00.000000      -2915.398779975       5037.362477829      -3449.241980977   -6.74927196200   -1.67702857600    3.24848036400
  2026-05-15T04:47:59.999999      -4407.900180150       4454.290880971      -2551.815629849   -5.61120935200   -3.15196710100    4.18375430700
  2026-05-15T04:51:59.999999      -5575.564682049       3542.990841612      -1465.806278915   -4.05899737500   -4.39531168700    4.81021286100
  2026-05-15T04:56:00.000000      -6332.164449879       2370.492880677       -271.420896023   -2.20687225700   -5.31506499700    5.08121783400
  2026-05-15T05:00:00.000000      -6621.784442311       1023.184998795        943.039278436   -0.19167749600   -5.84298315600    4.97643462500
  2026-05-15T05:03:59.999999      -6423.054937161       -399.578602883       2087.752765226    1.83742420900   -5.93997062700    4.50363127000
  2026-05-15T05:07:59.999999      -5750.733712887      -1792.881862460       3078.091473532    3.73047302100   -5.59905776500    3.69801661500
  2026-05-15T05:12:00.000000      -4654.527101200      -3054.042329029       3840.901988403    5.34797189800   -4.84562196400    2.61934856500
  2026-05-15T05:16:00.000000      -3215.340582621      -4090.162402379       4319.877165119    6.57103546500   -3.73532698000    1.34737746400
  2026-05-15T05:19:59.999999      -1539.254266642      -4824.925300862       4479.658034825    7.30997372100   -2.34977477000   -0.02417079900
  2026-05-15T05:23:59.999999        250.261141902      -5204.122806839       4308.378079040    7.51039926700   -0.79050376100   -1.39443364500
  2026-05-15T05:28:00.000000       2021.318475523      -5199.602946857       3818.525061269    7.15696098000    0.82814967900   -2.66248834200
  2026-05-15T05:32:00.000000       3643.206166492      -4811.405730839       3046.105520139    6.27487252500    2.38700647900   -3.73449343800
  2026-05-15T05:35:59.999999       4996.017436080      -4067.879833404       2048.087141319    4.92845207800    3.77078431200   -4.53069059900
  2026-05-15T05:39:59.999999       5979.574907659      -3023.717838454        898.273696354    3.21686104900    4.87664359300   -4.99148466200
  2026-05-15T05:44:00.000000       6521.003053514      -1755.992367140       -318.145923070    1.26703675000    5.62215567100   -5.08223717800
  2026-05-15T05:48:00.000000       6580.273789920       -358.429653941      -1510.980955250   -0.77602627900    5.95188637300   -4.79620345200
  2026-05-15T05:51:59.999999       6153.214260667       1065.631450515      -2591.840628982   -2.76046369800    5.84169283200   -4.15501308100
  2026-05-15T05:55:59.999999       5271.739896808       2411.009419172      -3480.767277121   -4.53934317200    5.30040583600   -3.20683003700
  2026-05-15T06:00:00.000000       4001.318884557       3578.522266768      -4112.174507809   -5.98172033200    4.36878478600   -2.02241931900
  2026-05-15T06:04:00.000000       2435.960608497       4482.276804013      -4439.627141529   -6.98211732400    3.11607445100   -0.68959047700
  2026-05-15T06:08:00.000000        691.179969456       5055.895460602      -4439.154485268   -7.46780961400    1.63462812200    0.69342061800
  2026-05-15T06:11:59.999999      -1104.491457544       5257.268457429      -4110.907915431   -7.40363394500    0.03310117900    2.02502481300
  2026-05-15T06:15:59.999999      -2818.841467733       5071.560051048      -3479.108611660   -6.79425305300   -1.57120416900    3.20740301900
  2026-05-15T06:20:00.000000      -4325.566311737       4512.314656581      -2590.315713902   -5.68402923000   -3.06048284100    4.15334277600
  2026-05-15T06:24:00.000000      -5513.525028624       3620.556287807      -1510.088897133   -4.15423437900   -4.32495024200    4.79272331800
  2026-05-15T06:27:59.999999      -6294.984358160       2461.876894410       -318.215470864   -2.31752645500   -5.27098392600    5.07790795200
  2026-05-15T06:31:59.999999      -6612.204225550       1121.646192979        897.190769626   -0.30958738100   -5.82845748700    4.98758184400
  2026-05-15T06:36:00.000000      -6441.770058254       -301.306115926       2046.240434101    1.72100488600   -5.95605611400    4.52839368400
  2026-05-15T06:40:00.000000      -5796.346768388      -1702.041504535       3043.979264424    3.62411704100   -5.64450949100    3.73453403900
  2026-05-15T06:43:59.999999      -4723.669659384      -2977.319587939       3816.704790261    5.25946408100   -4.91709922800    2.66495048600
  2026-05-15T06:47:59.999999      -3302.911014034      -4033.208008453       4307.383319718    6.50692464500   -3.82755923200    1.39869176400
  2026-05-15T06:52:00.000000      -1638.798168663      -4791.929945768       4479.786715017    7.27491964400   -2.45597899800    0.02905188700
  2026-05-15T06:56:00.000000        146.070140592      -5197.523195963       4321.118914442    7.50696725800   -0.90291379400   -1.34319047500
  2026-05-15T06:59:59.999999       1920.157648125      -5219.904835169       3842.951136758    7.18551368800    0.71777378700   -2.61696514700
  2026-05-15T07:03:59.999999       3552.554629192      -4857.126789580       3080.424024185    6.33335610900    2.28687263300   -3.69809149000
  2026-05-15T07:08:00.000000       4922.584154523      -4135.651530265       2089.767297035    5.01257086600    3.68830897000   -4.50613715800
  2026-05-15T07:12:00.000000       5928.800815773      -3108.533993203        944.229338167    3.32038896400    4.81796746000   -4.98063063900
  2026-05-15T07:15:59.999999       6496.645346246      -1851.577478776       -271.322474443    1.38226435900    5.59164005900   -5.08589809800
  2026-05-15T07:19:59.999999       6584.125199560       -457.713640164      -1466.759016317   -0.65764597600    5.95177882000   -4.81409050600
  2026-05-15T07:24:00.000000       6184.973309585        969.989226426      -2553.491717836   -2.64771819600    5.87195325700   -4.18576522100
  2026-05-15T07:28:00.000000       5329.041564759       2326.067272884      -3451.121818550   -4.44054195800    5.35874991500   -3.24815022800
  2026-05-15T07:31:59.999999       4079.916881597       3510.539468460      -4093.413592608   -5.90414467800    4.45087827800   -2.07123046400
  2026-05-15T07:35:59.999999       2530.044084803       4436.251641640      -4433.119618336   -6.93144516400    3.21582575700   -0.74225543200
  2026-05-15T07:40:00.000000        793.806772800       5035.199185698      -4445.360106839   -7.44771213600    1.74464035300    0.64079483000
  2026-05-15T07:44:00.000000      -1000.874246427       5263.401412306      -4129.353925190   -7.41552469100    0.14529356900    1.97626834500
  2026-05-15T07:47:59.999999      -2721.855128253       5104.059754001      -3508.432436522   -6.83728529700   -1.46502337000    3.16607087700
  2026-05-15T07:51:59.999999      -4242.354957791       4568.785536089      -2628.353815487   -5.75508374700   -2.96814529300    4.12251822100
  2026-05-15T07:56:00.000000      -5450.223431094       3696.830734503      -1554.023446558   -4.24806523000   -4.25328356700    4.77472124600
  2026-05-15T08:00:00.000000      -6256.251109786       2552.322023561       -364.787971346   -2.42715726100   -5.22528731600    5.07405058000
  2026-05-15T08:03:59.999999      -6600.879040749       1219.587306776        851.425338123   -0.42694772900   -5.81206699800    4.99811910500
  2026-05-15T08:07:59.999999      -6458.676844371       -203.091533867       2004.663730355    1.60455812800   -5.97018985400    4.55254740000
  2026-05-15T08:12:00.000000      -5840.225706615      -1610.799826521       3009.662122301    3.51718648500   -5.68811709700    3.77049440600
  2026-05-15T08:16:00.000000      -4791.274841242      -2899.775636325       3792.174631638    5.16988697800   -4.98692707900    2.71004447200
  2026-05-15T08:19:59.999999      -3389.263936919      -3975.073362451       4294.448915848    6.44123139700   -3.91848469300    1.44964398800
  2026-05-15T08:23:59.999999      -1737.542316666      -4757.494915659       4479.413360182    7.23799970400   -2.56132475400    0.08212201800
  2026-05-15T08:28:00.000000         42.210025715      -5189.333932311       4333.343861113    7.50151751200   -1.01494617000   -1.29192429600
  2026-05-15T08:32:00.000000       1818.831797044      -5238.587982698       3866.882470800    7.21195825500    0.60724356800   -2.57127449300
  2026-05-15T08:35:59.999999       3461.242393627      -4901.341909139       3114.311769660    6.38985983800    2.18595861400   -3.66132982100
  2026-05-15T08:39:59.999999       4848.052719278      -4202.169209118       2131.123561792    5.09505001300    3.60453662000   -4.48105568900
  2026-05-15T08:44:00.000000       5876.591934480      -3192.459858972        990.003762799    3.42277985500    4.75758339500   -4.96913379300
  2026-05-15T08:48:00.000000       6470.649812351      -1946.716292831       -224.519648396    1.49695302600    5.55917366400   -5.08888085300
  2026-05-15T08:51:59.999999       6586.282530136       -557.028284402      -1422.398489884   -0.53918923900    5.94964844500   -4.83132081000
  2026-05-15T08:55:59.999999       6215.134420029        873.840905819      -2514.857476697   -2.53426712000    5.90031060400   -4.21595719400
  2026-05-15T09:00:00.000000       5384.981025088       2240.193501396      -3421.071081290   -4.34050762400    5.41547583900   -3.28903647100
  2026-05-15T09:04:00.000000       4157.505739833       3441.279112444      -4074.160319485   -5.82488227700    4.53174313800   -2.11977270000
  2026-05-15T09:08:00.000000       2623.559247413       4388.712284883      -4426.082144013   -6.87880294700    3.31483915200   -0.79487465000
  2026-05-15T09:11:59.999999        896.355005920       5012.879508900      -4451.052048823   -7.42554277900    1.85449081500    0.58799333200
  2026-05-15T09:15:59.999999       -896.846521991       5267.938664477      -4147.347491910   -7.42543036400    0.25786187800    1.92718961400
  2026-05-15T09:20:00.000000      -2623.998929301       5135.109277113      -3537.396692020   -6.87850043700   -1.35801354400    3.12428611200
  2026-05-15T09:24:00.000000      -4157.871480358       4624.058438581      -2666.156775748   -5.82462456000   -2.87454229500    4.09110533600
  2026-05-15T09:27:59.999999      -5385.339905629       3772.254058661      -1597.875071358   -4.34084513200   -4.18001690600    4.75605244800
  2026-05-15T09:31:59.999999      -6215.748874340       2642.323976376       -411.438653305   -2.53627880100   -5.17782589400    5.06954008100
  2026-05-15T09:36:00.000000      -6587.721040270       1317.513553565        805.430720488   -0.54428060900   -5.79389630500    5.00805845100
  2026-05-15T09:40:00.000000      -6473.799565825       -104.470952190       1962.721878062    1.48767450200   -5.98259533200    4.57616297400
  2026-05-15T09:43:59.999999      -5882.484292773      -1518.752530550       2974.861986826    3.40933064500   -5.73015015900    3.80602600100
  2026-05-15T09:47:59.999999      -4857.530482033      -2821.081721425       3767.076565406    5.07900088100   -5.05547951100    2.75485616900
  2026-05-15T09:52:00.000000      -3474.614467820      -3915.523322618       4280.891756881    6.37397066200   -4.00847642300    1.50041258400
  2026-05-15T09:56:00.000000      -1835.693094635      -4721.466941301       4478.388036618    7.19924066000   -2.66614992200    0.13515427400
  2026-05-15T09:59:59.999999        -61.510048923      -5179.484807198       4344.931819943    7.49416037700   -1.12692407700   -1.24050103600
  2026-05-15T10:03:59.999999       1717.193088411      -5255.649196007       3890.235906711    7.23655790700    0.49634419700   -2.52526240900
  2026-05-15T10:08:00.000000       3369.186882293      -4944.072268271       3147.711083472    6.44463698900    2.08426858600   -3.62415218900
  2026-05-15T10:12:00.000000       4772.386476493      -4267.444230719       2172.100302602    5.17601770100    3.51951086900   -4.45547962300
  2026-05-15T10:15:59.999999       5822.928339049      -3275.494573684       1035.524178200    3.52403394800    4.69553473300   -4.95707970100
  2026-05-15T10:19:59.999999       6442.988742852      -2041.401725915       -177.830706762    1.61104325500    5.52475378700   -5.09126791000
  2026-05-15T10:24:00.000000       6586.702471165       -656.376671393      -1378.009471325   -0.42073107500    5.94546058300   -4.84798272800
  2026-05-15T10:28:00.000000       6243.628663296        777.170874662      -2476.066367730   -2.42022450000    5.92667488000   -4.24564919900
  2026-05-15T10:31:59.999999       5439.463868377       2153.344517188      -3390.758760994   -4.23932174300    5.47043625800   -3.32955750500
  2026-05-15T10:35:59.999999       4233.971184420       3370.664071559      -4054.578468595   -5.74401818000    4.61123279400   -2.16811462400
  2026-05-15T10:40:00.000000       2716.380490479       4339.547753790      -4418.685998631   -6.82421015200    3.41299953600   -0.84745400500
  2026-05-15T10:44:00.000000        998.699900204       4988.800975044      -4456.397208551   -7.40126636200    1.96408161500    0.53505664300
  2026-05-15T10:47:59.999999       -792.516488756       5270.729559073      -4165.046064229   -7.43326228800    0.37079775900    1.87781906800
  2026-05-15T10:51:59.999999      -2525.367172157       5164.570151534      -3566.145730930   -6.91785863000   -1.25008252200    3.08214225600
  2026-05-15T10:56:00.000000      -4072.197018315       4678.019257964      -2703.838610168   -5.89258227600   -2.77955952900    4.05926227200
  2026-05-15T11:00:00.000000      -5318.933282604       3846.746110271      -1641.719784121   -4.43247085200   -4.10497238100    4.73686903000
  2026-05-15T11:03:59.999999      -6173.512051606       2731.856595349       -458.206695525   -2.64480257000   -5.12831787800    5.06451927900
  2026-05-15T11:07:59.999999      -6572.755735543       1415.472603613        759.205364651   -0.66159706200   -5.77362511600    5.01757032300
  2026-05-15T11:12:00.000000      -6487.175013912         -5.325429716       1920.457358674    1.37028768000   -5.99303220100    4.59944506500
  2026-05-15T11:16:00.000000      -5923.167524791      -1425.735070811       2939.670542095    3.30055853800   -5.77044706400    3.84131077200
  2026-05-15T11:19:59.999999      -4922.478699149      -2741.035490651       3741.537571589    4.98680186100   -5.12259878500    2.79950777500
  2026-05-15T11:23:59.999999      -3559.012288613      -3854.326578313       4266.868055202    6.30509048500   -4.09746926800    1.55112693100
  2026-05-15T11:28:00.000000      -1933.299777893      -4683.610046640       4476.891256745    7.15871832800   -2.77044898300    0.18818438400
  2026-05-15T11:32:00.000000       -165.125929022      -5167.737322335       4356.051880370    7.48490828000   -1.23887265700   -1.18902819000
  2026-05-15T11:35:59.999999       1615.204713237      -5270.871043551       3913.146053387    7.25929486400    0.38494245700   -2.47908841000
  2026-05-15T11:39:59.999999       3276.353248953      -4985.138866470       3180.722379978    6.49773181500    1.98163047600   -3.58667729700
  2026-05-15T11:44:00.000000       4695.571136539      -4331.323534429       2212.773591293    5.25558348100    3.43322532200   -4.42950721500
  2026-05-15T11:48:00.000000       5767.813025981      -3357.465207863       1080.847010217    3.62417956200    4.63199836100   -4.94455295300
  2026-05-15T11:51:59.999999       6413.647770528      -2135.401839537       -131.220875496    1.72434345900    5.48865063500   -5.09312891100
  2026-05-15T11:55:59.999999       6585.301245044       -755.466413786      -1333.570644267   -0.30264190600    5.93941627700   -4.86410808400
  2026-05-15T12:00:00.000000       6270.270052384        680.304466773      -2437.098309625   -2.30607454400    5.95113236200   -4.27482396400
  2026-05-15T12:04:00.000000       5492.180086549       2065.848255840      -3360.147382802   -4.13753021800    5.52358605000   -3.36959156600
  2026-05-15T12:08:00.000000       4308.867579150       3298.992734697      -4034.587412305   -5.66211594900    4.68912721100   -2.21602719100
  2026-05-15T12:11:59.999999       2807.928706530       4288.977554124      -4410.787744732   -6.76819615000    3.50986105000   -0.89969096600
  2026-05-15T12:15:59.999999       1100.154171898       4963.052643470      -4461.170310916   -7.37523694400    2.07279284600    0.48235371300
  2026-05-15T12:20:00.000000       -688.628009009       5271.698497447      -4182.133993763   -7.43914001700    0.48334955500    1.82853600100
  2026-05-15T12:24:00.000000      -2426.699067691       5192.179292929      -3594.282383359   -6.95520734000   -1.14200663600    3.03992251900
  2026-05-15T12:27:59.999999      -3986.014735224       4730.224714975      -2740.940372523   -5.95862815600   -2.68393806000    4.02723613200
  2026-05-15T12:31:59.999999      -5251.572518580       3919.690794425      -1685.044156005   -4.52230616500   -4.02882494900    4.71734639300
  2026-05-15T12:36:00.000000      -6129.928829634       2820.165552942       -504.566653091   -2.75191059200   -5.07723306600    5.05891633800
  2026-05-15T12:40:00.000000      -6556.172603317       1512.628744572        713.230866518   -0.77808202700   -5.75144292900    5.02636109500
  2026-05-15T12:43:59.999999      -6498.812438304         93.498728674       1878.265247506    1.25306374400   -6.00140054400    4.62197460600
  2026-05-15T12:47:59.999999      -5962.156607744      -1332.545011626       2904.375158320    3.19126923100   -5.80873279900    3.87589846300
  2026-05-15T12:52:00.000000      -4985.926754575      -2660.357111860       3715.740813237    4.89352739900   -5.18792083500    2.84358000400
  2026-05-15T12:56:00.000000      -3642.229039305      -3792.101121173       4252.467359061    6.23462656600   -4.18496938300    1.60143982200
  2026-05-15T12:59:59.999999      -2030.157085594      -4644.420158536       4474.950730830    7.11621664500   -2.87373725800    0.24106875000
  2026-05-15T13:03:59.999999       -268.488851611      -5154.482629654       4366.723892791    7.47353689200   -1.35037463100   -1.13745955200
  2026-05-15T13:08:00.000000       1512.956010565      -5284.545330612       3935.653471918    7.27990260800    0.27341345800   -2.43264101500
  2026-05-15T13:12:00.000000       3182.765115503      -5024.762268104       3213.414134256    6.54885699500    1.87825420100   -3.54877534100
  2026-05-15T13:15:59.999999       4617.569655685      -4394.003586887       2253.250071810    5.33355004800    3.34566168800   -4.40293929200
  2026-05-15T13:19:59.999999       5711.192942714      -3438.596811826       1126.130456469    3.72329456600    4.56676948300   -4.93132420100
  2026-05-15T13:24:00.000000       6382.633657773      -2229.001780919        -84.474473269    1.83728815000    5.45063596200   -5.09425235300
  2026-05-15T13:28:00.000000       6582.221705676       -854.614910062      -1288.821111072   -0.18425186400    5.93148279600   -4.87952001100
  2026-05-15T13:31:59.999999       6295.374617047        582.946645774      -2397.659119938   -2.19106857900    5.97388320200   -4.30338025900
  2026-05-15T13:35:59.999999       5543.618231461       1977.476790190      -3328.934453373   -4.03444325700    5.57524337100   -3.40916549300
  2026-05-15T13:40:00.000000       4382.850022146       3226.122495076      -4013.910005470   -5.57848695200    4.76585357400   -2.26370964500
  2026-05-15T13:44:00.000000       2899.012290388       4236.984505034      -4402.180352914   -6.71020625400    3.60603027700   -0.95196187700
  2026-05-15T13:47:59.999999       1201.629573195       4935.771823562      -4465.271887739   -7.34715089100    2.18128375800    0.42936961800
  2026-05-15T13:51:59.999999       -584.229334455       5271.143394252      -4198.646466967   -7.44302665300    0.59620015300    1.77874277100
  2026-05-15T13:56:00.000000      -2327.066987519       5218.401031755      -3621.988100800   -6.99079992600   -1.03309953900    2.99702015200
  2026-05-15T14:00:00.000000      -3898.491011265       4781.299129955      -2777.792542103   -6.02332036900   -2.58702677100    3.99439168000
  2026-05-15T14:03:59.999999      -5182.609960053       3991.852803263      -1728.316802204   -4.61131752800   -3.95109864000    4.69701819500
  2026-05-15T14:07:59.999999      -6084.598480197       2908.091879012       -551.058803707   -2.85861975400   -5.02438801400    5.05257500800
  2026-05-15T14:12:00.000000      -6537.808590512       1609.850742540        666.952047427   -0.89472086000   -5.72730979000    5.03448609800
  2026-05-15T14:16:00.000000      -6508.778082218        192.859598389       1835.629925197    1.13509327700   -6.00782630700    4.64402333200
  2026-05-15T14:19:59.999999      -5999.718843770      -1238.370755519       2868.547925521    3.08068833400   -5.84525870100    3.91022070500
  2026-05-15T14:23:59.999999      -5048.320944960      -2578.315897469       3689.375777897    4.79846160000   -5.25189628000    2.88762551700
  2026-05-15T14:28:00.000000      -3724.856327834      -3728.256337397       4237.518202642    6.16212580600   -4.27168440000    1.65193060700
  2026-05-15T14:32:00.000000      -2126.927914062      -4603.486937594       4472.523069017    7.07157085900   -2.97677608900    0.29429036800
  2026-05-15T14:35:59.999999       -372.282333454      -5139.494071327       4377.011982967    7.46002719100   -1.46221805300   -1.08536462100
  2026-05-15T14:39:59.999999       1409.788186639      -5296.639390324       3957.923947134    7.29861488900    0.16096503700   -2.38550518400
  2026-05-15T14:44:00.000000       3087.847501100      -5063.083118355       3246.045523470    6.59847920400    1.77350177300   -3.51011557800
  2026-05-15T14:48:00.000000       4537.928392907      -4455.756891383       2293.844269516    5.41044967800    3.25635943000   -4.37566291400
  2026-05-15T14:51:59.999999       5652.734469528      -3519.252496771       1171.689429406    3.82182374700    4.49952678400   -4.91748422900
  2026-05-15T14:55:59.999999       6349.704643177      -2322.627370512        -37.324061896    1.95018002800    5.41048540200   -5.09492369700
  2026-05-15T15:00:00.000000       6577.275255667       -954.300758999      -1243.580717619   -0.06541752100    5.92144537500   -4.89466250400
  2026-05-15T15:04:00.000000       6318.778741368        484.559306449      -2357.685307883   -2.07511694800    5.99467699200   -4.33185703200
  2026-05-15T15:08:00.000000       5593.640165531       1887.651427667      -3297.190898555   -3.92996457700    5.62535573600   -3.44883185200
  2026-05-15T15:11:59.999999       4455.780906871       3151.488554839      -3992.734961652   -5.49324344000    4.84152986600   -2.31155214000
  2026-05-15T15:15:59.999999       2989.455101892       4183.027814364      -4393.115626345   -6.65039927800    3.70159766800   -1.00442145500
  2026-05-15T15:20:00.000000       1302.917341994       4906.448837079      -4468.970494829   -7.31715425900    2.28973065800    0.37613034300
  2026-05-15T15:24:00.000000       -479.563296519       5268.596599607      -4214.818796066   -7.44502685500    0.70950675100    1.72867359100
  2026-05-15T15:27:59.999999      -2226.727136502       5242.799267810      -3649.425935277   -7.02463373300   -0.92324924500    2.95379298900
  2026-05-15T15:31:59.999999      -3809.865332925       4830.830390223      -2814.455089585   -6.08649163000   -2.48873246300    3.96122349800
  2026-05-15T15:36:00.000000      -5112.217352532       4062.853127637      -1771.482236521   -4.69915553900   -3.87158871600    4.67633355800
  2026-05-15T15:40:00.000000      -6037.617062682       2995.316962664       -597.526030018   -2.96465942900   -4.96953123900    5.04591196300
  2026-05-15T15:43:59.999999      -6517.683014161       1706.856793374        620.626133061   -1.01108263300   -5.70115255800    5.04231106800
  2026-05-15T15:47:59.999999      -6516.962705772        292.494479288       1792.870658371    1.01698151400   -6.01219942400    4.66574034500
  2026-05-15T15:52:00.000000      -6035.593353477      -1143.438064631       2832.519657854    2.96947846800   -5.87983638300    3.94425078800
  2026-05-15T15:56:00.000000      -5109.228791995      -2495.073207068       3662.748731039    4.70233923000   -5.31411989800    2.93144045300
  2026-05-15T15:59:59.999999      -3806.310805746      -3662.829968483       4222.263630666    6.08808530400   -4.35703371700    1.70231146200
  2026-05-15T16:03:59.999999      -2222.930597970      -4560.712121996       4469.780171271    7.02513624500   -3.07901619400    0.34751392600
  2026-05-15T16:08:00.000000       -475.753595415      -5122.535888023       4386.986986450    7.44460500300   -1.57378737500   -1.03325776200
  2026-05-15T16:12:00.000000       1306.473935878      -5306.762091170       3979.888054013    7.31534215300    0.04824743100   -2.33831522500
  2026-05-15T16:15:59.999999       2992.315131565      -5099.563543031       3278.391699357    6.64620715900    1.66793561900   -3.47132661900
  2026-05-15T16:19:59.999999       4457.245703593      -4515.922682265       2334.192951798    5.48570692400    3.16578575100   -4.34819042300
  2026-05-15T16:24:00.000000       5592.877425033      -3598.668240455       1217.058407299    3.91903669100    4.43068768300   -4.90339022500
  2026-05-15T16:28:00.000000       6315.103743610      -2415.425770010          9.704246886    2.06211702900    5.36849113500   -5.09527200800
  2026-05-15T16:31:59.999999       6570.482038211      -1053.624222543      -1198.376755985    0.05293462200    5.90939738300   -4.90941605200
  2026-05-15T16:35:59.999999       6340.282285303        386.049461273      -2317.649633580   -1.95913586500    6.01346294100   -4.35990213600
  2026-05-15T16:40:00.000000       5641.828787405       1797.228532167      -3265.277984602   -3.82494796900    5.67353154000   -3.48805024900
  2026-05-15T16:44:00.000000       4527.073336095       3075.813203142      -3971.289790325   -5.40691453300    4.91548661000   -2.35902382000
  2026-05-15T16:47:59.999999       3078.569929291       4127.665378198      -4383.705237004   -6.58912229900    3.79585222400   -1.05660344100
  2026-05-15T16:51:59.999999       1403.269682140       4875.452711013      -4472.260064550   -7.28534459500    2.39727800400    0.32312574800
  2026-05-15T16:56:00.000000       -375.363466712       5264.226658611      -4230.543329291   -7.44498020300    0.82247891000    1.67869101400
  2026-05-15T17:00:00.000000      -2126.353203552       5265.360148923      -3676.410822814   -7.05635802100   -0.81318664800    2.91051616300
  2026-05-15T17:03:59.999999      -3720.706523375       4878.643967542      -2850.698044359   -6.14765249800   -2.38965143300    3.92782600300
  2026-05-15T17:07:59.999999      -5040.841030260       4132.385423563      -1814.298108649   -4.78526540600   -3.79080961900    4.65530167600
  2026-05-15T17:12:00.000000      -5989.276835410       3081.426080393       -643.741230642   -3.06932573600   -4.91301755200    5.03878509600
  2026-05-15T17:16:00.000000      -6495.930252002       1803.182494123        574.431537966   -1.12660258000   -5.67305828500    5.04960979500
  2026-05-15T17:19:59.999999      -6523.385958584        391.921999069       1750.114486493    0.89916477900   -6.01459514700    4.68690511200
  2026-05-15T17:23:59.999999      -6069.698876885      -1048.241809433       2796.354625967    2.85802319700   -5.91248314600    3.97767981400
  2026-05-15T17:28:00.000000      -5168.493477904      -2411.119873227       3635.841332501    4.60542090200   -5.37458272200    2.97468875700
  2026-05-15T17:32:00.000000      -3886.364951525      -3596.298161623       4206.602541013    6.01281127000   -4.44085255800    1.75219270200
  2026-05-15T17:35:59.999999      -2317.888391391      -4516.504064023       4466.527391208    6.97698433400   -3.18009267300    0.40041062800
  2026-05-15T17:39:59.999999       -578.625831386      -5103.927987507       4396.403690587    7.42723636100   -1.68472207200   -0.98124327600
  2026-05-15T17:44:00.000000       1203.282333383      -5315.142387707       4001.288610022    7.33005759100   -0.06432255700   -2.29108693700
  2026-05-15T17:48:00.000000       2896.418110550      -5134.327099321       3310.200514860    6.69191810900    1.56200093900   -3.43235855800
  2026-05-15T17:51:59.999999       4375.730787774      -4574.525100117       2374.065790455    5.55910687200    3.07429423300   -4.32037604700
  2026-05-15T17:55:59.999999       5531.780749322      -3676.800171509       1262.049124423    4.01473536000    4.36045913800   -4.88882652100
  2026-05-15T18:00:00.000000       6278.955236155      -2507.317855195         56.481044292    2.17302394800    5.32477022200   -5.09504742000
  2026-05-15T18:04:00.000000       6561.958311725      -1152.482339903      -1153.279333283    0.17079643100    5.89542983300   -4.92354926000
  2026-05-15T18:08:00.000000       6360.005897669        287.532357161      -2277.571118774   -1.84306313800    6.03024194000   -4.38732655400
  2026-05-15T18:11:59.999999       5688.332481015       1706.323355400      -3233.181238955   -3.71923802700    5.71978733200   -3.52672383500
  2026-05-15T18:15:59.999999       4596.912622840       2999.221879294      -3949.542747602   -5.31935946600    4.98776767000   -2.40605819000
  2026-05-15T18:20:00.000000       3166.586920360       4071.025210248      -4373.905748527   -6.52612934500    3.88880588100   -1.10851981600
  2026-05-15T18:24:00.000000       1502.972872861       4842.931162943      -4475.126730984   -7.25155393900    2.50406303300    0.27015008100
  2026-05-15T18:27:59.999999       -271.323386819       5258.210320196      -4245.854995937   -7.44283560500    0.93520927200    1.62859877900
  2026-05-15T18:31:59.999999      -2025.630918169       5286.289882141      -3703.029877586   -7.08599258200   -0.70274593200    2.86695666500
  2026-05-15T18:36:00.000000      -3630.720257997       4924.984834036      -2886.661084555   -6.20693900700   -2.28964754000    3.89400372200
  2026-05-15T18:40:00.000000      -4968.228212332       4200.725422727      -1856.949978682   -4.86985977400   -3.70862403400    4.63373343300
  2026-05-15T18:43:59.999999      -5939.396725280       3166.727403948       -689.926077966   -3.17299115600   -4.85474509000    5.03110236500
  2026-05-15T18:47:59.999999      -6472.456789564       1899.147488401        528.136245856   -1.24162872800   -5.64301349900    5.05637124300
  2026-05-15T18:52:00.000000      -6528.038162652        491.468863450       1707.132149735    0.78125630200   -6.01498099200    4.70758298800
  2026-05-15T18:56:00.000000      -6102.120964228       -952.460821534       2759.861347184    2.74595654900   -5.94327146400    4.01072955700
  2026-05-15T18:59:59.999999      -5226.277696645      -2326.166332849       3608.525295380    4.50743999800   -5.43345679300    3.01764528500
  2026-05-15T19:03:59.999999      -3965.240990855      -3528.424526494       4190.474562828    5.93610831900   -4.52342676900    1.80189583800
  2026-05-15T19:08:00.000000      -2412.040309462      -4470.697817295       4462.773831154    6.92716662000   -3.28028227500    0.45318931200
  2026-05-15T19:12:00.000000       -681.125326072      -5083.560944115       4405.304001140    7.40792369700   -1.79523293800   -0.92921390300
  2026-05-15T19:15:59.999999       1099.986410960      -5321.732456538       4022.202604554    7.34279315800   -0.17705584100   -2.24362933700
  2026-05-15T19:19:59.999999       2799.959853175      -5167.398359764       3341.593509563    6.73581086100    1.45543378900   -3.39304108100
  2026-05-15T19:24:00.000000       4293.239666263      -4631.636114440       2413.617595217    5.63088960300    2.98176893100   -4.29212988100
  2026-05-15T19:28:00.000000       5469.353989836      -3753.735583482       1306.830858127    4.10911614300    4.28880422100   -4.87376231700
  2026-05-15T19:31:59.999999       6241.207216972      -2598.396200618        103.171557849    2.28301725500    5.27929680700   -5.09430049500
  2026-05-15T19:35:59.999999       6551.674652923      -1250.974579952      -1108.144321266    0.28824425600    5.87951022100   -4.93718456800
  2026-05-15T19:40:00.000000       6377.930955423        188.904804562      -2237.341291520   -1.72690024600    6.04503270100   -4.41430173100
  2026-05-15T19:44:00.000000       5733.119457616       1614.839616831      -3200.829863369   -3.61293554400    5.76415092300   -3.56498826200
  2026-05-15T19:47:59.999999       4665.235808179       2921.623216283      -3927.451357996   -5.23073094500    5.05838615600   -2.45275802400
  2026-05-15T19:51:59.999999       3253.395389068       4013.019027691      -4363.693038528   -6.46166331800    3.98044871800   -1.16019702900
  2026-05-15T19:56:00.000000       1601.863442527       4808.778893255      -4477.535197392   -7.21595046800    2.60997623400    0.21729917100
  2026-05-15T20:00:00.000000       -167.635356610       5250.419314855      -4260.700765354   -7.43871508200    1.04761480000    1.57844571100
  2026-05-15T20:03:59.999999      -1924.788522792       5305.425835960      -3729.212153389   -7.11366208600   -0.59215001900    2.82323152800
  2026-05-15T20:07:59.999999      -3540.145896506       4969.630788346      -2922.237197243   -6.26431551000   -2.18896936500    3.85992952800
  2026-05-15T20:12:00.000000      -4894.589651948       4267.592565813      -1899.287506550   -4.95274862200   -3.62527367600    4.61180971500
  2026-05-15T20:16:00.000000      -5888.121831708       3250.886516202       -735.895533282   -3.27531518500   -4.79489410700    5.02295112300
  2026-05-15T20:19:59.999999      -6447.326928920       1994.385112348        481.936431489   -1.35582066800   -5.61111400100    5.06260846000
  2026-05-15T20:23:59.999999      -6530.896455099        590.750638983       1664.118365221    0.66366607800   -6.01338664300    4.72772722700
  2026-05-15T20:28:00.000000      -6132.739030800       -856.463194335       2723.209500525    2.63364823700   -5.97205949500    4.04327155800
  2026-05-15T20:32:00.000000      -5282.381668442      -2240.530771936       3580.937525278    4.40867806300   -5.49048473300    3.06016504500
  2026-05-15T20:35:59.999999      -4042.682396087      -3459.462174763       4173.982452978    5.85816572100   -4.60446771300    1.85126358500
  2026-05-15T20:39:59.999999      -2505.101673726      -4423.478437374       4458.587001591    6.87573780100   -3.37932526000    0.50574032200
  2026-05-15T20:44:00.000000       -782.950779252      -5061.555877761       4413.726306721    7.38676530700   -1.90501378700   -0.87733733700
  2026-05-15T20:48:00.000000        996.890763231      -5326.566532837       4042.613163924    7.35344731100   -0.28957098700   -2.19621960000
  2026-05-15T20:51:59.999999       2703.194561974      -5198.736987092       3372.493484428    6.77759601200    1.34844722100   -3.35357466000
  2026-05-15T20:55:59.999999       4209.962684586      -4687.184336134       2452.734492790    5.70081527600    2.88827850900   -4.26356152200
  2026-05-15T21:00:00.000000       5405.735310365      -3829.392261847       1351.270625965    4.20198549200    4.21577044500   -4.85825292600
  2026-05-15T21:04:00.000000       6201.952963382      -2688.566405684        149.640244254    2.39191912200    5.23214196100   -5.09301276700
  2026-05-15T21:08:00.000000       6539.678201781      -1348.985967756      -1063.093073626    0.40507374300    5.86172140000   -4.95019791900
  2026-05-15T21:11:59.999999       6394.061137523         90.301326651      -2197.039593700   -1.61080447600    6.05791811000   -4.44061843700
  2026-05-15T21:15:59.999999       5776.157324904       1522.931211987      -3168.249967820   -3.50618943400    5.80669471500   -3.60261245000
  2026-05-15T21:20:00.000000       4731.977239957       2843.182302761      -3904.983856773   -5.14116680700    5.12737335300   -2.49888144000
  2026-05-15T21:24:00.000000       3338.898181287       3953.813184474      -4352.977940389   -6.39583559300    4.07075411200   -1.21140067500
  2026-05-15T21:27:59.999999       1699.816584960       4773.150636455      -4479.342697153   -7.17866021900    2.71493413900    0.16479270100
  2026-05-15T21:31:59.999999        -64.450143891       5240.973396603      -4274.879410495   -7.43266847500    1.15949730100    1.52849542100
  2026-05-15T21:36:00.000000      -1823.966937731       5322.842780488      -3754.702826538   -7.13929611800   -0.48155544900    2.77949388100
  2026-05-15T21:40:00.000000      -3449.116908285       5012.615218190      -2957.150104396   -6.31977732500   -2.08782542600    3.82563982700
  2026-05-15T21:43:59.999999      -4820.057219033       4332.957329077      -1941.031273477   -5.03388649200   -3.54106038100    4.58952615300
  2026-05-15T21:47:59.999999      -5835.559501138       3333.800916551       -781.377470012   -3.37613955700   -4.73376114600    5.01426932000
  2026-05-15T21:52:00.000000      -6420.598924050       2088.732570781        436.075497642   -1.46895663300   -5.57757256300    5.06815862800
  2026-05-15T21:56:00.000000      -6531.970045312        689.564311393       1621.267998986    0.54655949200   -6.00993787300    4.74711000400
  2026-05-15T21:59:59.999999      -6161.526056733       -760.479833770       2686.536986695    2.52123622800   -5.99894217500    4.07504725100
  2026-05-15T22:03:59.999999      -5336.748776252      -2154.458774984       3553.151235379    4.30924044100   -5.54567922800    3.10198301000
  2026-05-15T22:08:00.000000      -4118.615528176      -3389.643856498       4157.133837963    5.77898836400   -4.68389310600    1.90003785000
  2026-05-15T22:12:00.000000      -2597.004506993      -4375.063292174       4453.927355670    6.82265899700   -3.47714789200    0.55789958700
  2026-05-15T22:15:59.999999       -884.050709079      -5038.115276049       4421.603118822    7.36365950200   -2.01403118400   -0.82566226100
  2026-05-15T22:19:59.999999        894.036595331      -5329.839129735       4062.455655526    7.36203772800   -0.40178924900   -2.14879519600
  2026-05-15T22:24:00.000000       2606.169285151      -5228.497783656       3402.852043789    6.81728632600    1.24129922600   -3.31391685000
  2026-05-15T22:28:00.000000       4125.929954778      -4741.256990840       2491.380545111    5.76874612900    2.79407878800   -4.23458548100
  2026-05-15T22:31:59.999999       5340.922941401      -3903.804144180       1395.359210774    4.29322933700    4.14154520200   -4.84216788100
  2026-05-15T22:35:59.999999       6161.170398937      -2777.818320080        195.907957970    2.49966297500    5.18347836100   -5.09105152600
  2026-05-15T22:40:00.000000       6525.939819586      -1446.468031891      -1018.070869970    0.52129321900    5.84222805700   -4.96247349000
  2026-05-15T22:44:00.000000       6408.368769731         -8.193588389      -2156.588743966   -1.49476267800    6.06901173200   -4.46619605400
  2026-05-15T22:47:59.999999       5817.429425724       1430.704423518      -3135.352195123   -3.39891822300    5.84750050700   -3.63957734800
  2026-05-15T22:51:59.999999       4797.138682608       2764.029235511      -3882.052975217   -5.05059642600    5.19483053500   -2.54445016200
  2026-05-15T22:56:00.000000       3423.114099934       3893.558749467      -4341.679991580   -6.32858583300    4.15980339400   -1.26217443100
  2026-05-15T23:00:00.000000       1796.866322135       4736.213763048      -4480.484136371   -7.13961194900    2.81899617800    0.11254188000
  2026-05-15T23:03:59.999999         38.281100549       5230.056100280      -4288.355485035   -7.42465393700    1.27092686800    1.47858798600
  2026-05-15T23:07:59.999999      -1723.116568428       5338.736618859      -3779.507332654   -7.16289470100   -0.37093393400    2.73558013300
  2026-05-15T23:12:00.000000      -3357.573809923       5054.145332044      -2991.446392758   -6.37326323000   -1.98612643000    3.79094300600
  2026-05-15T23:16:00.000000      -4744.569398516       4397.068362758      -1982.287358276   -5.11338972700   -3.45575651500    4.56658405900
  2026-05-15T23:19:59.999999      -5781.709247979       3415.764860734       -826.544625049   -3.47581068200   -4.67121818200    5.00482163100
  2026-05-15T23:23:59.999999      -6392.357372181       2182.499654508        390.338496264   -1.58137770600   -5.54235022700    5.07288552600
  2026-05-15T23:28:00.000000      -6531.424908217        788.230247470       1578.340611661    0.42958694700   -6.00459652000    4.76565774500
  2026-05-15T23:32:00.000000      -6188.741733178       -664.186518206       2649.597622307    2.40830932400   -6.02393998200    4.10609602800
  2026-05-15T23:35:59.999999      -5389.738089756      -2067.646244331       3524.944267871    4.20871510600   -5.59919489500    3.14324847900
  2026-05-15T23:39:59.999999      -4193.489210801      -3318.722285610       4139.757602789    5.69827593700   -4.76198808700    1.94847009100
  2026-05-15T23:44:00.000000      -2688.259402221      -4325.275825821       4448.681462048    6.76770614900   -3.57408557600    0.60993754900
  2026-05-15T23:48:00.000000       -984.972855740      -5013.151485102       4428.899867765    7.33856915500   -2.12267824000   -0.77383210900
  2026-05-15T23:51:59.999999        790.888534326      -5331.558640450       4081.776375641    7.36867829200   -0.51412524400   -2.10104520600
  2026-05-15T23:55:59.999999       2508.398584976      -5256.797781649       3432.787224146    6.85519999100    1.13349808000   -3.27376603600
  2026-05-16T00:00:00.000000       4040.758588486      -4794.080197906       2529.732867052    5.83517819000    2.69879477300   -4.20502804200
  2026-05-16T00:04:00.000000       5274.650222861      -3977.274752344       1439.308672951    4.38332893100    4.06584109200   -4.82537945100
  2026-05-16T00:08:00.000000       6118.717723578      -2866.525229506        242.212195582    2.60682643200    5.13302033900   -5.08835152600
  2026-05-16T00:11:59.999999       6510.459967568      -1543.851041426       -972.844103385    0.63748799500    5.82083236900   -4.97408494900
  2026-05-16T00:15:59.999999       6421.000257906       -107.046780596      -2115.787069782   -1.37815777800    6.07822999100   -4.49123132500
  2026-05-16T00:20:00.000000       5857.226974907       1337.688141202      -3101.990554653   -3.29054758500    5.88662081400   -3.67615570200
  2026-05-16T00:24:00.000000       4861.145257269       2683.717474181      -3858.589815962   -4.95846637800    5.26091043200   -2.58984050800
  2026-05-16T00:27:59.999999       3506.592270787       3831.868977179      -4329.836583744   -6.25945510100    4.24794395200   -1.31301069300
  2026-05-16T00:31:59.999999       1893.651288424       4697.685358389      -4481.119594597   -7.09852451500    2.92267198100    0.06003019600
  2026-05-16T00:36:00.000000        141.243275814       5217.520471191      -4301.410057372   -7.41458594100    1.38252500700    1.42824128600
  2026-05-16T00:40:00.000000      -1621.558591353       5353.119301844      -3804.014663342   -7.18459067600   -0.25959360700    2.69107099000
  2026-05-16T00:43:59.999999      -3264.901889236       5094.397946014      -3025.603752386   -6.42516968200   -1.88321348100    3.75553362500
  2026-05-16T00:47:59.999999      -4667.623480122       4460.241318958      -2023.579256223   -5.19172510000   -3.36885092500    4.54291219400
  2026-05-16T00:52:00.000000      -5726.176677161       3497.219855755       -871.924586546   -3.57483518700   -4.60671664500    4.99464459000
  2026-05-16T00:56:00.000000      -6362.362880592       2276.244777193        344.226702596   -1.69384173900   -5.50508501100    5.07700729500
  2026-05-16T00:59:59.999999      -6529.200211413        887.348676426       1534.914544580    0.31208376400   -5.99734616600    4.78376241200
  2026-05-16T01:03:59.999999      -6214.460512906       -566.996872284       2612.065940810    2.29436953800   -6.04716789900    4.13681606200
  2026-05-16T01:08:00.000000      -5441.533386960      -1979.545929183       3496.086274405    4.10670595500   -5.65126308900    3.18436915100
  2026-05-16T01:12:00.000000      -4267.561826947      -3246.220046513       4121.719165508    5.61579637400   -4.83908961800    1.99694822900
  2026-05-16T01:15:59.999999      -2779.155403596      -4273.726107785       4442.806046137    6.71084905500   -3.67050434200    0.66219081500
  2026-05-16T01:19:59.999999      -1086.000922247      -4986.363808226       4435.633868270    7.31152438000   -2.23133920400   -0.72165822800
  2026-05-16T01:24:00.000000        687.173164354      -5331.523486215       4100.637765947    7.37348428900   -0.62702488800   -2.05278322100
  2026-05-16T01:28:00.000000       2409.653381682      -5283.531484755       3462.399528277    6.89155137100    1.02470850000   -3.23300293600
  2026-05-16T01:31:59.999999       3954.277307065      -4845.620827324       2567.912841040    5.90039065900    2.60213841900   -4.17484000400
  2026-05-16T01:35:59.999999       5206.819328829      -4049.828801189       1483.229154604    4.47256631000    3.98847076100   -4.80802766200
  2026-05-16T01:40:00.000000       6074.544931807      -2954.750174071        288.621239601    2.71353592200    5.08060322200   -5.08509792000
  2026-05-16T01:44:00.000000       6493.224633229      -1641.251894211       -927.387912657    0.75386145100    5.79727532100   -4.98524620100
  2026-05-16T01:47:59.999999       6431.988791467       -206.433867337      -2074.669806811   -1.26079863900    6.08532976800   -4.51598884800
  2026-05-16T01:51:59.999999       5895.628420415       1243.651945091      -3068.269300041   -3.18088593400    5.92383572900   -3.71264641400
  2026-05-16T01:56:00.000000       4924.125907214       2601.971346241      -3834.768930016   -4.86455865600    5.32547893200   -2.63534420800
  2026-05-16T02:00:00.000000       3589.515283508       3768.446107328      -4317.689491261   -6.18820256600    4.33512466100   -1.36418371000
  2026-05-16T02:03:59.999999       1990.413394216       4657.273286493      -4481.560185536   -7.05516148100    3.02606862500    0.00695154400
  2026-05-16T02:07:59.999999        244.722667069       5203.119228913      -4314.425424503   -7.40232190100    1.49455099200    1.37718168300
  2026-05-16T02:12:00.000000      -1518.982667643       5365.820588354      -3828.662585046   -7.20434480400   -0.14715669900    2.64578976200
  2026-05-16T02:16:00.000000      -3170.792737847       5133.303791375      -3060.086563222   -6.47554695000   -1.77862906600    3.71936694800
  2026-05-16T02:19:59.999999      -4588.937526213       4522.524395303      -2065.370923838   -5.26908735000   -3.27983387100    4.51855484600
  2026-05-16T02:23:59.999999      -5668.746585626       3578.322163366       -917.949670825   -3.67350782700   -4.53989368200    4.98395250400
  2026-05-16T02:28:00.000000      -6330.453868708       2370.204275475        297.366254214   -1.80652867500   -5.46543325700    5.08078283500
  2026-05-16T02:32:00.000000      -6525.193082446        987.244640369       1490.683651220    0.19371064500   -5.98785222600    4.80177543700
  2026-05-16T02:35:59.999999      -6238.657443408       -468.539841664       2573.742005009    2.17918023700   -6.06856225800    4.16769798000
  2026-05-16T02:39:59.999999      -5492.137180025      -1889.784024209       3466.490774264    4.00318835500   -5.70186938300    3.22577769000
  2026-05-16T02:44:00.000000      -4340.840996231      -3171.755513301       4103.029972481    5.53152304700   -4.91518314200    2.04586685100
  2026-05-16T02:48:00.000000      -2869.707647685      -4220.043030342       4436.400951524    6.65209256300   -3.76651518300    0.71499426200
  2026-05-16T02:51:59.999999      -1187.134488352      -4957.409525965       4441.972918953    7.28262594000   -2.34011277700   -0.66891892500
  2026-05-16T02:55:59.999999        582.918264456      -5329.410917482       4119.235812335    7.37653802000   -0.74054928800   -2.00400505000
  2026-05-16T03:00:00.000000       2309.964776361      -5308.397825936       3491.862965262    6.92631802200    0.91479884500   -3.19179029800
  2026-05-16T03:04:00.000000       3866.506236616      -4895.612209336       2606.048601426    5.96432220400    2.50398012500   -4.14423882700
  2026-05-16T03:08:00.000000       5137.436492906      -4121.228145323       1527.199244158    4.56090874200    3.90933946600   -4.79030894200
  2026-05-16T03:11:59.999999       6028.649267153      -3042.255809177        335.159005296    2.81970080000    5.02633861800   -5.08154468500
  2026-05-16T03:15:59.999999       6474.168824580      -1738.381273979       -881.732285787    0.86997187100    5.77182175400   -4.99610350200
  2026-05-16T03:20:00.000000       6441.138991250       -306.012115415      -2033.279893515   -1.14331832000    6.09050085700   -4.54046280100
  2026-05-16T03:24:00.000000       5932.267049892       1148.970613335      -3034.213044961   -3.07070919900    5.95920454000   -3.74889607400
  2026-05-16T03:27:59.999999       4985.513170194       2519.156445200      -3810.562407909   -4.76976253400    5.38837995600   -2.68066246400
  2026-05-16T03:31:59.999999       3671.102305066       3703.583425025      -4305.116405254   -6.11569328200    4.42090186400   -1.41521496900
  2026-05-16T03:36:00.000000       2086.180755402       4615.127497911      -4481.549081386   -7.01023390500    3.12843629300   -0.04605195200
  2026-05-16T03:40:00.000000        347.611962218       5186.791988728      -4326.980796032   -7.38826178800    1.60601611700    1.32610941000
  2026-05-16T03:43:59.999999      -1416.553367095       5376.521945988      -3852.862828658   -7.22221554200   -0.03477860600    2.60043041400
  2026-05-16T03:47:59.999999      -3076.373890418       5170.255361534      -3094.144783907   -6.52401912000   -1.67360269400    3.68308042900
  2026-05-16T03:52:00.000000      -4509.491177948       4583.019242677      -2106.775705233   -5.34462717700   -3.18988377800    4.49400392400
  2026-05-16T03:56:00.000000      -5610.143223973       3657.916734574       -963.644682503   -3.77058468500   -4.47166567800    4.97297793700
  2026-05-16T03:59:59.999999      -6297.028937516       2463.041740687        250.761768352   -1.91796684300   -5.42398869300    5.08422350900
  2026-05-16T04:03:59.999999      -6519.421320991       1086.488347430       1446.617894738    0.07612410100   -5.97624063500    4.81935915300
  2026-05-16T04:08:00.000000      -6260.980812217       -370.200457996       2535.476324400    2.06410178200   -6.08767890900    4.19815923900
  2026-05-16T04:12:00.000000      -5540.915057858      -1799.605240135       3436.862759768    3.89918392200   -5.75032530400    3.26683315000
  2026-05-16T04:15:59.999999      -4412.472565575      -3096.384011575       4084.223958291    5.44624103300   -4.98934640300    2.09443275900
  2026-05-16T04:19:59.999999      -2958.922864055      -4165.024780897       4429.800883678    6.59175190500   -3.86092809800    0.76752981500
  2026-05-16T04:24:00.000000      -1287.369225543      -4926.804159303       4448.077102265    7.25173351100   -2.44788740300   -0.61624692300
  2026-05-16T04:28:00.000000        479.061291640      -5325.482071940       4137.600649018    7.37742022200   -0.85369337900   -1.95514049900
  2026-05-16T04:31:59.999999       2210.149948499      -5331.433221590       3521.131939582    6.95890994700    0.80463335400   -3.15035496700
  2026-05-16T04:35:59.999999       3778.101381111      -4943.909241323       2644.056526671    6.02623312100    2.40493863600   -4.11331022000
  2026-05-16T04:40:00.000000       5066.971053635      -4191.215020600       1571.128781087    4.64756635000    3.82875523800   -4.77219962300
  2026-05-16T04:44:00.000000       5981.325003865      -3128.751925773        381.750929140    2.92467813900    4.97020870300   -5.07760361500
  2026-05-16T04:47:59.999999       6453.465179656      -1834.977263536       -835.931575738    0.98544985300    5.74429809700   -5.00658347700
  2026-05-16T04:51:59.999999       6448.559901566       -405.559101592      -1991.654125035   -1.02588571000    6.09358847800   -4.56455811900
  2026-05-16T04:56:00.000000       5967.232929035       1053.833078796      -2999.831992762   -2.96002622100    5.99262362400   -3.78479400600
  2026-05-16T05:00:00.000000       5045.406728249       2435.446137541      -3785.952155019   -4.67399666300    5.44958290500   -2.72567811200
  2026-05-16T05:03:59.999999       3751.473727195       3637.455114443      -4292.075204390   -6.04184565700    4.50529483800   -1.46601117000
  2026-05-16T05:07:59.999999       2181.093057968       4571.426649928      -4481.023340200   -6.96364919400    3.22979176100   -0.09891417200
  2026-05-16T05:12:00.000000        450.071820830       5168.718887002      -4339.004951450   -7.37234112400    1.71691291100    1.27503246300
  2026-05-16T05:16:00.000000      -1314.093726449       5385.400322730      -3876.550949186   -7.23813897000    0.07753853100    2.55491233100
  2026-05-16T05:19:59.999999      -2981.467544494       5205.431868106      -3127.747063228   -6.57064968300   -1.56813117200    3.64649730400
  2026-05-16T05:23:59.999999      -4429.136314896       4641.897319094      -2147.804537325   -5.41850289300   -3.09906697600    4.46908453300
  2026-05-16T05:28:00.000000      -5550.258609726       3736.149985839      -1009.064597194   -3.86624641200   -4.40218331100    4.96152773200
  2026-05-16T05:32:00.000000      -6262.029183796       2554.859547253        204.306732152   -2.02839172800   -5.38097410100    5.08710809300
  2026-05-16T05:35:59.999999      -6511.882635813       1185.112712186       1402.565966493   -0.04086766800   -5.96287605600    4.83636697300
  2026-05-16T05:39:59.999999      -6281.444170314       -272.042166831       2497.081675655    1.94918263500   -6.10489660900    4.22800394300
  2026-05-16T05:44:00.000000      -5587.863295375      -1709.141361125       3406.960422996    3.79475744000   -5.79684022800    3.30732561400
  2026-05-16T05:48:00.000000      -4482.441049143      -3020.279209174       4065.025354232    5.36002788600   -5.06174876400    2.14258144100
  2026-05-16T05:51:59.999999      -3046.747277484      -4108.883890630       4422.721540817    6.53006175500   -3.95385913600    0.81974454800
  2026-05-16T05:55:59.999999      -1386.588667508      -4894.760847494       4453.634996583    7.21905564400   -2.55454126900   -0.56379054500
  2026-05-16T06:00:00.000000        375.749336822      -5319.910742382       4155.396252261    7.37622982600   -0.96628295900   -1.90624584000
  2026-05-16T06:04:00.000000       2110.372653830      -5352.762495020       3549.865308448    6.98937775500    0.69445067500   -3.10867226000
  2026-05-16T06:08:00.000000       3689.235505156      -4990.573579090       2681.611262879    6.08613018700    2.30530677700   -4.08194058900
  2026-05-16T06:11:59.999999       4995.591881636      -4259.775152231       1614.729648284    4.73248628600    3.74706020400   -4.75350562000
  2026-05-16T06:15:59.999999       5932.715013694      -3214.142517427        428.165232019    3.02831628000    4.91252466100   -5.07299760400
  2026-05-16T06:20:00.000000       6431.215759080      -1930.883883617       -790.145283682    1.10011630900    5.71490013300   -5.01639715000
  2026-05-16T06:24:00.000000       6454.303588548       -504.887725973      -1949.889829087   -0.90872138800    6.09463039800   -4.58803962500
  2026-05-16T06:27:59.999999       6000.528811354        958.418067167      -2965.176670376   -2.84901014500    6.02398646500   -3.82018281300
  2026-05-16T06:31:59.999999       5103.781013923       2350.985139863      -3760.963039858   -4.57732528200    5.50893029500   -2.77033540600
  2026-05-16T06:36:00.000000       3830.602066256       3570.171285606      -4278.586705882   -5.96663589300    4.58820147500   -1.51659456300
  2026-05-16T06:40:00.000000       2275.126668001       4526.265819480      -4480.013305002   -6.91539904400    3.33008972200   -0.15167420700
  2026-05-16T06:43:59.999999        552.081180067       5148.985193237      -4350.532678485   -7.35452853600    1.82720467200    1.22394816900
  2026-05-16T06:47:59.999999      -1211.614618537       5392.533299962      -3899.764206524   -7.25207036700    0.18976483200    2.50921318400
  2026-05-16T06:52:00.000000      -2886.067425874       5238.904975256      -3160.937766266   -6.61535355900   -1.46221804200    3.60957707100
  2026-05-16T06:56:00.000000      -4347.851475462       4699.241360223      -2188.517500722   -5.49069319800   -3.00728905000    4.44370959600
  2026-05-16T06:59:59.999999      -5489.081847170       3813.130875361      -1054.282554766   -3.96057403900   -4.33133920300    4.94958908100
  2026-05-16T07:03:59.999999      -6225.461954555       2645.792277730        157.929718944   -2.13787969900   -5.33626681200    5.08944714100
  2026-05-16T07:08:00.000000      -6502.614120814       1283.288655365       1358.457784612   -0.15745722600   -5.94760601800    4.85282363400
  2026-05-16T07:12:00.000000      -6300.146851914       -173.870649870       2458.504803520    1.83412739300   -6.12019388400    4.25734569100
  2026-05-16T07:15:59.999999      -5633.141176037      -1618.214635494       3376.759429504    3.68971107300   -5.84152801200    3.34734423200
  2026-05-16T07:19:59.999999      -4550.952647499      -2943.291794459       4045.422320029    5.27264861600   -5.13251549300    2.19034696800
  2026-05-16T07:24:00.000000      -3133.448808288      -4051.510084187       4415.168454930    6.46681022100   -4.04552632900    0.87176963800
  2026-05-16T07:28:00.000000      -1485.089946081      -4861.230535711       4458.694634365    7.18456718700   -2.66034916800   -0.51135872900
  2026-05-16T07:31:59.999999        272.697595869      -5312.705898978       4172.700559756    7.37302708000   -1.07850462100   -1.85726377200
  2026-05-16T07:35:59.999999       2010.359327494      -5372.441725915       3578.151558573    7.01777529700    0.58401846800   -3.06670761200
  2026-05-16T07:40:00.000000       3599.655649843      -5035.717990711       2718.807061419    6.14414487600    2.20485956700   -4.05012601500
  2026-05-16T07:44:00.000000       4923.084992635      -4327.071010250       1658.096140929    4.81587047300    3.66406889800   -4.73422422300
  2026-05-16T07:47:59.999999       5882.665335182      -3298.626158033        474.496990628    3.13090293900    4.85317689500   -5.06772660200
  2026-05-16T07:51:59.999999       6407.338736896      -2026.311931120       -744.280889417    1.21427356500    5.68361942700   -5.02553800900
  2026-05-16T07:56:00.000000       6458.371214598       -604.201236514      -1907.888632224   -0.79145886300    6.09373257800   -4.61089339400
  2026-05-16T08:00:00.000000       6032.239322539        862.563196365      -2930.144525334   -2.73735075000    6.05352142300   -3.85503590300
  2026-05-16T08:03:59.999999       5160.783473416       2265.668312871      -3735.481874734   -4.47951121800    5.56665727400   -2.81457519400
  2026-05-16T08:07:59.999999       3908.686129723       3501.682453726      -4264.529942208   -5.88986598600    4.66983785100   -1.56696788700
  2026-05-16T08:12:00.000000       2368.527455733       4479.648296043      -4478.410552421   -6.86531349900    3.42958562600   -0.20444123000
  2026-05-16T08:16:00.000000        653.912048736       5127.664063930      -4361.490519714   -7.33478902200    1.93720007100    1.17269319300
  2026-05-16T08:19:59.999999      -1108.851006470       5398.062678573      -3922.463191018   -7.26407357100    0.30214486800    2.46321917100
  2026-05-16T08:23:59.999999      -2789.928951488       5270.867980949      -3193.704201306   -6.65823578800   -1.35567244300    3.57220086700
  2026-05-16T08:28:00.000000      -4265.421637148       4755.283195731      -2228.933234726   -5.56135162600   -2.91442611200    4.41774616500
  2026-05-16T08:32:00.000000      -5426.440304572       3889.113858844      -1099.353467674   -4.05378609900   -4.25906526800    4.93700773500
  2026-05-16T08:35:59.999999      -6187.214576677       2736.094799146        111.548915500   -2.24668019100   -5.28994166800    5.09116253900
  2026-05-16T08:39:59.999999      -6491.552313660       1381.237595205       1314.196335010   -0.27380204300   -5.93060120600    4.86865860800
  2026-05-16T08:44:00.000000      -6317.058760455        -75.502907782       2419.628657074    1.71879448100   -6.13372806900    4.28610707800
  2026-05-16T08:48:00.000000      -5676.758503154      -1526.681564232       3346.132667760    3.58388108000   -5.88459853200    3.38689868200
  2026-05-16T08:51:59.999999      -4618.038352585      -2865.340362627       4025.295961198    5.18410346400   -5.20190765200    2.23774806700
  2026-05-16T08:55:59.999999      -3219.051823245      -3992.874196664       4407.016385389    6.40198875800   -4.13611381100    0.92355237000
  2026-05-16T09:00:00.000000      -1582.905891679      -4826.230910585       4463.122682260    7.14825614900   -2.76551337900   -0.45895870400
  2026-05-16T09:04:00.000000        169.878978505      -5303.926782181       4189.389774207    7.36790947200   -1.19050595000   -1.80811975400
  2026-05-16T09:08:00.000000       1910.119007233      -5390.546173259       3605.876242101    7.04424425000    0.47336904200   -3.02445880100
  2026-05-16T09:11:59.999999       3509.389745799      -5079.402277419       2755.525808091    6.20030228600    2.10365382000   -4.01788761800
  2026-05-16T09:15:59.999999       4849.477117715      -4393.153024181       1701.102124006    4.89768194600    3.57979212400   -4.71440018000
  2026-05-16T09:20:00.000000       5831.188509521      -3382.259268392        520.611288806    3.23238242000    4.79211920200   -5.06182110500
  2026-05-16T09:24:00.000000       6381.837540805      -2121.333020725       -698.478335085    1.32790612500    5.65036885200   -5.03402313900
  2026-05-16T09:27:59.999999       6460.762491816       -703.594841829      -1865.797496756   -0.67410085400    6.09077577900   -4.63314313300
  2026-05-16T09:31:59.999999       6062.372781860        766.140710803      -2894.889310358   -2.62496058000    6.08108100900   -3.88940020600
  2026-05-16T09:36:00.000000       5216.456558965       2179.339483536      -3709.681675281   -4.38039601400    5.62269552500   -2.85851367700
  2026-05-16T09:40:00.000000       3985.808195083       3431.825908411      -4250.102462245   -5.81133694300    4.75021397900   -1.61721307200
  2026-05-16T09:43:59.999999       2461.428106344       4431.426051610      -4476.432330989   -6.81317561100    3.52837637900   -0.25729467200
  2026-05-16T09:47:59.999999        755.751611380       5104.641910401      -4372.118126976   -7.31289692600    2.04711221200    1.12114937000
  2026-05-16T09:52:00.000000      -1005.572410312       5401.947547811      -3944.919399365   -7.27405213600    0.41506265000    2.41680834100
  2026-05-16T09:56:00.000000      -2692.816488756       5301.376556887      -3226.335442063   -6.69931618900   -1.24809142100    3.53433175900
  2026-05-16T09:59:59.999999      -4181.624987864       4810.173382075      -2269.343918890   -5.63056200900   -2.82008599000    4.39119452300
  2026-05-16T10:03:59.999999      -5362.143158106       3964.344993121      -1144.565905544   -4.14606434600   -4.18495832100    4.92380696600
  2026-05-16T10:08:00.000000      -6147.159524681       2826.112192829         64.884167394   -2.35515190800   -5.24160969700    5.09234076500
  2026-05-16T10:12:00.000000      -6478.669860572       1479.380654581       1269.537643046   -0.39035547000   -5.91162641400    4.88407817300
  2026-05-16T10:15:59.999999      -6332.256484239         23.514176664       2380.271716662    1.60280052100   -6.14544700600    4.31458190700
  2026-05-16T10:19:59.999999      -5718.869495244      -1434.087420464       3314.969144943    3.47697646900   -5.92606895900    3.42628078700
  2026-05-16T10:24:00.000000      -4683.921951426      -2785.981309007       4004.607871458    5.09412712800   -5.27004953200    2.28511679100
  2026-05-16T10:28:00.000000      -3303.822722613      -3932.583923043       4398.307998594    6.33553220600   -4.22588627700    0.97539348300
  2026-05-16T10:31:59.999999      -1680.301737099      -4789.431786959       4467.013486141    7.11013326500   -2.87029459200   -0.40644430100
  2026-05-16T10:35:59.999999         67.034025880      -5293.319207353       4205.584167602    7.36092364500   -1.30264379000   -1.75873508200
  2026-05-16T10:40:00.000000       1809.413077599      -5406.909143072       3633.180110924    7.06894858100    0.36213744600   -2.98183696400
  2026-05-16T10:44:00.000000       3418.259643802      -5121.529871680       2791.923717500    6.25490613600    2.00150792700   -3.98520080700
  2026-05-16T10:47:59.999999       4774.658748996      -4457.941116379       1743.897240883    4.97815846700    3.49426766500   -4.69410931600
  2026-05-16T10:51:59.999999       5778.211135604      -3464.933419884        566.626933459    3.33278948700    4.72952053800   -5.05544665000
  2026-05-16T10:56:00.000000       6354.621248388      -2215.798598198       -652.660299466    1.44085034000    5.61531710700   -5.04203596200
  2026-05-16T11:00:00.000000       6461.328511667       -802.883516063      -1823.581020901   -0.55696563000    6.08588689600   -4.65495219800
  2026-05-16T11:03:59.999999       6090.686192526        669.358247943      -2859.408230380   -2.51229881000    6.10672104200   -3.92336280800
  2026-05-16T11:07:59.999999       5270.431830028       2092.205718614      -3683.565315166   -4.28054126900    5.67696309300   -2.90210614400
  2026-05-16T11:12:00.000000       4061.461995472       3360.766829379      -4235.284914024   -5.73164793500    4.82906991800   -1.66719178600
  2026-05-16T11:16:00.000000       2553.185527919       4381.678022094      -4474.008889761   -6.75949324800    3.62601780100   -0.30995989200
  2026-05-16T11:19:59.999999        856.854658884       5079.874841825      -4382.268745592   -7.28918116500    2.15635083300    1.06968298100
  2026-05-16T11:23:59.999999       -902.571991833       5403.986536515      -3966.894587047   -7.28205837600    0.52782530000    2.37035144700
  2026-05-16T11:28:00.000000      -2595.508427463       5330.068267935      -3258.509194327   -6.73844882500   -1.14012869000    3.49633050900
  2026-05-16T11:32:00.000000      -4097.172186874       4863.395495922      -2309.336809533   -5.69789030700   -2.72488678000    4.36442815800
  2026-05-16T11:35:59.999999      -5296.759544421       4038.171837854      -1189.432118743   -4.23667473400   -4.10951228100    4.91021318900
  2026-05-16T11:39:59.999999      -6105.667913606       2915.096720215         18.451935797   -2.46239921700   -5.19154104500    5.09297770300
  2026-05-16T11:44:00.000000      -6464.125434947       1576.942158367       1224.972432860   -0.50626433600   -5.89066857500    4.89890025800
  2026-05-16T11:48:00.000000      -6345.709853116        122.436517504       2340.861558088    1.48684336600   -6.15512882100    4.34245265600
  2026-05-16T11:51:59.999999      -5759.294838765      -1341.112229798       3283.616078915    3.36956193200   -5.96561351000    3.46511953000
  2026-05-16T11:55:59.999999      -4748.304554978      -2705.799002756       3983.608354203    5.00312007700   -5.33645050100    2.33202879200
  2026-05-16T12:00:00.000000      -3387.399809197      -3871.088539266       4389.196535168    6.26756679900   -4.31425342700    1.02693855000
  2026-05-16T12:04:00.000000      -1776.907376922      -4751.145723679       4470.451748910    7.07020516800   -2.97414522000   -0.35405509600
  2026-05-16T12:08:00.000000        -35.475110888      -5281.058756680       4221.310027213    7.35194568800   -1.41433896400   -1.70935631500
  2026-05-16T12:11:59.999999       1708.552634725      -5421.583996671       3660.031152377    7.09159323800    0.25075291500   -2.93907496300
  2026-05-16T12:15:59.999999       3326.493014890      -5162.074482971       2827.924464501    6.30758567900    1.89865052900   -3.95218853900
  2026-05-16T12:20:00.000000       4698.778123712      -4521.377147832       1786.398708745    5.05705764200    3.40755679200   -4.67329380000
  2026-05-16T12:24:00.000000       5723.849531977      -3546.580920610        612.493587973    3.43210156300    4.66541160500   -5.04839106800
  2026-05-16T12:27:59.999999       6325.822267852      -2309.624055006       -606.817101320    1.55323265500    5.57858088900   -5.04928953500
  2026-05-16T12:31:59.999999       6460.237869056       -901.945300113      -1781.154660839   -0.43989766500    6.07925128900   -4.67599760700
  2026-05-16T12:36:00.000000       6117.383573931        572.379211743      -2823.540245902   -2.39922733400    6.13059789200   -3.95663524000
  2026-05-16T12:40:00.000000       5322.950138506       2004.461378789      -3656.912201809   -4.17975873100    5.72956156400   -2.94514560600
  2026-05-16T12:43:59.999999       4135.938594095       3288.727921204      -4219.821609057   -5.65058716400    4.90653998100   -1.71681742100
  2026-05-16T12:47:59.999999       2644.132759257       4330.657373830      -4470.880048709   -6.70414168600    3.72260897200   -0.36248283900
  2026-05-16T12:52:00.000000        957.575689572       5053.630255883      -4391.706678614   -7.26359481700    2.26495935500    1.01813242800
  2026-05-16T12:56:00.000000       -799.495382755       5404.457302924      -3988.203183883   -7.28813518400    0.64046607000    2.32359191700
  2026-05-16T12:59:59.999999      -2497.670269953       5357.223266713      -3290.114306174   -6.77575832200   -1.03178209400    3.45781719500
  2026-05-16T13:03:59.999999      -4011.784084381       4915.230029006      -2348.901428567   -5.76368383700   -2.62885204800    4.33703081400
  2026-05-16T13:08:00.000000      -5230.106282260       4110.855154111      -1234.027507962   -4.32603397200   -4.03287247600    4.89593785300
  2026-05-16T13:12:00.000000      -6062.650259773       3003.273732798        -27.884480990   -2.56881061200   -5.13985595400    5.09283738100
  2026-05-16T13:15:59.999999      -6447.925478272       1674.121469525       1180.319297964   -0.62193849700   -5.86780515700    4.91298253000
  2026-05-16T13:19:59.999999      -6357.529960911        221.450665301       2301.201497863    1.37046800100   -6.16280451500    4.36972165000
  2026-05-16T13:24:00.000000      -5798.268188757      -1247.571538676       3251.887364092    3.26105944100   -6.00328061200    3.50353868100
  2026-05-16T13:28:00.000000      -4811.560115596      -2624.643727375       3962.160731025    4.91052420600   -5.40134326600    2.37874641100
  2026-05-16T13:31:59.999999      -3470.274244135      -3808.309543542       4379.615526676    6.19766230000   -4.40154305900    1.07850481000
  2026-05-16T13:35:59.999999      -1873.308625382      -4711.378690968       4473.457281873    7.02808966800   -3.07745668200   -0.30137149300
  2026-05-16T13:40:00.000000       -138.310901434      -5267.264902059       4236.707672416    7.34078717100   -1.52613633500   -1.65941212200
  2026-05-16T13:44:00.000000       1606.866902565      -5434.819522215       3686.712682615    7.11228515000    0.13869706300   -2.89557581900
  2026-05-16T13:47:59.999999       3233.471499826      -5201.405156140       2863.939449544    6.35864964700    1.79459415400   -3.91839551700
  2026-05-16T13:51:59.999999       4621.305438266      -4583.944050084       1829.099064779    5.13478279400    3.31918153600   -4.65172994700
  2026-05-16T13:56:00.000000       5667.681098426      -3627.803904674        658.726947905    3.53081312300    4.59930075800   -5.04070838400
  2026-05-16T14:00:00.000000       6295.142501636      -2403.525240580       -560.478424855    1.66559636600    5.53970278700   -5.05610278200
  2026-05-16T14:03:59.999999       6457.336076874      -1001.597574298      -1738.150688891   -0.32221048800    6.07050175100   -4.69679518500
  2026-05-16T14:07:59.999999       6142.493294624        474.335416656      -2787.060841838   -2.28495587400    6.15267952200   -3.98986649300
  2026-05-16T14:12:00.000000       5374.214983813       1915.274410338      -3629.655856373   -4.07743256900    5.78081464300   -2.98828332100
  2026-05-16T14:16:00.000000       4209.562672054       3214.971945233      -4203.789876977   -5.56772103900    4.98307385100   -1.76664248700
  2026-05-16T14:19:59.999999       2734.687448044       4277.757558498      -4467.248713583   -6.64679276000    3.81880470900   -0.41535374300
  2026-05-16T14:23:59.999999       1058.386925025       5025.477507776      -4400.737222794   -7.23599837700    2.37370881300    0.96614309200
  2026-05-16T14:28:00.000000       -695.854096425       5403.116115092      -4009.220985430   -7.29229741000    0.75377176800    2.27630571900
  2026-05-16T14:32:00.000000      -2398.833990276       5382.788171106      -3321.559651007   -6.81138779600   -0.92226039500    3.41875302900
  2026-05-16T14:35:59.999999      -3925.033219370       4965.809871698      -2388.439304720   -5.82813751000   -2.53119983200    4.30906605200
  2026-05-16T14:39:59.999999      -5161.830281194       4182.716057061      -1278.729952497   -4.41458829500   -3.95429457500    4.88114062400
  2026-05-16T14:44:00.000000      -6017.874313971       3091.103065214        -74.437552627   -2.67485886700   -5.08617925100    5.09230320800
  2026-05-16T14:48:00.000000      -6429.924171180       1771.440157991       1135.360991774   -0.73764731500   -5.84288272600    4.92673100700
  2026-05-16T14:51:59.999999      -6367.614014494        321.094285991       2261.169852079    1.25358096600   -6.16846942800    4.39676877600
  2026-05-16T14:55:59.999999      -5835.680663681      -1152.939403398       3219.750278587    3.15161797700   -6.03911757700    3.54187222500
  2026-05-16T15:00:00.000000      -4873.535845133      -2541.989867036       3940.299654614    4.81652349200   -5.46472333500    2.42551860700
  2026-05-16T15:04:00.000000      -3552.249613112      -3743.732171930       4369.653116349    6.12604889400   -4.48787258800    1.13026409000
  2026-05-16T15:08:00.000000      -1969.235858003      -4669.648992493       4476.130247911    6.98414026800   -3.18033794000   -0.24848727700
  2026-05-16T15:11:59.999999       -241.125259051      -5251.465793538       4251.821794866    7.32770166800   -1.63801946000   -1.60925272700
  2026-05-16T15:15:59.999999       1504.741941163      -5446.136972748       3713.166890212    7.13109492500    0.02600675300   -2.85182189800
  2026-05-16T15:20:00.000000       3139.580041155      -5239.030091750       2899.794164653    6.40804086800    1.68942134500   -3.88431177200
  2026-05-16T15:24:00.000000       4542.596050535      -4645.116934110       1871.707504004    5.21111789100    3.22934197000   -4.62988146700
  2026-05-16T15:27:59.999999       5609.978067030      -3708.017316875        704.936907856    3.62844037400    4.53145578700   -5.03273425700
  2026-05-16T15:31:59.999999       6262.713964786      -2496.860494852       -514.090892081    1.77727984500    5.49888273400   -5.06260640900
  2026-05-16T15:36:00.000000       6452.575986204      -1101.160648481      -1695.022805787   -0.20476452900    6.05975215500   -4.71728642100
  2026-05-16T15:40:00.000000       6165.737955673        375.901770571      -2750.383779770   -2.17047830300    6.17276770800   -4.02278789100
  2026-05-16T15:43:59.999999       5423.726319068       1825.230934747      -3602.133334301   -3.97437283700    5.83020629600   -3.03117487800
  2026-05-16T15:47:59.999999       4281.665077872       3139.953525640      -4187.443811968   -5.48369328400    5.05810742700   -1.81629912800
  2026-05-16T15:52:00.000000       2824.039135325       4223.277448212      -4463.260723297   -6.58794563400    3.91385602800   -0.46804344200
  2026-05-16T15:56:00.000000       1158.396170302       4995.524095604      -4409.375740469   -7.20657717900    2.48179040700    0.91425462800
  2026-05-16T15:59:59.999999       -592.556635299       5399.876268344      -4029.831475455   -7.29447903200    0.86691840500    2.22904710300
  2026-05-16T16:03:59.999999      -2299.855911160       5406.478747888      -3352.605322980   -6.84498268500   -0.81236474900    3.37958657200
  2026-05-16T16:08:00.000000      -3837.664952291       5014.671120786      -2427.616044988   -5.89069630000   -2.43264727800    4.28090221700
  2026-05-16T16:12:00.000000      -5092.505774908       4253.127270083      -1323.127300018   -4.50145262200   -3.87436494100    4.86606137200
  2026-05-16T16:15:59.999999      -5971.689612968       3177.858519442       -120.763570252   -2.77963058400   -5.03075040900    5.09140711000
  2026-05-16T16:19:59.999999      -6410.267413592       1868.128346170       1090.537543839   -0.85256459100   -5.81605293900    4.94007081900
  2026-05-16T16:24:00.000000      -6375.907065456        420.575620820       2221.161713601    1.13701545700   -6.17215867000    4.42330210400
  2026-05-16T16:28:00.000000      -5871.290318984      -1057.995866306       3187.507492628    3.04194428700   -6.07299988000    3.57964831000
  2026-05-16T16:31:59.999999      -4933.825597604      -2458.573175773       3918.202515471    4.72180027600   -5.52629236600    2.47175333100
  2026-05-16T16:35:59.999999      -3632.777945260      -3677.979208136       4359.330319512    6.05315390500   -4.57261335200    1.18156313800
  2026-05-16T16:40:00.000000      -2064.079185187      -4626.414252621       4478.357133866    6.93850254100   -3.28209180300   -0.19586226900
  2026-05-16T16:44:00.000000       -343.286548651      -5233.949848821       4266.441353675    7.31272804900   -1.74925504800   -1.55925252500
  2026-05-16T16:47:59.999999       1402.796798777      -5455.638883768       3739.099878200    7.14785679600   -0.08652291000   -2.80811932800
  2026-05-16T16:51:59.999999       3045.370246606      -5274.865916516       2935.133358490    6.45536128900    1.58386002100   -3.85011822800
  2026-05-16T16:56:00.000000       4463.089728061      -4704.660888036       1913.847614223    5.28557074600    3.13857403900   -4.60776156400
  2026-05-16T17:00:00.000000       5551.063185265      -3786.878601462        750.760782107    3.72451490600    4.46225283400   -5.02434921400
  2026-05-16T17:03:59.999999       6228.750744133      -2589.208537722       -467.976965210    1.88783419200    5.45638968400   -5.06858407500
  2026-05-16T17:07:59.999999       6446.069436478      -1200.168861235      -1652.031228654   -0.08793303900    6.04708649600   -4.73716857500
  2026-05-16T17:12:00.000000       6187.161068438        277.546795674      -2713.694680557   -2.05600951400    6.19084118600   -4.05509852600
  2026-05-16T17:16:00.000000       5471.485660620       1734.788267904      -3574.456985295   -3.87073201700    5.87765177900   -3.07349945100
  2026-05-16T17:19:59.999999       4352.224371009       3064.088686732      -4170.818302985   -5.39849834500    5.13138223000   -1.86549185300
  2026-05-16T17:23:59.999999       2912.190721887       4167.574530817      -4458.907339392   -6.52745549300    4.00756216100   -0.52048387800
  2026-05-16T17:28:00.000000       1257.634867341       4964.080684644      -4417.606822494   -7.17522805700    2.58899160100    0.86247753900
  2026-05-16T17:32:00.000000       -489.536269761       5395.000969593      -4050.029032077   -7.29451392200    0.97976386800    2.18170957800
  2026-05-16T17:35:59.999999      -2200.640242069       5428.535243300      -3383.278584332   -6.87645492400   -0.70217388600    3.34016619600
  2026-05-16T17:39:59.999999      -3749.567026189       5062.036727124      -2466.502710723   -5.95131017900   -2.33323484500    4.25230989300
  2026-05-16T17:44:00.000000      -5022.027786444       4322.312503100      -1367.352729140   -4.58676344400   -3.79308235500    4.85044569500
  2026-05-16T17:48:00.000000      -5924.032730860       3263.757378559       -167.052394819   -2.88331492200   -4.97361928000    5.08993483100
  2026-05-16T17:51:59.999999      -6388.942692903       1964.397961340       1045.613380546   -0.96695289600   -5.78728887100    4.95283253500
  2026-05-16T17:55:59.999999      -6382.479383574        520.109331903       2180.922699389    1.02037642800   -6.17389306400    4.44934250200
  2026-05-16T18:00:00.000000      -5905.260941601       -962.544838678       3154.923817550    2.93167337200   -6.10506615500    3.61700202700
  2026-05-16T18:04:00.000000      -4992.679366599      -2374.236783944       3895.673867430    4.62598959300   -5.58627540100    2.51767925000
  2026-05-16T18:08:00.000000      -3712.172109991      -3610.964215400       4348.520011406    5.97884227000   -4.65607491500    1.23267701100
  2026-05-16T18:11:59.999999      -2158.171831947      -4581.650500449       4480.065265546    6.89108028000   -3.38293163700   -0.14328531300
  2026-05-16T18:15:59.999999       -445.156443628      -5214.749799240       4280.560699199    7.29576685200   -1.86013228600   -1.50904710100
  2026-05-16T18:20:00.000000       1300.670140387      -5463.436185066       3764.603207449    7.16269568500   -0.19921872700   -2.76405937000
  2026-05-16T18:24:00.000000       2950.532331929      -5309.091327992       2970.138144595    6.50087743100    1.47767949200   -3.81549006900
  2026-05-16T18:27:59.999999       4382.543831890      -4762.797689717       1955.765810299    5.35842264700    3.04672850500   -4.58513980900
  2026-05-16T18:31:59.999999       5490.764178106      -3864.643443285        796.487466296    3.81934000800    4.39155195700   -5.01543295900
  2026-05-16T18:36:00.000000       6193.158103425      -2680.861025611       -421.832242016    1.99761597200    5.41208804600   -5.07404532100
  2026-05-16T18:40:00.000000       6437.809618757      -1298.934020400      -1608.893599549    0.02863175100    6.03247652100   -4.75659952700
  2026-05-16T18:43:59.999999       6206.826188119        178.965918599      -2676.757698612   -1.94131153000    6.20696840100   -4.08701089000
  2026-05-16T18:47:59.999999       5517.602670528       1643.664574166      -3546.445888223   -3.76636028600    5.92327579800   -3.11550402600
  2026-05-16T18:52:00.000000       4421.373374078       2987.134120434      -4153.792794151   -5.31212196700    5.20310278300   -1.91446538900
  2026-05-16T18:56:00.000000       2999.261646647       4110.450952437      -4454.113277277   -6.46539262900    4.10007249500   -0.57280794200
  2026-05-16T18:59:59.999999       1356.209340044       4930.986631831      -4425.389804442   -7.14202584500    2.69549247400    0.81063870500
  2026-05-16T19:03:59.999999       -386.726260842       5388.367010190      -4069.809139253   -7.29262984600    1.09239480500    2.13420091100
  2026-05-16T19:08:00.000000      -2101.166071017       5448.841262733      -3413.585100102   -6.90596926000   -0.59168292600    3.30049514600
  2026-05-16T19:12:00.000000      -3660.752703627       5107.788646263      -2505.091575197   -6.01008302000   -2.23298871200    4.22338436400
  2026-05-16T19:15:59.999999      -4950.421139368       4390.140942349      -1411.371216258   -4.67049992100   -3.71049925500    4.83440390800
  2026-05-16T19:19:59.999999      -5874.916727275       3348.656478508       -213.244438582   -2.98583504200   -4.91483966100    5.08798099400
  2026-05-16T19:24:00.000000      -6365.935332739       2060.092166747       1000.666306651   -1.08064835900   -5.75666922800    4.96509686600
  2026-05-16T19:28:00.000000      -6387.263204037        619.528232140       2140.542122260    0.90391121200   -6.17365600800    4.47489263900
  2026-05-16T19:31:59.999999      -5937.467300299       -866.737391976       3122.089728410    2.82103077300   -6.13520627700    3.65394258000
  2026-05-16T19:35:59.999999      -5049.918912364      -2289.104897359       3872.803701952    4.52931562900   -5.64454964000    2.56326510300
  2026-05-16T19:40:00.000000      -3790.210137885      -3542.775816529       4337.295314814    5.90324775000   -4.73811969100    1.28353548200
  2026-05-16T19:44:00.000000      -2251.253396080      -4535.417222832       4481.306718639    6.84208043100   -3.48271602600   -0.09090136100
  2026-05-16T19:47:59.999999       -546.429329866      -5193.872593113       4294.173441365    7.27691759700   -1.97036248300   -1.45896107200
  2026-05-16T19:51:59.999999       1198.658648773      -5469.469144519       3789.592588618    7.17545742200   -0.31185652600   -2.71992561800
  2026-05-16T19:56:00.000000       2855.319492524      -5341.609606021       3004.671452601    6.54442677100    1.37099195200   -3.78059568800
  2026-05-16T20:00:00.000000       4301.176979911      -4819.405117813       1997.294514182    5.42953793500    2.95392226800   -4.56210756700
  2026-05-16T20:03:59.999999       5429.263434436      -3941.157577337        841.937065345    3.91274189900    4.31949581900   -5.00599632700
  2026-05-16T20:07:59.999999       6156.067866688      -2771.626857973       -375.830922432    2.10636723800    5.36612218900   -5.07891635700
  2026-05-16T20:12:00.000000       6427.861436536      -1397.239722942      -1565.751587373    0.14465290800    6.01600308300   -4.77540621800
  2026-05-16T20:16:00.000000       6224.733110754         80.388197963      -2639.668515374   -1.82664921900    6.22117849800   -4.11831985600
  2026-05-16T20:19:59.999999       5562.015148309       1552.089931313      -3518.143209397   -3.66150257800    5.96705053900   -3.15695556700
  2026-05-16T20:23:59.999999       4488.994592627       2909.306002124      -4136.353173036   -5.22476778700    5.27317146500   -1.96297735300
  2026-05-16T20:28:00.000000       3085.091404872       4052.092402325      -4448.807917241   -6.40194126400    4.19124361400   -0.62478814800
  2026-05-16T20:32:00.000000       1453.915504675       4896.380832787      -4432.593720233   -7.10711221400    2.80103725700    0.75901861400
  2026-05-16T20:35:59.999999       -284.342586054       5380.048227648      -4088.977376761   -7.28880180900    1.20455684800    2.08672839100
  2026-05-16T20:39:59.999999      -2001.648310040       5467.410603524      -3443.295610785   -6.93354303200   -0.48116767800    3.26066738500
  2026-05-16T20:44:00.000000      -3571.436677917       5151.859022815      -2543.137127265   -6.06697699900   -2.13230530700    4.19418326900
  2026-05-16T20:48:00.000000      -4877.874203644       4456.448548187      -1454.929496741   -4.75249467700   -3.62701790300    4.81794759500
  2026-05-16T20:51:59.999999      -5824.476677737       3432.303197854       -259.092728332   -3.08692319200   -4.85471982200    5.08546376900
  2026-05-16T20:55:59.999999      -6341.313295707       2154.898960538        955.916031153   -1.19337625200   -5.72437201800    4.97670896200
  2026-05-16T21:00:00.000000      -6390.262695597        718.487638197       2100.198435467    0.78789205300   -6.17155744300    4.49976881400
  2026-05-16T21:04:00.000000      -5967.848915391       -770.930826859       3089.130520508    2.71027451000   -6.16341372600    3.69022781000
  2026-05-16T21:08:00.000000      -5105.427819793      -2203.515289918       3849.661924458    4.43196134200   -5.70094721700    2.60828051300
  2026-05-16T21:11:59.999999      -3866.749296303      -3473.709675845       4325.679607395    5.82644563500   -4.81856294000    1.33397563600
  2026-05-16T21:15:59.999999      -2343.175914574      -4487.962157060       4482.073352858    6.79146292300   -3.58125176200   -0.03879113900
  2026-05-16T21:20:00.000000       -646.968517681      -5171.526226197       4307.267955072    7.25618369900   -2.07977704300   -1.40897313800
  2026-05-16T21:24:00.000000       1096.907774694      -5473.889175609       3814.057524772    7.18615193700   -0.42412378900   -2.67575135500
  2026-05-16T21:27:59.999999       2759.854783390      -5372.490828974       3038.710082942    6.58581363300    1.26410755600   -3.74547517700
  2026-05-16T21:31:59.999999       4219.057741452      -4874.495516489       2038.405795305    5.49868786800    2.86032944600   -4.53866821700
  2026-05-16T21:36:00.000000       5366.579626517      -4016.399210425        887.081608779    4.00453431900    4.24622345300   -4.99604097600
  2026-05-16T21:40:00.000000       6117.459038156      -2861.450888893       -329.998785221    2.21394326000    5.31863099900   -5.08316817500
  2026-05-16T21:43:59.999999       6416.172113775      -1494.994191849      -1522.620735113    0.26000635600    5.99780962500   -4.79351689700
  2026-05-16T21:47:59.999999       6240.809396681        -18.064099296      -2602.420867580   -1.71206399800    6.23358819400   -4.14892908200
  2026-05-16T21:52:00.000000       5604.644184074       1460.216069032      -3489.519108936   -3.55619609200    6.00911297000   -3.19775417500
  2026-05-16T21:56:00.000000       4554.995674395       2830.785661048      -4118.442590709   -5.13649658100    5.34168014600   -2.01090058600
  2026-05-16T21:59:59.999999       3169.573778296       3992.694477620      -4442.903591119   -6.33714376600    4.28109730600   -0.67629865400
  2026-05-16T22:03:59.999999       1550.641496490       4860.458867923      -4439.105075660   -7.07050358500    2.90560826900    0.70770195500
  2026-05-16T22:08:00.000000       -182.500917931       5370.227277295      -4107.403716534   -7.28304503000    1.31615501200    2.03936501800
  2026-05-16T22:12:00.000000      -1902.191869596       5484.398435910      -3472.262510438   -6.95904710400   -0.37073466500    3.22073004500
  2026-05-16T22:15:59.999999      -3481.690989932       5194.396831715      -2580.499513063   -6.12190602200   -2.03114291500    4.16458786600
  2026-05-16T22:19:59.999999      -4804.461443100       4521.391344487      -1497.923735517   -4.83282229100   -3.54264456100    4.80091485900
  2026-05-16T22:24:00.000000      -5772.803875493       3514.846432847       -304.533882057   -3.18664768800   -4.79331233400    5.08223011900
  2026-05-16T22:28:00.000000      -6315.184798390       2248.958583440        911.387082474   -1.30521875200   -5.69039945400    4.98749437500
  2026-05-16T22:31:59.999999      -6391.617417360        817.131699983       2059.874253757    0.67212665300   -6.16756532700    4.52380777800
  2026-05-16T22:35:59.999999      -5996.601840454       -674.981483847       3055.998839411    2.59914183600   -6.18972760700    3.72575428300
  2026-05-16T22:40:00.000000      -5159.469309978      -2117.344576904       3826.179248468    4.33365761800   -5.75561520500    2.65266485000
  2026-05-16T22:44:00.000000      -3942.108969470      -3403.678556297       4313.590705276    5.74818932100   -4.89756249900    1.38395710500
  2026-05-16T22:47:59.999999      -2434.315296113      -4439.247158145       4482.291257130    6.73904276500   -3.67878695200    0.01314962200
  2026-05-16T22:51:59.999999       -747.178259475      -5147.735640708       4319.798561221    7.23348826900   -2.18866339200   -1.35894885200
  2026-05-16T22:56:00.000000        995.007584634      -5476.800357956       3837.994369982    7.19486196100   -0.53638388400   -2.63130625400
  2026-05-16T23:00:00.000000       2663.779792619      -5401.922579224       3072.309295489    6.62535514600    1.15673275200   -3.70990423800
  2026-05-16T23:03:59.999999       4135.908089444      -4928.308635718       2079.204883749    5.56619515400    2.76578718000   -4.51461055300
  2026-05-16T23:07:59.999999       5302.517011242      -4090.649332186        932.081762958    4.09511625200    4.17153327200   -4.98532973000
  2026-05-16T23:12:00.000000       6077.247132240      -2950.662433467       -284.128483863    2.32086399000    5.26942994700   -5.08667447400
  2026-05-16T23:16:00.000000       6402.790946054      -1592.567927357      -1479.278476625    0.37528514100    5.97775716900   -4.81094496900
  2026-05-16T23:19:59.999999       6255.243126969       -116.781665993      -2564.811659857   -1.59699524100    6.24415736500   -4.17896942200
  2026-05-16T23:23:59.999999       5645.812679156       1367.649323079      -3460.416016976   -3.44986000300    6.04947820600   -3.23815803000
  2026-05-16T23:28:00.000000       4619.842585189       2751.200487794      -4099.985430555   -5.04673407300    5.40882147600   -2.05865760500
  2026-05-16T23:32:00.000000       3253.299077549       3931.953906077      -4436.437779533   -6.27054756100    4.37001252000   -0.72784758800
  2026-05-16T23:35:59.999999       1647.066025319       4823.026828165      -4445.087621384   -7.03191478300    3.00972860300    0.65615167300
  2026-05-16T23:39:59.999999        -80.478484287       5358.851438029      -4125.380443259   -7.27527839000    1.42783489000    1.99157792600
  2026-05-16T23:44:00.000000      -1802.085541914       5499.915012877      -3500.902452214   -6.98268674200   -0.25969249100    3.18020449300
  2026-05-16T23:48:00.000000      -3390.877873628       5235.667352377      -2617.688961423   -6.17524050600   -1.92889599200    4.13431516900
  2026-05-16T23:51:59.999999      -4729.641881916       4585.382754374      -1540.915020267   -4.91194493500   -3.45670789500    4.78312646900
  2026-05-16T23:55:59.999999      -5719.510964790       3596.854564674       -350.151759959   -3.28580507100   -4.73006444100    5.07827990500
  2026-05-17T00:00:00.000000      -6287.365766646       2342.929207717        866.523275150   -1.41700552000   -5.65457242900    4.99767944700
  2026-05-17T00:04:00.000000      -6391.322547814        916.135198746       2019.078730451    0.55594066500   -6.16170801700    4.54732179000
  2026-05-17T00:08:00.000000      -6023.871273138       -578.237297694       3022.287753871    2.48704675200   -6.21430610000    3.76091611700
  2026-05-17T00:11:59.999999      -5212.312284617      -2029.998139314       3802.054110186    4.23396897200   -5.80886500300    2.69688942700
  2026-05-17T00:15:59.999999      -4016.637990528      -3332.176956937       4300.845242490    5.66827459400   -4.97553447800    1.43397753800
  2026-05-17T00:20:00.000000      -2525.047570079      -4388.868611532       4481.880080117    6.68477122000   -3.77576099000    0.06527758000
  2026-05-17T00:24:00.000000       -847.433864029      -5122.209199293       4331.768541272    7.20889253500   -2.29750755400   -1.30853487400
  2026-05-17T00:27:59.999999        892.621189418      -5478.021758486       3861.482099556    7.20181239700   -0.64905406800   -2.58634070700
  2026-05-17T00:31:59.999999       2566.818945965      -5429.814353812       3105.593560946    6.66334388800    1.04852418600   -3.67374451700
  2026-05-17T00:36:00.000000       4051.531767162      -4980.828148164       2119.831945419    5.63242778700    2.67003545000   -4.48996713800
  2026-05-17T00:40:00.000000       5236.957013693      -4163.937133591        977.050799679    4.18472548300    4.09528099700   -4.97400699200
  2026-05-17T00:43:59.999999       6035.362002933      -3039.329697177       -238.137489806    2.42733267600    5.21832940500   -5.08955139300
  2026-05-17T00:47:59.999999       6387.700977730      -1690.073504028      -1435.679347347    0.49070517400    5.95567016800   -4.82787414500
  2026-05-17T00:52:00.000000       6268.072666151       -215.921546588      -2526.843078325   -1.48120099100    6.25271139400   -4.20867490000
  2026-05-17T00:56:00.000000       5685.616483356       1274.196915975      -3430.897411384   -3.34225235200    6.08801567400   -3.27842453300
  2026-05-17T00:59:59.999999       4683.689877079       2670.332683516      -4081.107576523   -4.95522087400    5.47450647400   -2.10651240300
  2026-05-17T01:03:59.999999       3336.490511877       3869.641673205      -4429.606886789   -6.20185279600    4.45800752500   -0.77976777000
  2026-05-17T01:08:00.000000       1743.480407371       4783.878833258      -4450.823978585   -6.99110270800    3.11357885500    0.60399655100
  2026-05-17T01:12:00.000000         22.062425887       5345.776284716      -4143.275926076   -7.26534965500    1.53992047800    1.94302908500
  2026-05-17T01:15:59.999999      -1700.969130090       5513.909125279      -3529.656330068   -7.00441742400   -0.14759137600    3.13882455200
  2026-05-17T01:19:59.999999      -3298.645152037       5275.739794161      -2655.201600914   -6.22710280200   -1.82502279300    4.10316500600
  2026-05-17T01:24:00.000000      -4653.117091788       4648.619107698      -1584.432685678   -4.99017986900   -3.36875763600    4.76455912600
  2026-05-17T01:28:00.000000      -5664.367078867       3678.617829509       -396.464327984   -3.38463610000   -4.66458159800    5.07369804200
  2026-05-17T01:31:59.999999      -6257.697834871       2437.206815166        820.837735762   -1.52916048900   -5.61642536400    5.00746561500
  2026-05-17T01:35:59.999999      -6389.339162529       1015.974295722       1977.407827852    0.43884945200   -6.15380187400    4.57077135500
  2026-05-17T01:40:00.000000      -6049.710295112       -480.203167567       2987.710236290    2.37370956000   -6.23714111900    3.79620738800
  2026-05-17T01:44:00.000000      -5264.067556636      -1940.983671937       3777.117335482    4.13267163000   -5.86073953800    2.74144563700
  2026-05-17T01:47:59.999999      -4090.497126102      -3258.741677273       4287.390952170    5.58652589900   -5.05268131300    1.48450553500
  2026-05-17T01:51:59.999999      -2615.554783840      -4336.422700396       4480.893251733    6.62864436000   -3.87243222000    0.11799866900
  2026-05-17T01:56:00.000000       -947.906895358      -5094.603425722       4343.308504897    7.18248309200   -2.40656148700   -1.25751610000
  2026-05-17T02:00:00.000000        789.591646813      -5477.278313897       3884.681863470    7.20705056600   -0.76246932200   -2.54079177500
  2026-05-17T02:03:59.999999       2468.832298433      -5455.976389055       3138.725871791    6.69986263500    0.93912045700   -3.63704111100
  2026-05-17T02:07:59.999999       3965.814613731      -5031.949348657       2160.431211003    5.69752363500    2.57274473100   -4.46483748100
  2026-05-17T02:12:00.000000       5169.824694530      -4236.220845343       1022.096232067    4.27353380700    4.01730614500   -4.96230702800
  2026-05-17T02:16:00.000000       5991.744497690      -3127.421114368       -191.989514900    2.53326281700    5.16537233200   -5.09211895300
  2026-05-17T02:19:59.999999       6370.790730827      -1787.467881736      -1391.854356314    0.60595690200    5.93157683300   -4.84454778500
  2026-05-17T02:23:59.999999       6279.092069055       -315.434158352      -2488.599366183   -1.36515252200    6.25926435900   -4.23821679200
  2026-05-17T02:28:00.000000       5723.724652302       1179.904867891      -3401.073458528   -3.23395329700    6.12469415700   -3.31860799900
  2026-05-17T02:32:00.000000       4746.056379461       2588.205924039      -4061.911590356   -4.86260379800    5.53857476500   -2.15434787000
  2026-05-17T02:35:59.999999       3418.511444249       3805.726316511      -4422.463206515   -6.13169000100    4.54476306500   -0.83174529100
  2026-05-17T02:39:59.999999       1839.113414755       4742.885035838      -4456.270006581   -6.94853446600    3.21666804400    0.55170594300
  2026-05-17T02:44:00.000000        124.262910479       5330.738500781      -4160.922635191   -7.25353221100    1.65179494400    1.89428402500
  2026-05-17T02:48:00.000000      -1599.732336546       5525.955673994      -3558.210021409   -7.02422408800   -0.03515403900    3.09724000000
  2026-05-17T02:51:59.999999      -3205.838584224       5314.008873192      -2692.563220058   -6.27711174800   -1.72028783800    4.07180030500
  2026-05-17T02:55:59.999999      -4575.594081136       4710.319569009      -1627.853534907   -5.06675889900   -3.27944411500    4.74575409700
  2026-05-17T03:00:00.000000      -5607.866894452       3759.226004088       -442.736935422   -3.48215865600   -4.59731556000    5.06889058200
  2026-05-17T03:04:00.000000      -6226.407137657       2530.795144825        775.136492849   -1.64042002200   -5.57619863600    5.01700591200
  2026-05-17T03:08:00.000000      -6385.587493272       1115.650778487       1935.659661144    0.32204081600   -6.14361541800    4.59397494100
  2026-05-17T03:11:59.999999      -6073.788677783       -381.791647684       2953.010040415    2.26005722800   -6.25780235200    3.83135850800
  2026-05-17T03:15:59.999999      -5314.194434693      -1851.096188774       3752.027561359    4.03058926400   -5.91065973300    2.78587803300
  2026-05-17T03:20:00.000000      -4162.977757564      -3183.992498085       4273.756211627    5.50347301300   -5.12814181700    1.53495461100
  2026-05-17T03:24:00.000000      -2705.055142718      -4282.316258284       4479.724337332    6.57075517400   -3.96793770600    0.17078716900
  2026-05-17T03:27:59.999999      -1047.825240318      -5065.129853954       4354.694356520    7.15409089400   -2.51504582600   -1.20633776200
  2026-05-17T03:31:59.999999        686.628286526      -5474.601532187       3907.775287991    7.21022601700   -0.87591391700   -2.49501448200
  2026-05-17T03:36:00.000000       2370.419481572      -5480.283244701       3171.812932993    6.73437742700    0.82909413600   -3.60005487400
  2026-05-17T03:40:00.000000       3879.214688891      -5081.433811444       2201.056287356    5.76083519200    2.47426110100   -4.43939304300
  2026-05-17T03:43:59.999999       5101.427497728      -4307.213209857       1067.244979163    4.36096311400    3.93767856300   -4.95029169300
  2026-05-17T03:47:59.999999       5946.587020283      -3214.653377801       -145.666689477    2.63828633100    5.11050464100   -5.09440313000
  2026-05-17T03:52:00.000000       6352.181116566      -1884.474876129      -1347.784440412    0.72078955000    5.90549754700   -4.86092210500
  2026-05-17T03:56:00.000000       6288.369921540       -415.034290117      -2450.036691446   -1.24903439800    6.26385198800   -4.26744401300
  2026-05-17T03:59:59.999999       5760.163107665       1085.067311544      -3370.857777349   -3.12513366600    6.15953339400   -3.35850303700
  2026-05-17T04:03:59.999999       4806.926668413       2505.115502848      -4042.260729262   -4.76907286600    5.60100895200   -2.20194566700
  2026-05-17T04:08:00.000000       3499.299995632       3740.484582005      -4414.813454541   -6.06025020400    4.63015230100   -0.88354310600
  2026-05-17T04:12:00.000000       1933.857427972       4700.279062591      -4461.179173700   -6.90439033300    3.31874814500    0.49948799800
  2026-05-17T04:15:59.999999        225.979423763       5313.896342082      -4178.028737659   -7.23992349500    1.76309209400    1.84549077800
  2026-05-17T04:19:59.999999      -1498.538749929       5536.118255726      -3586.251324499   -7.04217776100    0.07719580400    3.05547949900
  2026-05-17T04:24:00.000000      -3112.632420991       5350.427584321      -2729.464571560   -6.32530555000   -1.61519542300    4.04018938900
  2026-05-17T04:28:00.000000      -4497.245718421       4770.305927187      -1670.882072398   -5.14161333100   -3.18934609800    4.72661239600
  2026-05-17T04:31:59.999999      -5550.153082575       3838.358365421       -488.711893687   -3.57819407000   -4.52885354200    5.06363302900
  2026-05-17T04:35:59.999999      -6193.585124289       2623.235689761        729.617350797   -1.75052400600   -5.53445097400    5.02604010100
  2026-05-17T04:40:00.000000      -6380.068669931       1214.578370756       1893.964879798    0.20602638800   -6.13162798400    4.61660784100
  2026-05-17T04:44:00.000000      -6095.971790075       -283.664934087       2918.221058449    2.14664286200   -6.27642882100    3.86592380800
  2026-05-17T04:47:59.999999      -5362.440874318      -1761.003270868       3726.719211620    3.92815740300   -5.95856014600    2.82982022800
  2026-05-17T04:51:59.999999      -4233.723547828      -3108.571433658       4259.795477969    5.41956178400   -5.20174969600    1.58498443500
  2026-05-17T04:56:00.000000      -2793.089698121      -4227.119319774       4478.134593205    6.51147390300   -4.06182805100    0.22322064100
  2026-05-17T05:00:00.000000      -1146.674741008      -5034.227649564       4365.598500575    7.12382144500   -2.62237493600   -1.15529046300
  2026-05-17T05:03:59.999999        584.253513841      -5470.288069592       3930.382698937    7.21129861300   -0.98877128100   -2.44914807700
  2026-05-17T05:07:59.999999       2272.078188160      -5502.884095514       3204.461219364    6.76672297700    0.71905174300   -3.56277377800
  2026-05-17T05:12:00.000000       3792.175291049      -5129.287872779       2241.335769468    5.82209139100    2.37516335700   -4.41348292600
  2026-05-17T05:16:00.000000       5032.127073021      -4376.791586504       1112.172899241    4.44661123400    3.85687055900   -4.93771110300
  2026-05-17T05:19:59.999999       5900.147901978      -3300.812849403        -99.423389407    2.74196320700    5.05399085000   -5.09608293500
  2026-05-17T05:23:59.999999       6332.028529771      -1980.844475471      -1303.653306758    0.83480047800    5.87745583200   -4.87673045600
  2026-05-17T05:28:00.000000       6295.980378147       -514.490673975      -2411.284103653   -1.13311950100    6.26632562700   -4.29617774000
  2026-05-17T05:32:00.000000       5794.962287250        989.870101248      -3340.346829622   -3.01588452200    6.19232784700   -3.39801872300
  2026-05-17T05:35:59.999999       4866.328284553       2421.203066710      -4022.238638074   -4.67456591300    5.66165700400   -2.24928507700
  2026-05-17T05:39:59.999999       3578.906295106       3674.035035573      -4406.743563561   -5.98742291200    4.71412048300   -0.93518915900
  2026-05-17T05:44:00.000000       2027.792303117       4656.171348132      -4465.643705641   -6.85853871400    3.41981290300    0.44731836200
  2026-05-17T05:48:00.000000        327.327270451       5295.364537256      -4194.696557528   -7.22439098500    1.87385563600    1.79658645000
  2026-05-17T05:51:59.999999      -1397.245041585       5544.526200608      -3613.899743611   -7.05815212700    0.18954108300    3.01345144500
  2026-05-17T05:55:59.999999      -3018.860189286       5385.158293861      -2766.054011949   -6.37163150700   -1.50954362900    4.00817998400
  2026-05-17T06:00:00.000000      -4417.915627645       4828.798272683      -1713.703816867   -5.21488550500   -3.09822517200    4.70701071400
  2026-05-17T06:04:00.000000      -5491.112175527       3916.287970554       -534.597815208   -3.67295775200   -4.45899278600    5.05785661500
  2026-05-17T06:08:00.000000      -6159.183137374       2714.848905946        684.058802002   -1.85981003400   -5.49098877300    5.03452869200
  2026-05-17T06:11:59.999999      -6372.835214914       1313.110078903       1852.103687254    0.09031943600   -6.11779117900    4.63873450700
  2026-05-17T06:15:59.999999      -6116.421228221       -185.488285117       2883.148857551    2.03308484100   -6.29319405000    3.90001264400
  2026-05-17T06:20:00.000000      -5409.049018794      -1670.414216303       3701.017111292    3.82506165100   -6.00463580600    2.87334003900
  2026-05-17T06:24:00.000000      -4303.050901724      -3032.242409622       4245.358935363    5.33450944200   -5.27376774200    1.63476007600
  2026-05-17T06:27:59.999999      -2880.020708940      -4170.670691213       4476.028309408    6.45072139100   -4.15445502200    0.27555939100
  2026-05-17T06:31:59.999999      -1244.809459626      -5001.816875255       4375.975455721    7.09178238600   -2.72883307200   -1.10424310100
  2026-05-17T06:36:00.000000        482.134008802      -5464.316150326       3952.483211941    7.21035996100   -1.10129045100   -2.40309673800
  2026-05-17T06:40:00.000000       2173.509604616      -5523.817176498       3236.668138170    6.79707453500    0.60876701600   -3.52513340900
  2026-05-17T06:43:59.999999       3704.447690611      -5175.597096759       2281.279179370    5.88152983600    2.27529737100   -4.38706024700
  2026-05-17T06:47:59.999999       4961.737326631      -4445.065147274       1156.902849822    4.53076024100    3.77484021700   -4.92449796400
  2026-05-17T06:52:00.000000       5852.312224852      -3386.007886789        -53.217801540    2.84459341400    4.99589719400   -5.09708280900
  2026-05-17T06:56:00.000000       6310.287199486      -2076.656665398      -1259.394660836    0.94827140200    5.84761227000   -4.89184708300
  2026-05-17T06:59:59.999999       6301.935788404       -613.833123800      -2372.245390119   -1.01722736400    6.26692909900   -4.32428232500
  2026-05-17T07:03:59.999999       5828.160909193        894.337942480      -3309.409210336   -2.90615418400    6.22327216100   -3.43700047100
  2026-05-17T07:08:00.000000       4924.308248247       2336.527484877      -4001.679431053   -4.57906830200    5.72062839600   -2.29625976700
  2026-05-17T07:12:00.000000       3657.378327353       3606.456776024      -4398.072611447   -5.91319794000    4.79673530300   -0.98666501200
  2026-05-17T07:15:59.999999       2120.962157353       4610.661277469      -4469.487000151   -6.81102872600    3.51994875400    0.39515814400
  2026-05-17T07:19:59.999999        428.328695788       5275.256738506      -4210.755474614   -7.20703661100    1.98409999300    1.74757217700
  2026-05-17T07:24:00.000000      -1295.844533330       5551.285839899      -3640.984745292   -7.07221292800    0.30182214800    2.97114702400
  2026-05-17T07:28:00.000000      -2924.529441690       5418.285109388      -2802.166951259   -6.41612765300   -1.40345819200    3.97572081400
  2026-05-17T07:31:59.999999      -4337.612811856       4885.847252305      -1756.171720776   -5.28655531200   -3.00619886700    4.68684402700
  2026-05-17T07:35:59.999999      -5430.755111166       3993.040093358       -580.268612014   -3.76646164300   -4.38785396600    5.05149631700
  2026-05-17T07:40:00.000000      -6123.204826925       2805.625881657        638.569950164   -1.96820434300   -5.44596884300    5.04239002400
  2026-05-17T07:44:00.000000      -6363.867465648       1411.208053442       1810.158191770   -0.02498342400   -6.10217923800    4.66021523300
  2026-05-17T07:47:59.999999      -6135.107488861        -87.310831681       2847.842551558    1.91936740700   -6.30814270800    3.93350884300
  2026-05-17T07:51:59.999999      -5453.993490418      -1579.399728256       3674.948749030    3.72131072700   -6.04900495800    2.91635073200
  2026-05-17T07:56:00.000000      -4370.929881455      -2955.095257353       4230.443363029    5.24830281100   -5.34424389900    1.68412300100
  2026-05-17T08:00:00.000000      -2965.837536933      -4113.073221856       4473.368503346    6.38838229500   -4.24589358800    0.32769875100
  2026-05-17T08:03:59.999999      -1342.240290878      -4968.019016924       4385.776420086    7.05792275500   -2.83449748700   -1.05318454200
  2026-05-17T08:07:59.999999        380.263247351      -5456.820239663       3974.029809734    7.20745832700   -1.21346494900   -2.35688435700
  2026-05-17T08:12:00.000000       2074.704462599      -5543.205564640       3268.379361728    6.82538173100    0.49827619000   -3.48715947300
  2026-05-17T08:16:00.000000       3616.007741417      -5220.483829437       2320.826802408    5.93908108700    2.17462623200   -4.36014125200
  2026-05-17T08:19:59.999999       4890.222613830      -4512.174596445       1201.372376232    4.61338016900    3.69148023800   -4.91066130700
  2026-05-17T08:23:59.999999       5803.041341358      -3470.407746047         -7.115455917    2.94618653300    4.93608242900   -5.09740559400
  2026-05-17T08:28:00.000000       6286.932741703      -2172.119683083      -1215.077635418    1.06130353000    5.81581231300   -4.90631141800
  2026-05-17T08:32:00.000000       6306.247328969       -713.308011312      -2332.999450355   -0.90114138000    6.26550185600   -4.35181559800
  2026-05-17T08:35:59.999999       5859.839119768        798.199642079      -3278.145038252   -2.79560105300    6.25232675800   -3.47556225300
  2026-05-17T08:39:59.999999       4981.029664639       2250.825726313      -3980.712705909   -4.48222158100    5.77800498200   -2.34297497300
  2026-05-17T08:44:00.000000       3734.971454531       3537.518799884      -4388.956491748   -5.83719788400    4.87819157400   -1.03809404600
  2026-05-17T08:48:00.000000       2213.713493014       4563.574622168      -4472.900190695   -6.76149415800    3.61946230100    0.34282489300
  2026-05-17T08:51:59.999999        529.404311107       5253.497046598      -4226.448476004   -7.18762084100    2.09432791000    1.69821091700
  2026-05-17T08:55:59.999999      -1193.886195766       5556.454401006      -3667.799300286   -7.08431643400    0.41460979100    2.92839538800
  2026-05-17T09:00:00.000000      -2829.193340690       5449.999999097      -2838.131430275   -6.45887818600   -1.29639102900    3.94269761500
  2026-05-17T09:04:00.000000      -4255.926866485       4941.775525151      -1798.639276938   -5.35686501600   -2.91274594300    4.66602707100
  2026-05-17T09:08:00.000000      -5368.750609904       4069.053256818       -626.096842742   -3.85913632000   -4.31497606000    5.04448470200
  2026-05-17T09:11:59.999999      -6085.446426957       2896.098474029        592.779177661   -2.07630900400   -5.39909911800    5.04969941400
  2026-05-17T09:15:59.999999      -6353.108907764       1509.444993392       1767.790215398   -0.14047974700   -6.08473638200    4.68124710200
  2026-05-17T09:20:00.000000      -6152.103464073         11.437866946       2812.018985813    1.80500066700   -6.32134051500    3.96667405700
  2026-05-17T09:24:00.000000      -5497.457742624      -1487.417670369       3648.303744014    3.61647108500   -6.09183991700    2.95919247100
  2026-05-17T09:27:59.999999      -4437.631229265      -2876.652808775       4214.928261016    5.16069217100   -5.41353623100    1.73345338900
  2026-05-17T09:31:59.999999      -3050.842561237      -4053.939102369       4470.110515328    6.32438735400   -4.33650819900    0.37988714600
  2026-05-17T09:36:00.000000      -1439.286033573      -4932.541449573       4395.010176677    7.02221398200   -2.93981715100   -1.00191085600
  2026-05-17T09:40:00.000000        278.333336789      -5447.616807597       3995.079356989    7.20271119100   -1.32574154600   -2.31030040400
  2026-05-17T09:43:59.999999       1975.410430109      -5560.961460757       3299.696164861    6.85196323100    0.38727799400   -3.44871995100
  2026-05-17T09:47:59.999999       3526.681676589      -5263.905192833       2360.096944756    5.99505285900    2.07306604000   -4.33272035800
  2026-05-17T09:52:00.000000       4817.465588438      -4578.081325400       1245.686145403    4.69464110200    3.60682580800   -4.89632259600
  2026-05-17T09:56:00.000000       5752.241395838      -3553.959842092         38.950965171    3.04677181500    4.87460549300   -5.09722618200
  2026-05-17T09:59:59.999999       6261.862439720      -2267.165628268      -1170.680700549    1.17379742900    5.78211005500   -4.92031647900
  2026-05-17T10:03:59.999999       6308.775722699       -812.834998739      -2293.570489087   -0.78507556400    6.26209558800   -4.37894898100
  2026-05-17T10:08:00.000000       5889.791913202        701.538450766      -3246.609714837   -2.68455233100    6.27947075100   -3.51380423400
  2026-05-17T10:12:00.000000       5036.201952272       2164.165047291      -3959.411523592   -4.38440381500    5.83367193200   -2.38948306100
  2026-05-17T10:15:59.999999       3811.299400527       3467.249915841      -4379.468455933   -5.75980236200    4.95827380600   -1.08941349800
  2026-05-17T10:19:59.999999       2305.579321867       4514.880970757      -4475.929234518   -6.71021889900    3.71806631400    0.29048058000
  2026-05-17T10:24:00.000000        630.040507142       5229.972569383      -4241.774580035   -7.16626640400    2.20416856900    1.64871942000
  2026-05-17T10:28:00.000000      -1091.896598733       5559.834676294      -3694.290147663   -7.09445798400    0.52758149200    2.88542607300
  2026-05-17T10:31:59.999999      -2733.363492664       5480.031155292      -2873.828218989   -6.49973648300   -1.18864560500    3.90941461500
  2026-05-17T10:35:59.999999      -4173.308577233       4996.240520581      -1840.912225214   -5.42543953900   -2.81813085200    4.64485213400
  2026-05-17T10:40:00.000000      -5305.436165065       4143.937437754       -671.827402113   -3.95042705300   -4.24050535400    5.03703902500
  2026-05-17T10:44:00.000000      -6046.101488328       2985.862799363        546.976741175   -2.18351603900   -5.35034407700    5.05654779100
  2026-05-17T10:47:59.999999      -6340.612248837       1607.441958119       1725.303745300   -0.25561120500   -6.06529827500    4.70184467700
  2026-05-17T10:51:59.999999      -6167.338181654        110.421084246       2775.978418409    1.69048176400   -6.33260484500    3.99945582100
  2026-05-17T10:56:00.000000      -5539.252526128      -1394.750791030       3621.353157797    3.51101222000   -6.13287055200    3.00168703300
  2026-05-17T11:00:00.000000      -4502.868696121      -2797.118330242       4199.033762218    5.07199337900   -5.48126427400    1.78252247700
  2026-05-17T11:03:59.999999      -3134.691176489      -3993.382557067       4466.422829942    6.25894477300   -4.42594602300    0.43191084400
  2026-05-17T11:07:59.999999      -1535.552942866      -4895.407285885       4403.779872792    6.98480221700   -3.04436282800   -0.95076149200
  2026-05-17T11:12:00.000000        176.742979018      -5436.629960272       4015.645732450    7.19604070400   -1.43775715000   -2.26374294900
  2026-05-17T11:16:00.000000       1875.986880222      -5576.934323751       3330.540672441    6.87658709100    0.27602084100   -3.41015423200
  2026-05-17T11:19:59.999999       3436.770294699      -5305.663354448       2398.945764368    6.04921011700    1.97078125900   -4.30499735700
  2026-05-17T11:23:59.999999       4743.718636604      -4642.542775705       1289.671549739    4.77435826400    3.52109593600   -4.88151011600
  2026-05-17T11:28:00.000000       5700.122454080      -3636.359056350         84.821948082    3.14616711800    4.81178481900   -5.09642882500
  2026-05-17T11:32:00.000000       6235.232129492      -2361.409269226      -1126.319339710    1.28548058500    5.74683297200   -4.93362013900
  2026-05-17T11:35:59.999999       6309.600687389       -911.962371260      -2254.008165340   -0.66938299500    6.25691495300   -4.40538165400
  2026-05-17T11:39:59.999999       5918.012234906        604.836888942      -3214.778304543   -2.57335998900    6.30474549700   -3.55139588400
  2026-05-17T11:44:00.000000       5089.742939362       2077.021594781      -3937.669722644   -4.28590441600    5.88755810800   -2.43544640800
  2026-05-17T11:48:00.000000       3886.214981440       3396.091653042      -4369.425088581   -5.68128244000    5.03676913200   -1.14033214300
  2026-05-17T11:51:59.999999       2396.348069917       4464.951446754      -4478.327432082   -6.65743415200    3.81538088200    0.23836240500
  2026-05-17T11:55:59.999999        729.980576248       5204.953007376      -4256.438923638   -7.14310619400    2.31315756500    1.59925295100
  2026-05-17T12:00:00.000000       -990.149422098       5561.573712860      -3720.138813042   -7.10265506000    0.64019573600    2.84226838100
  2026-05-17T12:04:00.000000      -2637.309498124       5508.399057091      -2908.951892063   -6.53869567600   -1.08073054300    3.87576842800
  2026-05-17T12:08:00.000000      -4090.027049215       5049.137247940      -1882.710546612   -5.49223979300   -2.72290074200    4.62320769100
  2026-05-17T12:11:59.999999      -5241.053505623       4217.459220285       -717.218593681   -4.04016396200   -4.16491091500    5.02892364400
  2026-05-17T12:15:59.999999      -6005.372862511       3074.596455921        501.337253941   -2.28967516600   -5.29997389100    5.06262211500
  2026-05-17T12:20:00.000000      -6326.554707343       1704.839396435       1682.793015734   -0.37032899400   -6.04392640100    4.72168561600
  2026-05-17T12:24:00.000000      -6180.992616767        209.286276223       2739.743196784    1.57569526600   -6.34181654600    4.03158006900
  2026-05-17T12:27:59.999999      -5579.610563932      -1301.721781687       3594.071406829    3.40465493600   -6.17198483000    3.04370913000
  2026-05-17T12:31:59.999999      -4566.946536058      -2716.791048779       4182.718447767    4.98189407100   -5.54733133700    1.83132382300
  2026-05-17T12:36:00.000000      -3217.771959509      -3931.675714345       4462.281446673    6.19166140100   -4.51410557000    0.48394238500
  2026-05-17T12:40:00.000000      -1631.528037748      -4856.882632604       4412.134978434    6.94530287900   -3.14819937600   -0.89929816300
  2026-05-17T12:43:59.999999         74.940867461      -5424.153118426       4035.901815234    7.18728643700   -1.54964616800   -2.21664854600
  2026-05-17T12:47:59.999999       1775.863777162      -5591.458263273       3361.220342617    6.89925438000    0.16428958800   -3.37092886900
  2026-05-17T12:52:00.000000       3345.718732932      -5346.158456645       2437.797565575    6.10169204800    1.86742408900   -4.27654622500
  2026-05-17T12:56:00.000000       4668.485126237      -4706.063873266       1333.836866749    4.85288263600    3.43376971800   -4.86596467600
  2026-05-17T12:59:59.999999       5646.299259846      -3718.247115735        131.037666095    3.24495179200    4.74701232900   -5.09500046700
  2026-05-17T13:03:59.999999       6206.829000984      -2455.633301271      -1081.478218784    1.39721601000    5.70945267500   -4.94643157200
  2026-05-17T13:08:00.000000       6308.746581306      -1011.566121389      -2213.865525006   -0.55297850200    6.24975787500   -4.43148545400
  2026-05-17T13:12:00.000000       5944.785029211        507.220491916      -3182.308862207   -2.46098241200    6.32834753800   -3.58882597000
  2026-05-17T13:15:59.999999       5142.163642977       1988.598325171      -3915.269725959   -4.18585665100    5.94007413800   -2.48140987600
  2026-05-17T13:19:59.999999       3960.425432414       3323.373739509      -4358.749508053   -5.60087832200    5.11433748900   -1.19147263800
  2026-05-17T13:24:00.000000       2486.884652100       4413.301957674      -4480.169564155   -6.60263424800    3.91229067200    0.18584033900
  2026-05-17T13:28:00.000000        830.173661807       5178.178390429      -4270.663834728   -7.11792751100    2.42226168500    1.54922080600
  2026-05-17T13:31:59.999999       -887.679636514       5561.651966830      -3745.697815011   -7.10897451300    0.75348078700    2.79844115300
  2026-05-17T13:35:59.999999      -2540.112817682       5535.330211442      -2943.952073357   -6.57605032600   -0.97163069500    3.84140676300
  2026-05-17T13:40:00.000000      -4005.269259221       5100.937309726      -1924.560999247   -5.55790493800   -2.62605498300    4.60084515500
  2026-05-17T13:44:00.000000      -5174.982317717       4290.299093883       -762.817773332   -4.12923856600   -4.08750932400    5.02023755400
  2026-05-17T13:47:59.999999      -5962.840619360       3163.098671023        455.365889903   -2.39555196000   -5.24764080800    5.06822116900
  2026-05-17T13:51:59.999999      -6310.684487421       1802.491117094       1639.852839672   -0.48526176600   -6.02050079700    4.74120162600
  2026-05-17T13:56:00.000000      -6192.945538829        308.892147526       2703.023070038    1.46020646200   -6.34905649800    4.06356875700
  2026-05-17T14:00:00.000000      -5618.495519815      -1207.501659486       3566.293482703    3.29708664500   -6.20935196800    3.08577313700
  2026-05-17T14:03:59.999999      -4629.897476164      -2634.907305454       4165.940281892    4.89016234500   -5.61213306800    1.88034752200
  2026-05-17T14:07:59.999999      -3300.144861765      -3868.174077152       4457.741007854    6.12254074900   -4.60153522100    0.53626637000
  2026-05-17T14:12:00.000000      -1727.255038307      -4816.447878363       4420.167378603    6.90382220800   -3.25181639200   -0.84748498200
  2026-05-17T14:16:00.000000        -27.094983569      -5409.782570845       4055.928907870    7.17653307500   -1.66189604400   -2.16912411700
  2026-05-17T14:19:59.999999       1675.045792582      -5604.241206737       3391.781901396    6.92009935400    0.05166151200   -3.33121434100
  2026-05-17T14:23:59.999999       3253.568514939      -5385.181779928       2476.647988289    6.15263895300    1.76274392900   -4.24762534000
  2026-05-17T14:28:00.000000       4591.820179178      -4768.471566879       1378.107062715    4.93018007000    3.34479008200   -4.85000646000
  2026-05-17T14:32:00.000000       5590.795238149      -3799.452514216        177.450833021    3.34290371500    4.68032385100   -5.09321766100
  2026-05-17T14:35:59.999999       6176.599082604      -2549.650626274      -1036.364873756    1.50856363800    5.67004298400   -4.95897397400
  2026-05-17T14:39:59.999999       6306.024349021      -1111.453444725      -2173.396065211   -0.43652554100    6.24055401900   -4.45739922700
  2026-05-17T14:44:00.000000       5969.761094756        408.836587897      -3149.478192751   -2.34804441400    6.34999850200   -3.62617101900
  2026-05-17T14:48:00.000000       5192.981774796       1898.976562862      -3892.501664086   -4.08479050000    5.99098974200   -2.52739026300
  2026-05-17T14:51:59.999999       4033.311853105       3249.121117149      -4347.709743079   -5.51915832400    5.19067285900   -1.24261024600
  2026-05-17T14:55:59.999999       2576.454454264       4359.867897495      -4481.648366166   -6.54618414100    4.00838298700    0.13329103600
  2026-05-17T15:00:00.000000        929.820990772       5149.483209434      -4284.536337611   -7.09091733200    2.53104154200    1.49913600200
  2026-05-17T15:04:00.000000       -785.299563643       5559.787760573      -3770.922247290   -7.11335523400    0.86691833500    2.75450783600
  2026-05-17T15:08:00.000000      -2442.544581830       5560.416623075      -2978.652076463   -6.61151764500   -0.86187339700    3.80687087200
  2026-05-17T15:11:59.999999      -3919.700511387       5151.104947141      -1966.156069935   -5.62180631900   -2.52808855300    4.57827285800
  2026-05-17T15:15:59.999999      -5107.709470113       4361.831676803       -808.220069953   -4.21685943400   -4.00853971200    5.01128146300
  2026-05-17T15:20:00.000000      -5918.808655370       3250.703398969        409.524586666   -2.50040017700   -5.19350943600    5.07354119600
  2026-05-17T15:24:00.000000      -6293.113658671       1899.689801693       1596.968814022   -0.59955277800   -5.99515983800    4.76035835900
  2026-05-17T15:27:59.999999      -6203.100755562        408.516926871       2666.262013846    1.34486636000   -6.35429956200    4.09512707100
  2026-05-17T15:31:59.999999      -5655.608452954      -1112.787999322       3538.371528411    3.18917198400   -6.24478152100    3.12741764200
  2026-05-17T15:36:00.000000      -4691.220780123      -2552.074671732       4148.917747630    4.79754698700   -5.67511350100    1.92898137300
  2026-05-17T15:40:00.000000      -3381.167653539      -3803.327589415       4452.881906914    6.05202130800   -4.68752099400    0.58836581800
  2026-05-17T15:43:59.999999      -1822.004860423      -4774.380140005       4427.838690275    6.86065533000   -3.35447102700   -0.79581958100
  2026-05-17T15:47:59.999999       -128.587073615      -5393.602071145       4075.564159705    7.16385820700   -1.77364243600   -2.12169673600
  2026-05-17T15:52:00.000000       1574.289670859      -5615.155848408       3421.940413045    6.93888867400   -0.06099202600   -3.29149249700
  2026-05-17T15:56:00.000000       3160.990886982      -5422.407622161       2515.112813260    6.20158728900    1.65750235200   -4.21856351000
  2026-05-17T15:59:59.999999       4514.270908376      -4829.273729097       1422.038889582    5.00568941000    3.25478806100   -4.83379647000
  2026-05-17T16:03:59.999999       5534.012586637      -3879.342716358        223.598259516    3.43936806200    4.61225108700   -5.09108016300
  2026-05-17T16:08:00.000000       6144.777076199      -2642.724124645       -991.418226423    1.61881121500    5.62893814300   -4.97105606300
  2026-05-17T16:12:00.000000       6301.506266368      -1210.831620858      -2132.975391246   -0.32065483800    6.22944096100   -4.48279543700
  2026-05-17T16:15:59.999999       5992.867408717        310.494478019      -3116.569928549   -2.23514199100    6.36967856700   -3.66297989400
  2026-05-17T16:19:59.999999       5241.988768395       1808.923801209      -3869.528929673   -3.98318926300    6.03995557000   -2.57286346400
  2026-05-17T16:24:00.000000       4104.589280288       3173.990109771      -4336.359065203   -5.43632650200    5.26529175100   -1.29338796300
  2026-05-17T16:28:00.000000       2664.729977991       4305.187905893      -4482.743849800   -6.48822377000    4.10311711400    0.08100421500
  2026-05-17T16:31:59.999999       1028.585062862       5119.265235216      -4297.976608396   -7.06199957700    2.63890692200    1.44917151100
  2026-05-17T16:35:59.999999       -683.317910427       5556.250218259      -3795.707855341   -7.11563913000    0.98001062200    2.71051808000
  2026-05-17T16:40:00.000000      -2344.862246782       5583.813126223      -3012.948338736   -6.64484136800   -0.75189884000    3.77209588600
  2026-05-17T16:44:00.000000      -3833.520143084       5199.706989438      -2007.426153474   -5.68374510200   -2.42932408200    4.55529976900
  2026-05-17T16:47:59.999999      -5039.390526711       4432.046772672       -853.405911510   -4.30283493000   -3.92831246000    5.00181775900
  2026-05-17T16:51:59.999999      -5873.386674906       3337.341026379        363.765894953   -2.60405555400   -5.13773069800    5.07826719900
  2026-05-17T16:56:00.000000      -6273.933683069       1996.346968359       1554.022494608   -0.71322083600   -5.96795891600    4.77891960700
  2026-05-17T17:00:00.000000      -6211.564068378        508.051949066       2629.299874762    1.22960284400   -6.35765165900    4.12611601200
  2026-05-17T17:03:59.999999      -5691.077413521      -1017.714902114       3510.118134812    3.08077413800   -6.27837251900    3.16854904800
  2026-05-17T17:07:59.999999      -4751.076896538      -2468.463424030       4131.458269496    4.70398198900   -5.73644855500    1.97724317600
  2026-05-17T17:12:00.000000      -3461.003471428      -3737.331793084       4447.508261304    5.98009981900   -4.77208829300    0.64021249700
  2026-05-17T17:16:00.000000      -1915.956474420      -4730.870312203       4434.965136163    6.81569351200   -3.45614214400   -0.74414251500
  2026-05-17T17:19:59.999999       -229.728244129      -5375.807668571       4094.684521684    7.14927783100   -1.88492740300   -2.07405784700
  2026-05-17T17:23:59.999999       1473.423666694      -5624.402008478       3451.648933745    6.95574856500   -0.17365693400   -3.25144470200
  2026-05-17T17:28:00.000000       3067.843873026      -5458.029105855       2553.218590718    6.24866231200    1.55173187800   -4.18907180700
  2026-05-17T17:32:00.000000       4435.726559764      -4888.662043449       1465.725861898    5.07955428700    3.16373949800   -4.81707201300
  2026-05-17T17:35:59.999999       5475.884108731      -3958.123264806        269.631164980    3.53457595500    4.54270424100   -5.08837509700
  2026-05-17T17:39:59.999999       6111.365996554      -2735.079723436       -946.450374930    1.72829461500    5.58607048900   -4.98258575600
  2026-05-17T17:44:00.000000       6295.275479271      -1309.935562266      -2092.405569679   -0.20504828500    6.21641589800   -4.50768163900
  2026-05-17T17:48:00.000000       6014.261998807        211.959637150      -3083.397088606   -2.12196485300    6.38741576900   -3.69935462700
  2026-05-17T17:51:59.999999       5289.412522090       1718.226787509      -3846.201553737   -3.88079271200    6.08711294900   -2.61801466900
  2026-05-17T17:55:59.999999       4174.531537412       3097.809875214      -4324.590353956   -5.35222681600    5.33835933700   -1.34396297700
  2026-05-17T18:00:00.000000       2752.028486655       4249.130598446      -4483.394340903   -6.42858279300    4.19670843700    0.02872223900
  2026-05-17T18:04:00.000000       1126.800947160       5087.454892343      -4310.992707407   -7.03122844500    2.74611912600    1.39905534800
  2026-05-17T18:08:00.000000       -581.424208834       5551.021092402      -3820.116501438   -7.11593603000    1.09294817700    2.66627649900
  2026-05-17T18:11:59.999999      -2246.790326240       5605.550835650      -3046.941408005   -6.67620844400   -0.64150347500    3.73695940500
  2026-05-17T18:15:59.999999      -3746.500231269       5246.813217803      -2048.491993665   -5.74391246200   -2.32962513500    4.53186514300
  2026-05-17T18:20:00.000000      -4969.844015805       4501.047639419       -898.506400431   -4.38737758900   -3.84669561100    4.99184924400
  2026-05-17T18:24:00.000000      -5826.443435713       3423.135693905        317.974877136   -2.70669190400   -5.08026823800    5.08250425300
  2026-05-17T18:27:59.999999      -6253.043173403       2092.591986953       1510.928153901   -0.82634517500   -5.93886982100    4.79700987100
  2026-05-17T18:31:59.999999      -6218.251876854        607.639760764       2592.084986520    1.11433230100   -6.35905744600    4.15671676200
  2026-05-17T18:36:00.000000      -5724.833335902       -922.134344040       3481.526408049    2.97186976900   -6.31014998300    3.20936228200
  2026-05-17T18:40:00.000000      -4809.393690080      -2383.935497368       4113.592986727    4.60946745800   -5.79618652200    2.02525797400
  2026-05-17T18:43:59.999999      -3539.571681840      -3670.072126391       4441.679751954    5.90689058400   -4.85536038900    0.69188209000
  2026-05-17T18:47:59.999999      -2008.987312406      -4685.822306062       4441.596901730    6.76910980600   -3.55683589600   -0.69260369100
  2026-05-17T18:52:00.000000       -330.380701771      -5356.295696186       4113.295307233    7.13276594200   -1.99573171500   -2.02638648100
  2026-05-17T18:56:00.000000       1372.576028346      -5631.883926258       3480.878833055    6.97065219700   -0.28639361400   -3.21118246300
  2026-05-17T18:59:59.999999       2974.257289668      -5491.958569376       2590.913038480    6.29388996900    1.44544195900   -4.15923741900
  2026-05-17T19:03:59.999999       4356.318233042      -4946.533565649       1509.097264389    5.15174681200    3.07174600800   -4.79989508100
  2026-05-17T19:08:00.000000       5416.521665282      -4035.664118961        315.466518766    3.62839389200    4.47181028900   -5.08515340600
  2026-05-17T19:12:00.000000       6076.432153187      -2826.559420652       -901.551779950    1.83677883800    5.54152537300   -4.99356281700
  2026-05-17T19:15:59.999999       6287.337891926      -1408.591977620      -2051.774736173   -0.08997304700    6.20151840000   -4.53203433000
  2026-05-17T19:19:59.999999       6033.881780928        113.412580319      -3050.038051865   -2.00881340900    6.40321670200   -3.73522080100
  2026-05-17T19:24:00.000000       5335.120015240       1627.056771102      -3822.570808523   -3.77789140000    6.13240421200   -2.66271364800
  2026-05-17T19:28:00.000000       4242.937629344       3020.731792673      -4312.420703389   -5.26713381000    5.40976510600   -1.39417823700
  2026-05-17T19:31:59.999999       2838.079648583       4191.812747911      -4483.570133078   -6.36753128100    4.28894678900   -0.02330529400
  2026-05-17T19:35:59.999999       1224.154345189       5054.107288562      -4323.489967976   -6.99868089000    2.85240632200    1.34903458000
  2026-05-17T19:40:00.000000       -479.945165625       5544.093429742      -3844.007401867   -7.11432224600    1.20546181400    2.62194164800
  2026-05-17T19:44:00.000000      -2148.669850107       5625.541241357      -3080.452185037   -6.70561869800   -0.53108670500    3.70163010000
  2026-05-17T19:47:59.999999      -3658.962614945       5292.236266927      -2089.134497835   -5.80214808300   -2.22941027900    4.50812226100
  2026-05-17T19:51:59.999999      -4899.335195809       4568.548745570       -943.274400559   -4.47017917700   -3.76407109500    4.98143126300
  2026-05-17T19:56:00.000000      -5778.161084356       3507.727615568        272.394239458   -2.80795874900   -5.02135962700    5.08619450000
  2026-05-17T20:00:00.000000      -6230.540547771       2188.019406219       1467.907961148   -0.93857290700   -5.90804164900    4.81452297900
  2026-05-17T20:03:59.999999      -6223.172305776        706.848961503       2554.803876975    0.99944578200   -6.35855272600    4.18672519200
  2026-05-17T20:07:59.999999      -5756.797574857       -826.464786363       3452.731909239    2.86278377800   -6.33996592700    3.24963943400
  2026-05-17T20:12:00.000000      -4866.033684199      -2298.860026469       4095.406361327    4.51419540000   -5.85410829200    2.07283903300
  2026-05-17T20:16:00.000000      -3616.700242474      -3601.858133545       4435.439850865    5.83246562200   -4.93707215400    0.74322983400
  2026-05-17T20:19:59.999999      -2100.918564560      -4639.488115183       4447.757898590    6.72093704200   -3.65633174700   -0.64124680200
  2026-05-17T20:23:59.999999       -430.348846024      -5335.254559779       4131.404530455    7.11437866400   -2.10572390900   -1.97879071700
  2026-05-17T20:28:00.000000       1271.928631654      -5637.702048410       3509.604608973    6.98342824400   -0.39884931200   -3.17084648300
  2026-05-17T20:32:00.000000       2880.356973394      -5524.233017943       2628.145673274    6.33701316700    1.33880231500   -4.12913205600
  2026-05-17T20:35:59.999999       4276.119277999      -5002.899482625       1552.088984002    5.22207971000    2.97888316100   -4.78231438900
  2026-05-17T20:39:59.999999       5355.959976142      -4111.958371472        361.032829415    3.72068709100    4.39964368300   -5.08141578300
  2026-05-17T20:44:00.000000       6039.981842739      -2917.134777659       -856.786803321    1.94415549600    5.49542339600   -5.00392911400
  2026-05-17T20:48:00.000000       6277.678818979      -1506.744212256      -2011.118193168    0.02452769400    6.18487204000   -4.55569450200
  2026-05-17T20:51:59.999999       6051.709014105         14.946178832      -3016.488771642   -1.89569430300    6.41724199000   -3.77040242900
  2026-05-17T20:55:59.999999       5379.086742685       1535.546423921      -3798.589154654   -3.67452589600    6.17597509600   -2.70676588800
  2026-05-17T21:00:00.000000       4309.772860107       2942.916045985      -4299.754462198   -5.18110001600    5.47960185600   -1.44383562900
  2026-05-17T21:04:00.000000       2922.839096640       4133.408472650      -4483.130391042   -6.30511744200    4.37987452000   -0.07490661600
  2026-05-17T21:08:00.000000       1320.582102277       5019.398808848      -4335.287948487   -6.96444839400    2.95771914600    1.29928243800
  2026-05-17T21:11:59.999999       -378.954736734       5535.618797514      -3867.155634695   -7.11076425200    1.31741642400    2.57769050400
  2026-05-17T21:15:59.999999      -2050.556676377       5643.912345788      -3113.231821561   -6.73301823400   -0.42071070500    3.66611503700
  2026-05-17T21:20:00.000000      -3570.964021445       5336.086069301      -2129.116975075   -5.85851479300   -2.12878976300    4.48399831000
  2026-05-17T21:24:00.000000      -4827.934980035       4634.621013553       -987.491515986   -4.55126691200   -3.68062915600    4.97046550300
  2026-05-17T21:27:59.999999      -5728.610319521       3591.141603615        227.210729070   -2.90783414500   -4.96117867900    5.08915575500
  2026-05-17T21:31:59.999999      -6206.494409974       2282.621297765       1425.096132197   -1.04992220400   -5.87557207200    4.83120783700
  2026-05-17T21:36:00.000000      -6226.408993081        805.654374203       2517.531580338    0.88485616500   -6.35621516500    4.21591658000
  2026-05-17T21:40:00.000000      -5787.076080532       -730.751758544       3423.757994830    2.75341717500   -6.36790432900    3.28916838700
  2026-05-17T21:43:59.999999      -4921.121757875      -2213.299294629       4076.873538768    4.41808716300   -5.91024571200    2.11977827000
  2026-05-17T21:47:59.999999      -3692.546644387      -3532.760897552       4428.724236803    5.75666467700   -5.01728664700    0.79416902800
  2026-05-17T21:52:00.000000      -2191.940472302      -4591.956147466       4453.370939599    6.67105662800   -3.75471946700   -0.59009114900
  2026-05-17T21:56:00.000000       -529.846416776      -5312.804065139       4148.943047268    7.09406655000   -2.21506343900   -1.93117094900
  2026-05-17T21:59:59.999999       1171.281834198      -5642.010303667       3537.795403664    6.99423505700   -0.51112233400   -3.13024794900
  2026-05-17T22:03:59.999999       2785.986923058      -5555.007533591       2664.930568661    6.37819390400    1.23188151200   -4.09855809300
  2026-05-17T22:08:00.000000       4195.003105538      -5057.899035061       1594.771164618    5.29068861500    2.88519182200   -4.76406542000
  2026-05-17T22:12:00.000000       5294.118451910      -4187.140350883        406.461248311    3.81169006600    4.32620999300   -5.07692719700
  2026-05-17T22:15:59.999999       6002.000057441      -3006.941034674       -811.976666394    2.05073914900    5.44773896800   -5.01352665900
  2026-05-17T22:19:59.999999       6266.363850140      -1604.531792486      -1970.239303483    0.13877806500    6.16646418700   -4.57865327100
  2026-05-17T22:24:00.000000       6067.886713674        -83.590298803      -2982.559119395   -1.78226475600    6.42944602100   -3.80499340400
  2026-05-17T22:28:00.000000       5421.545047151       1443.541030568      -3774.106885624   -3.57030661400    6.21785030200   -2.75040704200
  2026-05-17T22:31:59.999999       4375.357971436       2864.228815314      -4286.510705732   -5.09377869600    5.54800465800   -1.49325978000
  2026-05-17T22:35:59.999999       3006.700922767       4073.827976076      -4482.079747549   -6.24107007400    4.46971223900   -0.12646649800
  2026-05-17T22:40:00.000000       1416.535555274       4983.302404473      -4346.490142414   -6.92835024800    3.06237590600    1.24936160000
  2026-05-17T22:44:00.000000       -277.978419553       5525.657276397      -3889.773975729   -7.10526458200    1.42920744100    2.53306213800
  2026-05-17T22:47:59.999999      -1951.997637924       5660.817421318      -3145.592235734   -6.75853512900   -0.30999482100    3.63005970200
  2026-05-17T22:51:59.999999      -3482.086306526       5378.615579360      -2168.828751741   -5.91318517800   -2.02728583800    4.45917007200
  2026-05-17T22:56:00.000000      -4755.303111443       4699.649489078      -1031.621901756   -4.63114953500   -3.59582124300    4.95871498200
  2026-05-17T23:00:00.000000      -5677.598088321       3673.869316273        181.931180767   -3.00697623200   -4.89940568400    5.09138544800
  2026-05-17T23:03:59.999999      -6180.860615318       2376.942405178       1382.018476759   -1.16097165700   -5.84131123200    4.84720296900
  2026-05-17T23:07:59.999999      -6228.053277594        904.625136400       2479.838153636    0.76998801900   -6.35198708200    4.24452670500
  2026-05-17T23:12:00.000000      -5815.896279179       -634.430503874       3394.244990601    2.64322874900   -6.39407582400    3.32830616600
  2026-05-17T23:16:00.000000      -4975.003203550      -2126.734852503       4057.734723349    4.32072205600   -5.96487590800    2.16655627600
  2026-05-17T23:19:59.999999      -3767.528109717      -3462.340969250       4421.386887314    5.67927750100   -5.09636151000    0.84512398900
  2026-05-17T23:23:59.999999      -2282.510332078      -4542.882153798       4458.392211922    6.61935777700   -3.85243259000   -0.53868932400
  2026-05-17T23:28:00.000000       -629.333039083      -5288.708603821       4165.973643993    7.07192372600   -2.32421035800   -1.88312594100
  2026-05-17T23:32:00.000000       1070.213495090      -5644.682162774       3565.592789355    7.00327899200   -0.62366584300   -3.08912996100
  2026-05-17T23:35:59.999999       2690.790430327      -5584.269434091       2701.449198281    6.41777580800    1.12421781600   -4.06744773200
  2026-05-17T23:39:59.999999       4112.702341721      -5111.612379569       1637.319944821    5.35791900500    2.79035505400   -4.74523554000
  2026-05-17T23:44:00.000000       5230.801216215      -4261.362661830        451.905536520    3.90169022900    4.25121004700   -5.07179007300
  2026-05-17T23:48:00.000000       5962.366846333      -3096.202267795       -766.998609379    2.15687073100    5.39821391500   -5.02253587400
  2026-05-17T23:51:59.999999       6253.352857939      -1702.230269078      -1929.063992309    0.25311532400    6.14609907500   -4.60112605400
  2026-05-17T23:55:59.999999       6082.456137233       -182.507543842      -2948.235081824   -1.66819450500    6.43971629900   -3.83925880700
  2026-05-18T00:00:00.000000       5462.614110343       1350.709743170      -3749.173924864   -3.46491743300    6.25798062600   -2.79391205700
  2026-05-18T00:04:00.000000       4439.892753202       2784.333101277      -4272.810525634   -5.00482612800    5.61500779300   -1.54278617400
  2026-05-18T00:08:00.000000       3089.942270430       4012.763399981      -4480.626024467   -6.17509164900    4.55865684900   -0.17835719500
  2026-05-18T00:11:59.999999       1512.353284024       4945.575576727      -4357.391131469   -6.89016947900    3.16671662000    1.19892859900
  2026-05-18T00:15:59.999999       -176.636537783       5514.063087025      -3912.232662929   -7.09769999700    1.54129996400    2.48777219900
  2026-05-18T00:20:00.000000      -1852.596845845       5676.235945456      -3177.966053920   -6.78219207900   -0.19836825100    3.59323682600
  2026-05-18T00:24:00.000000      -3391.965906319       5419.942941999      -2208.742043693   -5.96639033100   -1.92434540100    4.43355949400
  2026-05-18T00:27:59.999999      -4681.128270487       4763.867156724      -1076.133586003   -4.71000129400   -3.50919437200    4.94624529100
  2026-05-18T00:31:59.999999      -5624.863355996       3756.265046063        136.107890029   -3.10570025800   -4.83549635600    5.09300316800
  2026-05-18T00:36:00.000000      -6153.486476591       2471.448676410       1338.278894007   -1.27225159800   -5.80494425200    4.86284422100
  2026-05-18T00:40:00.000000      -6228.064242896       1004.265300652       2441.422066528    0.65446591000   -6.34580820000    4.27295894800
  2026-05-18T00:43:59.999999      -5843.297824708       -536.991792252       3363.987570532    2.53190144800   -6.41849769700    3.36745045100
  2026-05-18T00:47:59.999999      -5027.791469631      -2038.679112599       4037.877403225    4.22181669300   -6.01817219600    2.21353737400
  2026-05-18T00:52:00.000000      -3841.813396834      -3390.166534731       4413.398812966    5.60015765100   -5.17458194800    0.89643725100
  2026-05-18T00:56:00.000000      -2372.810712160      -4491.906717907       4462.861219510    6.56583475000   -3.94977917600   -0.48683686700
  2026-05-18T00:59:59.999999       -728.993122701      -5262.687132257       4182.566999456    7.04793364300   -2.43352874900   -1.83456241500
  2026-05-18T01:03:59.999999        968.541906852      -5645.534558947       3593.085015193    7.01061518200   -0.73691415800   -3.04743709200
  2026-05-18T01:08:00.000000       2594.609715210      -5611.935192898       2737.805328084    6.45591621800    1.01541512500   -4.03574523500
  2026-05-18T01:12:00.000000       4029.109012686      -5164.044618271       1679.838197088    5.42401323100    2.69405275100   -4.72590381300
  2026-05-18T01:15:59.999999       5165.951268856      -4334.683572223        497.428421285    3.99081766200    4.17449667100   -5.06623052900
  2026-05-18T01:19:59.999999       5921.033019652      -3185.009507171       -721.846590292    2.26251062000    5.34667794500   -5.03118330700
  2026-05-18T01:24:00.000000       6238.584090394      -1799.979387594      -1887.643637554    0.36746951600    6.12359485200   -4.62338379300
  2026-05-18T01:28:00.000000       6095.332836139       -281.984218484      -2913.630375446   -1.55359324400    6.44790535900   -3.87343811000
  2026-05-18T01:31:59.999999       5502.176427315       1256.842214249      -3723.955224110   -3.35850222100    6.29623418100   -2.83745928000
  2026-05-18T01:35:59.999999       4503.224892809       2702.992737258      -4258.852135838   -4.91438651000    5.68051189500   -1.59250057400
  2026-05-18T01:40:00.000000       3172.382766868       3949.951880849      -4478.975540898   -6.10727398400    4.64661062000   -0.23057503800
  2026-05-18T01:44:00.000000       1607.836677527       4905.938163787      -4368.189886798   -6.84997587600    3.27069142200    1.14804994000
  2026-05-18T01:47:59.999999        -75.141550638       5500.547083276      -3934.700555437   -7.08810273200    1.65366014700    2.44200843100
  2026-05-18T01:51:59.999999      -1752.566472044       5689.870221212      -3210.461694447   -6.80393475100   -0.08587108300    3.55595646700
  2026-05-18T01:56:00.000000      -3300.783125675       5459.761456398      -2248.882679319   -6.01793226000   -1.81998991200    4.40753209300
  2026-05-18T02:00:00.000000      -4605.538046693       4826.972881401      -1120.963621456   -4.78759717600   -3.42070253300    4.93344699500
  2026-05-18T02:03:59.999999      -5570.466784597       3838.030015073         89.902143284   -3.20361753800   -4.76946072500    5.09440212200
  2026-05-18T02:07:59.999999      -6124.318454307       2565.858829478       1294.112493692   -1.38327413800   -5.76626918000    4.87834620000
  2026-05-18T02:12:00.000000      -6226.296504117       1104.358343289       2402.568192916    0.53859434200   -6.33743010400    4.30144594300
  2026-05-18T02:16:00.000000      -5869.055817512       -438.605440954       3333.318705258    2.41981324800   -6.44099523100    3.40673772500
  2026-05-18T02:19:59.999999      -5079.166252293      -1949.245102865       4017.647801427    4.12173570300   -6.06980571600    2.26071310500
  2026-05-18T02:23:59.999999      -3915.021154235      -3316.263516691       4405.099029717    5.51943408200   -5.25159102400    0.94806465700
  2026-05-18T02:28:00.000000      -2462.448849250      -4438.981392248       4467.102459614    6.51049046700   -4.04648720300   -0.43461520000
  2026-05-18T02:32:00.000000       -828.442155528      -5234.627699162       4199.023595697    7.02201976300   -2.54275820500   -1.78561917700
  2026-05-18T02:35:59.999999        866.619442751      -5644.393228735       3620.527099461    7.01603328500   -0.85060421000   -3.00540181000
  2026-05-18T02:39:59.999999       2497.729453798      -5637.777331371       2774.192039560    6.49226770100    0.90563730000   -4.00371019900
  2026-05-18T02:44:00.000000       3944.419952086      -5214.942868485       1722.467156391    5.48862105200    2.59632993600   -4.70624368000
  2026-05-18T02:48:00.000000       5099.696380603      -4406.851615824        543.135660467    4.07886660500    4.09607724600   -5.06039421400
  2026-05-18T02:51:59.999999       5878.082299307      -3273.086040273       -676.448059147    2.36744699900    5.29333823900   -5.03956506100
  2026-05-18T02:55:59.999999       6222.073458813      -1897.438837908      -1845.908844800    0.48149845800    6.09922098600   -4.64534778400
  2026-05-18T03:00:00.000000       6106.438536581       -381.621240134      -2878.642957558   -1.43891392900    6.45423294700   -3.90734833700
  2026-05-18T03:04:00.000000       5540.035108818       1162.375859727      -3698.294127286   -3.25161671100    6.33272011800   -2.88078495900
  2026-05-18T03:08:00.000000       4565.008905315       2620.648491973      -4244.403681939   -4.82310975500    5.74440838900   -1.64203131300
  2026-05-18T03:11:59.999999       3253.521159735       3885.778909067      -4476.798793882   -6.03825481200    4.73321102500   -0.28268273600
  2026-05-18T03:15:59.999999       1702.343886346       4864.653292113      -4378.445454502   -6.80827171600    3.37365293500    1.09719675900
  2026-05-18T03:20:00.000000         25.769271018       5485.191172529      -3956.633018537   -7.07678717100    1.76544435000    2.39616119300
  2026-05-18T03:24:00.000000      -1652.696290168       5701.579292688      -3242.449029370   -6.82385734100    0.02648492600    3.51853521600
  2026-05-18T03:27:59.999999      -3209.315522316       5497.673867053      -2288.556274318   -6.06760163800   -1.71533110400    4.38129242500
  2026-05-18T03:31:59.999999      -4529.219069027       4888.299964713      -1165.391283017   -4.86339090800   -3.33144928300    4.92031921900
  2026-05-18T03:36:00.000000      -5514.931559888       3918.253883434         44.007747036   -3.29994488000   -4.70222578300    5.09538995500
  2026-05-18T03:40:00.000000      -6093.662843409       2659.060985527       1250.151477546   -1.49298906300   -5.72600933900    4.89336102600
  2026-05-18T03:43:59.999999      -6222.778658716       1203.671685536       2363.792013267    0.42355058900   -6.32708064400    4.32937592700
  2026-05-18T03:47:59.999999      -5892.938255680       -340.501876097       3302.599751003    2.30794389000   -6.46136609400    3.44552823100
  2026-05-18T03:52:00.000000      -5128.682543027      -1859.586746980       3997.256538900    4.02131062000   -6.11937050000    2.30744476900
  2026-05-18T03:56:00.000000      -3986.519278915      -3241.654045627       4396.533561531    5.43779245600   -5.32665176300    0.99927645000
  2026-05-18T03:59:59.999999      -2550.673268958      -4384.913817244       4470.996678300    6.45361494600   -4.14156707500   -0.38262612100
  2026-05-18T04:03:59.999999       -926.895493744      -5205.098865182       4215.104687473    6.99419431000   -2.65089317300   -1.73669334900
  2026-05-18T04:08:00.000000        765.202272080      -5641.587391621       3647.614261775    7.01932175500   -0.96378832600   -2.96317936400
  2026-05-18T04:12:00.000000       2400.836847155      -5661.906296191       2810.286728926    6.52644635100    0.79575361000   -3.97133256200
  2026-05-18T04:15:59.999999       3859.210082625      -5264.229746327       1764.900289677    5.55118945100    2.49786886000   -4.68613118700
  2026-05-18T04:19:59.999999       5032.464753292      -4477.656542056        588.762680947    4.16518801100    4.01634152500   -5.05406086100
  2026-05-18T04:24:00.000000       5833.793145647      -3360.171347982       -631.009836724    2.47112251100    5.23825265300   -5.04746188600
  2026-05-18T04:28:00.000000       6203.988500527      -1994.359889485      -1804.022544130    0.59483667600    6.07284007100   -4.66685863000
  2026-05-18T04:31:59.999999       6115.879596398       -481.212076283      -2843.402269735   -1.32429685700    6.45849404500   -3.94086471600
  2026-05-18T04:35:59.999999       5576.285913389       1067.471443940      -3672.295163485   -3.14420872200    6.36726505500   -2.92380193600
  2026-05-18T04:40:00.000000       4625.371204801       2537.428531697      -4229.553606908   -4.73082699200    5.80661822700   -1.69134365600
  2026-05-18T04:44:00.000000       3333.527298960       3820.362337522      -4474.179255129   -5.96783749400    4.81844146700   -0.33466731500
  2026-05-18T04:47:59.999999       1796.094844967       4821.842744224      -4388.244550609   -6.76484804900    3.47564613000    1.04632295600
  2026-05-18T04:51:59.999999        126.360306150       5468.133776274      -3978.134284763   -7.06357344500    1.87674254100    2.35012838100
  2026-05-18T04:56:00.000000      -1552.681556382       5711.535531071      -3274.068645343   -6.84184900300    0.13891119100    3.48077527200
  2026-05-18T05:00:00.000000      -3117.257924170       5533.913313300      -2327.956123868   -6.11550591000   -1.61010122300    4.35462720900
  2026-05-18T05:03:59.999999      -4451.909956957       4948.139891976      -1209.652328259   -4.93761917200   -3.24121892900    4.90671036300
  2026-05-18T05:07:59.999999      -5458.067571835       3997.273653616         -1.845042662   -3.39504611100   -4.63361927400    5.09582762500
  2026-05-18T05:12:00.000000      -6061.436751699       2751.423112033       1206.099661992   -1.60191936800   -5.68412214600    4.90783536500
  2026-05-18T05:16:00.000000      -6217.552228498       1302.551482427       2324.798374054    0.30888367900   -6.31498055100    4.35678414000
  2026-05-18T05:19:59.999999      -5915.074799140       -242.397671446       3271.539120397    2.19598473800   -6.47987344400    3.48381577200
  2026-05-18T05:23:59.999999      -5176.539107690      -1769.482350228       3976.417324369    3.92027084500   -6.16712692500    2.35381229500
  2026-05-18T05:28:00.000000      -4056.556189782      -3166.187357441       4387.452276838    5.35512930600   -5.40011285400    1.05027842200
  2026-05-18T05:32:00.000000      -2637.727155049      -4329.637618885       4474.336206654    6.39533637900   -4.23532538900   -0.33076031800
  2026-05-18T05:35:59.999999      -1024.563402532      -5174.087217820       4230.617150978    6.96457144800   -2.75810146500   -1.68773026500
  2026-05-18T05:39:59.999999        664.113805164      -5637.143398758       3674.167877689    7.02064178000   -1.07660019600   -2.92071558800
  2026-05-18T05:44:00.000000       2303.796137761      -5684.372562611       2845.928857944    6.55865458500    0.68570224500   -3.93853142400
  2026-05-18T05:48:00.000000       3773.392206457      -5311.958069462       1807.001063028    5.61193365000    2.39871419500   -4.66545416500
  2026-05-18T05:51:59.999999       4964.221866273      -4547.125097580        634.204554159    4.24998251300    3.93545448500   -5.04706413600
  2026-05-18T05:55:59.999999       5788.170563839      -3446.243826999       -585.593142692    2.57365632500    5.18163275300   -5.05466643800
  2026-05-18T06:00:00.000000       6184.353536333      -2090.670006972      -1761.995128896    0.70750876800    6.04467994900   -4.68771726800
  2026-05-18T06:04:00.000000       6123.669712194       -580.640595897      -2807.870729415   -1.20984275100    6.46082745900   -3.97380530200
  2026-05-18T06:08:00.000000       5610.911195892        972.264373185      -3645.882063512   -3.03641517200    6.39988659300   -2.96637440100
  2026-05-18T06:11:59.999999       4684.262476936       2453.464066500      -4214.202679903   -4.63765226600    5.86709591000   -1.74037781200
  2026-05-18T06:15:59.999999       3412.327464945       3753.824351550      -4471.010181634   -5.89612894600    4.90227646800   -0.38651590300
  2026-05-18T06:20:00.000000       1888.986962787       4777.618216246      -4397.474271532   -6.71984297200    3.57660506900    0.99548182300
  2026-05-18T06:24:00.000000        226.500981214       5449.461428414      -3999.072387026   -7.04853913200    1.98741009200    2.30399249400
  2026-05-18T06:27:59.999999      -1452.665490313       5719.784358707      -3305.171687320   -6.85792882600    0.25120261700    3.44273213300
  2026-05-18T06:31:59.999999      -3024.743551544       5568.474700123      -2366.925393751   -6.16155256500   -1.50448357800    4.32753370100
  2026-05-18T06:36:00.000000      -4373.722562490       5006.458435018      -1253.597653636   -5.01022272400   -3.15009779800    4.89260471600
  2026-05-18T06:40:00.000000      -5399.966991800       4075.031495309        -47.504645222   -3.48878956400   -4.56373870100    5.09572117400
  2026-05-18T06:43:59.999999      -6027.693033106       2842.873626276       1162.102839267   -1.70989563400   -5.64060211600    4.92171290400
  2026-05-18T06:47:59.999999      -6210.641138913       1400.940412336       2285.716803515    0.19464271400   -6.30103993700    4.38360899300
  2026-05-18T06:52:00.000000      -5935.489372875       -144.335347593       3240.255892394    2.08391973300   -6.49651418300    3.52157034400
  2026-05-18T06:56:00.000000      -5222.760056468      -1678.977435127       3955.233557606    3.81859584900   -6.21306023900    2.39969930500
  2026-05-18T06:59:59.999999      -4125.179869423      -3089.904112680       4377.929371981    5.27127434000   -5.47197257600    1.10097356600
  2026-05-18T07:03:59.999999      -2723.699091176      -4273.200669076       4477.184741808    6.33551144200   -4.32782314500   -0.27900119600
  2026-05-18T07:08:00.000000      -1121.555113798      -5141.660176927       4245.633400558    6.93313666400   -2.86446561100   -1.63872118400
  2026-05-18T07:12:00.000000        563.239241336      -5631.137624064       3700.252502003    7.01992193100   -1.18906662500   -2.87804723800
  2026-05-18T07:15:59.999999       2206.474760901      -5705.269458091       2881.172996096    6.58881741800    0.57537192400   -3.90534699800
  2026-05-18T07:19:59.999999       3686.824169917      -5358.253193975       1848.815501240    5.67083961300    2.29871164500   -4.64423547000
  2026-05-18T07:24:00.000000       4894.829256577      -4615.428356886        679.504162706    4.33332367200    3.85320921900   -5.03943629800
  2026-05-18T07:28:00.000000       5741.108640307      -3531.522736077       -540.164675929    2.67524359400    5.12329520100   -5.06122176400
  2026-05-18T07:31:59.999999       6163.118330507      -2186.626806173      -1719.803333313    0.81980779200    6.01457909200   -4.70796200300
  2026-05-18T07:35:59.999999       6129.844714338       -680.188012942      -2772.039385326   -1.09514661300    6.46119819900   -4.00623494700
  2026-05-18T07:40:00.000000       5644.048717853        876.481570348      -3619.061268047   -2.92781943400    6.43068572600   -3.00856056700
  2026-05-18T07:44:00.000000       4741.923199311       2368.515152660      -4198.371181266   -4.54315547100    5.92602065100   -1.78920698300
  2026-05-18T07:47:59.999999       3490.261505721       3685.975737919      -4467.337770124   -5.82272078100    4.98496277700   -0.43837880000
  2026-05-18T07:51:59.999999       1981.450969871       4731.869699292      -4406.229923667   -6.67292419100    3.67694750100    0.94442295300
  2026-05-18T07:56:00.000000        326.680982451       5429.179869243      -4019.604932185   -7.03154690300    2.09797370700    2.25751355300
  2026-05-18T08:00:00.000000      -1352.144151820       5726.454923147      -3335.966812418   -6.87209887200    0.36386087100    3.40421612500
  2026-05-18T08:03:59.999999      -2931.286804286       5601.605675644      -2405.715508289   -6.20589407500   -1.39800505500    4.29984203500
  2026-05-18T08:07:59.999999      -4294.225644623       5063.605820538      -1297.515242636   -5.08149423200   -3.05769586400    4.87784416500
  2026-05-18T08:12:00.000000      -5340.293360447       4151.961598990        -93.290993893   -3.58166870200   -4.49231480400    5.09500065500
  2026-05-18T08:16:00.000000      -5992.221930335       2933.883652316       1117.838678530   -1.81744848700   -5.59541189400    4.93503165600
  2026-05-18T08:19:59.999999      -6201.954832221       1499.298608097       2246.241881911    0.08037113900   -6.28535832400    4.40994324600
  2026-05-18T08:23:59.999999      -5954.196124038        -45.887406748       3208.475150460    1.97132877600   -6.51145662500    3.55896105300
  2026-05-18T08:28:00.000000      -5267.451662566      -1587.700295845       3933.481553849    3.71598160200   -6.25749750900    2.44535880200
  2026-05-18T08:32:00.000000      -4192.538602773      -3012.518997884       4367.794061772    5.18614827000   -5.54257767000    1.15152345900
  2026-05-18T08:35:59.999999      -2808.755411933      -4215.399114934       4479.404093253    6.27406371800   -4.41941541000   -0.22721966000
  2026-05-18T08:39:59.999999      -1218.041650874      -5107.700896921       4260.047925698    6.89992755900   -2.97033024200   -1.58950781600
  2026-05-18T08:44:00.000000        462.436775296      -5623.528938064       3725.803200328    7.01739012600   -1.30144357700   -2.83503868400
  2026-05-18T08:48:00.000000       2108.788589255      -5724.590860262       2915.975874733    6.61716499900    0.46471157900   -3.87173901100
  2026-05-18T08:51:59.999999       3599.465442533      -5403.112612430       1890.297221193    5.72802886000    2.19786714900   -4.62252984000
  2026-05-18T08:55:59.999999       4824.261723176      -4682.555800260        724.594797777    4.41520971600    3.76964433900   -5.03126135400
  2026-05-18T09:00:00.000000       5692.573622990      -3615.993417521       -494.809773852    2.77582401200    5.06324286000   -5.06721256100
  2026-05-18T09:04:00.000000       6140.231551206      -2282.219223952      -1677.552559085    0.93163447300    5.98253449200   -4.72768059300
  2026-05-18T09:08:00.000000       6134.322646277       -779.848774385      -2736.031945539   -0.98034843200    6.45954691100   -4.03821804500
  2026-05-18T09:11:59.999999       5675.583272367        780.107275906      -3591.973374503   -2.81854473300    6.45955142000   -3.05044494600
  2026-05-18T09:15:59.999999       4798.206567857       2282.539838840      -4182.218984343   -4.44746682000    5.98327817100   -1.83788345900
  2026-05-18T09:20:00.000000       3567.162255399       3616.746478313      -4463.326132898   -5.74766886600    5.06640077800   -0.49025083700
  2026-05-18T09:24:00.000000       2073.311589748       4684.502899955      -4414.668016308   -6.62408018200    3.77656190200    0.89319500100
  2026-05-18T09:27:59.999999        426.736888542       5407.177148543      -4039.878219557   -7.01252502300    2.20841728700    2.21073053800
  2026-05-18T09:31:59.999999      -1251.265504219       5731.443943028      -3366.581876326   -6.88430007200    0.47694842500    3.36534861200
  2026-05-18T09:36:00.000000      -2837.013169246       5633.218557663      -2444.419038074   -6.24840928100   -1.29059013200    4.27172293700
  2026-05-18T09:40:00.000000      -4213.509433057       5119.518741636      -1341.457622874   -5.15126033700   -2.96387200800    4.86259000200
  2026-05-18T09:43:59.999999      -5279.092364543       4228.047481794       -139.218901910   -3.67350686000   -4.41909030700    5.09381365900
  2026-05-18T09:47:59.999999      -5955.036791149       3024.506045058       1073.331316057   -1.92448715700   -5.54825117500    4.94797185100
  2026-05-18T09:52:00.000000      -6191.493418450       1597.745194292       2206.442670711   -0.03389813100   -6.26771833600    4.43599089800
  2026-05-18T09:56:00.000000      -5971.180002905         53.105417283       3176.311554643    1.85829852900   -6.52454858000    3.59613559500
  2026-05-18T09:59:59.999999      -5310.581009059      -1495.454929537       3911.305104814    3.61247290300   -6.30028043900    2.49089328700
  2026-05-18T10:03:59.999999      -4258.598664885      -2933.807684528       4357.216124666    5.09974352000   -5.61187770700    1.20204344600
  2026-05-18T10:08:00.000000      -2892.852318906      -4156.004971598       4481.178121008    6.21108210100   -4.51009410800   -0.17544118600
  2026-05-18T10:12:00.000000      -1313.968469011      -5071.981481060       4274.022019810    6.86492528600   -3.07573306000   -1.54023385900
  2026-05-18T10:15:59.999999        361.750888783      -5614.110040338       3750.940754190    7.01298039500   -1.41385215200   -2.79185514900
  2026-05-18T10:19:59.999999       2010.773768209      -5742.165199654       2950.423126022    6.64370951600    0.35356726900   -3.83783001000
  2026-05-18T10:24:00.000000       3511.364385325      -5446.384799447       1931.508377442    5.78359416400    2.09619562000   -4.60043055600
  2026-05-18T10:28:00.000000       4752.588287226      -4748.328602797        769.517462326    4.49568572200    3.68497151900   -5.02262215100
  2026-05-18T10:31:59.999999       5642.623048757      -3699.407178044       -449.505218903    2.87524365600    5.00180621500   -5.07268753900
  2026-05-18T10:35:59.999999       6115.691717736      -2377.121211321      -1635.227097216    1.04265943900    5.94883489800   -4.74688194600
  2026-05-18T10:40:00.000000       6137.006736749       -879.238914118      -2699.827243231   -0.86591365600    6.45607755900   -4.06970011600
  2026-05-18T10:44:00.000000       5705.296339238        683.560698337      -3564.571264463   -2.70913853700    6.48657389300   -3.09186142700
  2026-05-18T10:47:59.999999       4852.755075077       2195.959477331      -4165.647293795   -4.35119017700    6.03877942600   -1.88615430600
  2026-05-18T10:51:59.999999       3642.522240072       3546.510405143      -4458.807977908   -5.67158799300    5.14626690700   -0.54180558000
  2026-05-18T10:56:00.000000       2163.930951955       4635.787131432      -4422.536300489   -6.57378629500    3.87492510500    0.84216772900
  2026-05-18T11:00:00.000000        525.938435465       5383.573490391      -4059.550724952   -6.99174680000    2.31802137900    2.16400004500
  2026-05-18T11:03:59.999999      -1150.796482818       5734.688248155      -3396.602623749   -6.89457610300    0.58968939100    3.32637915400
  2026-05-18T11:07:59.999999      -2742.681580395       5663.061375249      -2482.564669983   -6.28895515600   -1.18305484700    4.24340416200
  2026-05-18T11:12:00.000000      -4132.259039695       5173.746951085      -1384.910102034   -5.21905987100   -2.86944029500    4.84694754200
  2026-05-18T11:16:00.000000      -5216.912801697       4302.661500741       -184.779421145   -3.76366063300   -4.34470150300    5.09201402100
  2026-05-18T11:19:59.999999      -5916.524362246       3113.993007566       1029.029495115   -2.03032585800   -5.49946723500    4.96018918500
  2026-05-18T11:23:59.999999      -6179.487047830       1695.486108170       2166.673172163   -0.14757080400   -6.24814913600    4.46130614900
  2026-05-18T11:28:00.000000      -5986.554678662        151.871811858       3144.009513386    1.74521806700   -6.53561800100    3.63266223100
  2026-05-18T11:32:00.000000      -5352.182122492      -1402.956206528       3888.848948174    3.50834457400   -6.34109925900    2.53590334300
  2026-05-18T11:35:59.999999      -4323.346101499      -2854.389415289       4346.255075783    5.01216133400   -5.67938560900    1.25223900700
  2026-05-18T11:39:59.999999      -2975.979368986      -4095.515979794       4482.522368084    6.14645486000   -4.59936942500   -0.12372304700
  2026-05-18T11:44:00.000000      -1409.353541141      -5034.889461786       4287.580227404    6.82803432300   -3.18022837800   -1.49079948600
  2026-05-18T11:48:00.000000        261.132340051      -5603.164766046       3775.721567783    7.00653645800   -1.52591386900   -2.74834829100
  2026-05-18T11:51:59.999999       1912.338950016      -5758.204139134       2984.607443360    6.66824262300    0.24214890700   -3.80344844400
  2026-05-18T11:55:59.999999       3422.386339505      -5488.260750703       1972.588890127    5.83739840300    1.99364367000   -4.57770921800
  2026-05-18T12:00:00.000000       4679.666129217      -4812.982419325        814.469690579    4.57485597400    3.59889513000   -5.01328568800
  2026-05-18T12:04:00.000000       5591.179448010      -3782.086895562       -404.000711454    2.97395424000    4.93861487400   -5.07745898200
  2026-05-18T12:08:00.000000       6089.564176062      -2471.726815227      -1592.538236966    1.15359928400    5.91326647700   -4.76542778500
  2026-05-18T12:11:59.999999       6138.150363113       -978.777422604      -2663.114521269   -0.75101873700    6.45078731800   -4.10064252100
  2026-05-18T12:15:59.999999       5733.633866631        586.438746497      -3536.550935406   -2.59881117100    6.51186593300   -3.13290941400
  2026-05-18T12:20:00.000000       4906.208949228       2108.410467117      -4148.396138451   -4.25350807600    6.09278442200   -1.93430112900
  2026-05-18T12:24:00.000000       3717.165585060       3474.994655762      -4453.611634865   -5.59378776400    5.22503462900   -0.59348487300
  2026-05-18T12:27:59.999999       2254.269817645       4585.579268399      -4429.785240607   -6.52159636200    3.97262937800    0.79077537800
  2026-05-18T12:31:59.999999        625.322802373       5358.381510978      -4078.717513343   -6.96902705700    2.42749615400    2.11669923400
  2026-05-18T12:36:00.000000      -1049.687765418       5736.381640746      -3426.273962478   -6.90302420600    0.70286861500    3.28668973200
  2026-05-18T12:40:00.000000      -2647.304799465       5691.523656304      -2520.547364293   -6.32797815700   -1.07454855500    4.21426562100
  2026-05-18T12:43:59.999999      -4049.649507634       5226.876530164      -1428.391746592   -5.28575763300   -2.77366739900    4.83054506500
  2026-05-18T12:47:59.999999      -5153.150489610       4376.532241970       -230.542199655   -3.85305479300   -4.26867936400    5.08951760800
  2026-05-18T12:52:00.000000      -5876.303379147       3203.169506827        984.367824209   -2.13590690200   -5.44874598800    4.97182498800
  2026-05-18T12:56:00.000000      -6165.776715969       1793.396892375       2126.428353089   -0.26153518800   -6.22653331000    4.48624238100
  2026-05-18T12:59:59.999999      -6000.362266395        251.295043123       3111.166817673    1.63128001000   -6.54470737700    3.66902020600
  2026-05-18T13:03:59.999999      -5392.491630769      -1309.357627905       3865.840120965    3.40280722000   -6.38025846800    2.58098396000
  2026-05-18T13:08:00.000000      -4387.185027967      -2773.528417035       4334.780553654    4.92283334700   -5.74571014000    1.30267840600
  2026-05-18T13:12:00.000000      -3058.644469226      -4033.357685074       4483.429044102    6.07985207000   -4.68793935200   -0.07161138500
  2026-05-18T13:15:59.999999      -1504.768360773      -4996.026743875       4300.816235801    6.78905085900   -3.28459994000   -1.44079765800
  2026-05-18T13:19:59.999999        159.991562029      -5590.491982558       3800.333550369    6.99811628500   -1.63844626900   -2.70414237900
  2026-05-18T13:24:00.000000       1812.935072035      -5772.692317401       3018.797726559    6.69105983700    0.12974204500   -3.76834237700
  2026-05-18T13:28:00.000000       3332.064736169      -5528.876712939       2013.840540774    5.88979675100    1.88966630500   -4.55433654700
  2026-05-18T13:31:59.999999       4605.107901108      -4876.764113617        859.736519160    4.65301008600    3.51102410300   -5.00341118200
  2026-05-18T13:35:59.999999       5537.910814827      -3864.354658961       -358.071828373    3.07211149000    4.87340963000   -5.08185975400
  2026-05-18T13:40:00.000000       6061.534127328      -2566.416245933      -1549.356887136    1.26444821900    5.87560032600   -4.78377655200
  2026-05-18T13:44:00.000000       6137.430559859      -1078.903101119      -2625.883861810   -0.63569328900    6.44343428500   -4.13157361700
  2026-05-18T13:47:59.999999       5760.275458996        488.268986404      -3508.029701054   -2.48754896300    6.53541237500   -3.17409057900
  2026-05-18T13:51:59.999999       4958.231308394       2019.443329199      -4130.682486596   -4.15457741400    6.14543241400   -1.98261418300
  2026-05-18T13:56:00.000000       3790.716277178       3401.776974388      -4447.994951296   -5.51441175200    5.30282336600   -0.64536640300
  2026-05-18T14:00:00.000000       2343.922916339       4533.494339965      -4436.668931134   -6.46762244700    4.06985289900    0.73914063300
  2026-05-18T14:03:59.999999        724.463799474       5331.252932642      -4097.578533257   -6.94441055400    2.53695499200    2.06913458200
  2026-05-18T14:07:59.999999       -948.364850290       5736.193248756      -3455.708127594   -6.90958165400    0.81652412600    3.24669894600
  2026-05-18T14:12:00.000000      -2551.270650113       5718.274863716      -2558.364342736   -6.36521353100   -0.96509821000    4.18482784600
  2026-05-18T14:16:00.000000      -3965.978617737       5278.578142014      -1471.783451054   -5.35091456700   -2.67648109900    4.81381644200
  2026-05-18T14:19:59.999999      -5088.006660657       4449.355241517       -276.288038976   -3.94132231000   -4.19094956000    5.08674363000
  2026-05-18T14:23:59.999999      -5834.472393524       3291.721576867        939.657598716   -2.24069966300   -5.39620291800    4.98317172700
  2026-05-18T14:28:00.000000      -6150.313140733       1891.139695713       2086.060628594   -0.37512297300   -6.20295193400    4.51086401200
  2026-05-18T14:32:00.000000      -6012.384325071        351.026685229       3078.130291803    1.51723532500   -6.55181798500    3.70511188200
  2026-05-18T14:35:59.999999      -5431.094433901      -1214.983303789       3842.580362661    3.29669134200   -6.41750303800    2.62584997900
  2026-05-18T14:39:59.999999      -4449.525004200      -2691.460007236       4323.018489165    4.83237096600   -5.81040408300    1.35304252100
  2026-05-18T14:44:00.000000      -3140.129140080      -3969.656335571       4484.041858962    6.01176429000   -4.77534882200   -0.01950119100
  2026-05-18T14:48:00.000000      -1599.392247805      -4955.394951632       4313.758161210    6.74831777600   -3.38825329800   -1.39079206900
  2026-05-18T14:51:59.999999         59.196759543      -5575.936847262       3824.656834135    6.98774228700   -1.75076036700   -2.65988484300
  2026-05-18T14:55:59.999999       1713.400288210      -5785.309468843       3052.720719689    6.71188777600    0.01702249400   -3.73310718200
  2026-05-18T15:00:00.000000       3241.147225520      -5567.755974559       2054.863862536    5.94033528600    1.78490126100   -4.53077405500
  2026-05-18T15:04:00.000000       4529.531642044      -4939.045405212        904.828537517    4.72952308900    3.42198979300   -4.99328799300
  2026-05-18T15:08:00.000000       5483.262784982      -3945.440335851       -312.250463017    3.16890862100    4.80671087600   -5.08593748100
  2026-05-18T15:11:59.999999       6031.846125780      -2660.317110206      -1506.197556428    1.37435904900    5.83617173200   -4.80174344600
  2026-05-18T15:15:59.999999       6134.884914112      -1178.680018191      -2588.578279544   -0.52082903100    6.43419528100   -4.16207815400
  2026-05-18T15:20:00.000000       5785.040234921        389.983398458      -3479.328535599   -2.37623898700    6.55699766000   -3.21484330200
  2026-05-18T15:24:00.000000       5008.457081798       1929.896236535      -4112.695860124   -4.05502255300    6.19621233700   -2.03059244900
  2026-05-18T15:27:59.999999       3862.676387474       3327.564086923      -4442.035536751   -5.43396692000    5.37902131300   -0.69697863200
  2026-05-18T15:31:59.999999       2432.295772202       4480.066030398      -4443.150337054   -6.41212214800    4.16579262600    0.68770811500
  2026-05-18T15:36:00.000000        822.737265521       5302.528931834      -4116.007129732   -6.91793107100    2.64561532400    2.02162722300
  2026-05-18T15:40:00.000000       -847.438076656       5734.276388315      -3484.711459879   -6.91407584100    0.92987600200    3.20662258100
  2026-05-18T15:43:59.999999      -2455.129785517       5743.293822893      -2595.792695152   -6.40036382900   -0.85537427400    4.15513645900
  2026-05-18T15:47:59.999999      -3881.716613258       5328.676424205      -1514.860752089   -5.41413602800   -2.57851408600    4.79672557700
  2026-05-18T15:52:00.000000      -5021.833335010       4520.818470364       -321.821395055   -4.02791173400   -4.11197230700    5.08349379600
  2026-05-18T15:56:00.000000      -5791.261191977       3379.260847732        895.040564391   -2.34426714800   -5.34204088800    4.99400316000
  2026-05-18T15:59:59.999999      -6133.235491324       1988.279500975       2045.659722248   -0.48797683600   -6.17759442300    4.53493665800
  2026-05-18T16:03:59.999999      -6022.679145739        450.595310884       3044.923224685    1.40339478800   -6.55705597900    3.74062120100
  2026-05-18T16:08:00.000000      -5467.990286416      -1120.321820955       3819.014465406    3.19022733800   -6.45290901400    2.67019941400
  2026-05-18T16:12:00.000000      -4510.295667666      -2608.674840651       4310.833504759    4.74107655500   -5.87334913200    1.40294896900
  2026-05-18T16:15:59.999999      -3220.310675558      -3904.844430805       4484.144285951    5.94230784400   -4.86126900900    0.03236171900
  2026-05-18T16:19:59.999999      -1693.082912333      -4913.347785159       4326.157872104    6.70591135600   -3.49086320500   -1.34082760100
  2026-05-18T16:24:00.000000        -41.091383620      -5559.766859704       3848.442954987    6.97550660400   -1.86246101400   -2.61554913800
  2026-05-18T16:28:00.000000       1613.908829498      -5796.222389470       3086.140676142    6.73072393800   -0.09557746700   -3.69765511000
  2026-05-18T16:31:59.999999       3149.795788771      -5604.969957440       2095.454588604    5.98891896700    1.67968791200   -4.50684578700
  2026-05-18T16:35:59.999999       4453.075488631      -4999.832735441        949.589909869    4.80430374200    3.33198848600   -4.98268076200
  2026-05-18T16:40:00.000000       5427.362445280      -4025.318282686       -266.631960029    3.26435861700    4.73861814300   -5.08944923500
  2026-05-18T16:44:00.000000       6000.636132391      -2753.383895123      -1463.100615388    1.48337778600    5.79503680500   -4.81911104700
  2026-05-18T16:47:59.999999       6130.665527265      -1278.061010391      -2551.192537962   -0.40632102700    6.42302826500   -4.19200347900
  2026-05-18T16:51:59.999999       5808.115768464        291.621377152      -3450.417817520   -2.26470220400    6.57660543600   -3.25510400500
  2026-05-18T16:56:00.000000       5057.115806588       1839.807555142      -4094.394084498   -3.95468155000    6.24511668800   -2.07818898800
  2026-05-18T17:00:00.000000       3933.325456254       3252.385387412      -4435.689927357   -5.35218409700    5.45360179600   -0.74840479700
  2026-05-18T17:03:59.999999       2519.723745824       4425.336809288      -4449.228200189   -6.35494490300    4.26056075300    0.63625574600
  2026-05-18T17:07:59.999999        920.499003090       5272.276424027      -4134.051873910   -6.88951681800    2.75356742800    1.97396799800
  2026-05-18T17:12:00.000000       -746.538849056       5730.732094998      -3513.387743443   -6.91652092800    1.04311967800    3.16623295200
  2026-05-18T17:16:00.000000      -2358.531200546       5766.726510743      -2632.984792712   -6.43353900900   -0.74520099300    4.12500159400
  2026-05-18T17:19:59.999999      -3796.548325567       5377.362643933      -1557.819797493   -5.47561937100   -2.47954848900    4.77910372200
  2026-05-18T17:23:59.999999      -4954.383271433       4591.165508706       -367.364524408   -4.11315593200   -4.03156723600    5.07972307600
  2026-05-18T17:28:00.000000      -5746.499846627       3466.065483653        850.290017339   -2.44692193200   -5.28614719700    5.00433237900
  2026-05-18T17:32:00.000000      -6114.452716326       2085.126490884       2005.011156365   -0.60047052000   -6.15032265200    4.55857836400
  2026-05-18T17:35:59.999999      -6031.244159868        550.328192029       3011.378239911    1.28940403000   -6.56040973800    3.77579474500
  2026-05-18T17:39:59.999999      -5503.250945000      -1025.060075252       3795.040406953    3.08313382100   -6.48657688300    2.71429302500
  2026-05-18T17:44:00.000000      -4569.635443028      -2524.897844847       4298.192348722    4.64874924200   -5.93479161300    1.45271273500
  2026-05-18T17:48:00.000000      -3299.348614988      -3838.710411842       4483.761124607    5.87148220300   -4.94594781700    0.08412537400
  2026-05-18T17:51:59.999999      -1786.004486525      -4869.725008379       4338.064101263    6.66175448300   -3.59262995500   -1.29080453900
  2026-05-18T17:55:59.999999       -141.052888591      -5541.883813342       3871.774480950    6.96138543800   -1.97386008800   -2.57096474300
  2026-05-18T18:00:00.000000       1514.293445141      -5805.406253980       3119.179039691    6.74770697700   -0.20833345900   -3.66185457300
  2026-05-18T18:04:00.000000       3057.882574454      -5640.543258566       2135.757453200    6.03573004800    1.57389010400   -4.48248873200
  2026-05-18T18:08:00.000000       4375.653226309      -5059.173282059        994.173062875    4.87749871300    3.24095378800   -4.97159140700
  2026-05-18T18:11:59.999999       5370.149223715      -4104.047418355       -221.073433769    3.35852685100    4.66908578100   -5.09246226600
  2026-05-18T18:15:59.999999       5967.854706868      -2845.686192084      -1419.947142699    1.59153398600    5.75216490500   -4.83601563800
  2026-05-18T18:20:00.000000       6124.722350417      -1377.116471138      -2513.643278673   -0.29221234300    6.40997168500   -4.22150502500
  2026-05-18T18:24:00.000000       5829.430762906        193.126352112      -3421.246672935   -2.15306365100    6.59429025000   -3.29497990900
  2026-05-18T18:27:59.999999       5104.100271641       1749.133785248      -4075.748226186   -3.85372769900    6.29220067300   -2.12547828100
  2026-05-18T18:31:59.999999       4002.503949269       3176.210480954      -4428.937274097   -5.26932577400    5.52659113300   -0.79961290100
  2026-05-18T18:36:00.000000       2605.994278653       4369.266015396      -4454.860227450   -6.29624997500    4.35407726100    0.58489260500
  2026-05-18T18:40:00.000000       1017.501732571       5240.439037571      -4151.651126235   -6.85933322900    2.86074215800    1.92622364100
  2026-05-18T18:43:59.999999       -645.959047867       5725.469214831      -3541.650068206   -6.91706529100    1.15602786100    3.12567461200
  2026-05-18T18:47:59.999999      -2261.783776693       5788.420704909      -2669.813664861   -6.46473788900   -0.63485374500    4.09461182900
  2026-05-18T18:52:00.000000      -3710.761861030       5424.414109681      -1600.490235093   -5.53520852600   -2.37989647900    4.76111828300
  2026-05-18T18:56:00.000000      -4885.888173934       4660.100458221       -412.718751918   -4.19676624700   -3.94999112200    5.07548262300
  2026-05-18T18:59:59.999999      -5700.349201953       3551.786710543        805.610133189   -2.54835497200   -5.22870799700    5.01415448300
  2026-05-18T19:03:59.999999      -6094.040125490       2181.291812269       1964.310575400   -0.71218724300   -6.12125761600    4.58170313000
  2026-05-18T19:08:00.000000      -6038.055707945        649.832708920       2977.659762705    1.17565918300   -6.56181840600    3.81049230700
  2026-05-18T19:12:00.000000      -5536.764696393       -929.560366279       3770.787409159    2.97573071800   -6.51832413600    2.75797875000
  2026-05-18T19:15:59.999999      -4627.363113322      -2440.442953407       4285.187569615    4.55562210200   -5.99449348600    1.50216407200
  2026-05-18T19:19:59.999999      -3377.021814298      -3771.510795219       4482.952190417    5.79941972600   -5.02916286700    0.13568399900
  2026-05-18T19:24:00.000000      -1877.900345219      -4824.721477177       4349.503544591    6.61602192100   -3.69324726500   -1.24092097000
  2026-05-18T19:28:00.000000       -240.410822160      -5522.394707898       3894.617782259    6.94532252700   -2.08455894900   -2.52639906000
  2026-05-18T19:31:59.999999       1414.792551059      -5812.887793960       3151.748142784    6.76260477400   -0.32099810800   -3.62587447400
  2026-05-18T19:35:59.999999       2965.594327441      -5674.461117676       2175.653832125    6.08056826200    1.46762931700   -4.45780043000
  2026-05-18T19:40:00.000000       4297.406489035      -5117.027152242       1038.443837566    4.94894170300    3.14899143700   -4.96005488300
  2026-05-18T19:44:00.000000       5311.727632020      -4181.559843072       -175.708900186    3.45126081300    4.59824674100   -5.09494148600
  2026-05-18T19:47:59.999999       5933.567351664      -2937.121746586      -1376.849643496    1.69866748900    5.70769248300   -4.85229930900
  2026-05-18T19:51:59.999999       6117.088945476      -1475.711574812      -2475.997005156   -0.17861890200    6.39515601500   -4.25036317300
  2026-05-18T19:56:00.000000       5848.991936054         94.660699601      -3391.825804309   -2.04143887300    6.61016224900   -3.33423548400
  2026-05-18T20:00:00.000000       5149.388746072       1658.058436176      -4056.711037425   -3.75228116700    6.33752540700   -2.17221503000
  2026-05-18T20:03:59.999999       4070.161957357       3099.230237823      -4421.672815718   -5.18550241500    5.59799040000   -0.85037263400
  2026-05-18T20:07:59.999999       2691.025242623       4312.039482766      -4459.887943334   -6.23619450000    4.44627572700    0.53385015200
  2026-05-18T20:12:00.000000       1113.634408462       5207.168829744      -4168.585939523   -6.82744245700    2.96694741700    1.87865299400
  2026-05-18T20:16:00.000000       -545.809310323       5718.595838131      -3569.232518962   -6.91569746700    1.26843793500    3.08506198000
  2026-05-18T20:19:59.999999      -2165.006646588       5808.440646849      -2705.998841397   -6.49403114300   -0.52455104400    4.06398446000
  2026-05-18T20:23:59.999999      -3624.492077183       5469.829921370      -1642.590731811   -5.59292341900   -2.27986953600    4.74275151700
  2026-05-18T20:28:00.000000      -4816.473715115       4727.546495627       -457.616088024   -4.27865185200   -3.86756512000    5.07068246600
  2026-05-18T20:32:00.000000      -5652.903964250       3636.278959665        761.234229108   -2.64841391100   -5.16996834200    5.02327374700
  2026-05-18T20:35:59.999999      -6072.061725962       2276.583472323       1923.737613266   -0.82302622400   -6.09055825600    4.60407667500
  2026-05-18T20:39:59.999999      -6043.155052950        748.881738737       2943.887972776    1.06224706600   -6.56139876100    3.84444581300
  2026-05-18T20:44:00.000000      -5568.552628573       -834.065170614       3746.310063903    2.86811428900   -6.54816870000    2.80099681400
  2026-05-18T20:48:00.000000      -4683.488266684      -2355.539977061       4271.809563579    4.46167627200   -6.05238080800    1.55108355400
  2026-05-18T20:51:59.999999      -3453.344753416      -3703.460833296       4481.666630440    5.72607964900   -5.11083282900    0.18689640000
  2026-05-18T20:55:59.999999      -1968.800851555      -4778.537999946       4360.405522040    6.56863311300   -3.79268542500   -1.19118649900
  2026-05-18T21:00:00.000000       -339.198998277      -5501.489369099       3916.913367559    6.92739306700   -2.19447465600   -2.48177166900
  2026-05-18T21:04:00.000000       1315.393525213      -5818.814458305       3183.805089849    6.77548069700   -0.43330215400   -3.58966076500
  2026-05-18T21:08:00.000000       2872.917293145      -5706.803877466       2215.119560808    6.12338032700    1.36116249400   -4.43266371200
  2026-05-18T21:11:59.999999       4218.311467897      -5173.421589146       1082.410530935    5.01861289800    3.05629224400   -4.94792970500
  2026-05-18T21:15:59.999999       5252.074219716      -4257.840372278       -130.496172043    3.54258610800    4.52626103000   -5.09673951100
  2026-05-18T21:20:00.000000       5897.765276188      -3027.642144918      -1333.733093912    1.80486224400    5.66175814100   -4.86786407700
  2026-05-18T21:24:00.000000       6107.774467144      -1573.769931260      -2438.160423336   -0.06546015300    6.37865092900   -4.27852010100
  2026-05-18T21:27:59.999999       5866.834042109         -3.686505423      -3362.056402278   -1.92969743000    6.62427287400   -3.37288265200
  2026-05-18T21:31:59.999999       5193.046463904       1566.686063901      -4037.191760675   -3.65022560100    6.38116292200   -2.21844596100
  2026-05-18T21:36:00.000000       4136.392036167       3021.563630291      -4413.819959684   -5.10061269100    5.66785959800   -0.90076311600
  2026-05-18T21:40:00.000000       2774.932197469       4253.789708351      -4464.259432725   -6.17467494500    4.53720878200    0.48299652400
  2026-05-18T21:43:59.999999       1209.032059220       5172.614878095      -4184.844476195   -6.79379644800    3.07226129100    1.83105688800
  2026-05-18T21:47:59.999999       -445.950613984       5710.276749068      -3596.170274919   -6.91239948700    1.38040041300    3.04421391200
  2026-05-18T21:52:00.000000      -2068.045599917       5826.969558320      -2741.623704506   -6.52133497400   -0.41415826100    4.03288941400
  2026-05-18T21:56:00.000000      -3537.585353197       5513.849250335      -1684.271785109   -5.64890062900   -2.17916657000    4.72369712400
  2026-05-18T21:59:59.999999      -4746.049351295       4793.808678098       -502.269186516   -4.35915488500   -3.78406616200    5.06512223500
  2026-05-18T22:03:59.999999      -5604.156354889       3719.890030002        716.914225845   -2.74743875400   -5.10977138300    5.03158792900
  2026-05-18T22:08:00.000000      -6048.591605346       2371.387644690       1883.026144746   -0.93335887900   -6.05806874900    4.62566029400
  2026-05-18T22:12:00.000000      -6046.713947799        847.890327220       2909.803791524    0.94873937500   -6.55906748000    3.87774517900
  2026-05-18T22:15:59.999999      -5598.893318908       -738.157869228       3721.385197389    2.75981979000   -6.57617705800    2.84354817600
  2026-05-18T22:19:59.999999      -4738.388681568      -2269.809674405       4257.897305077    4.36657387000   -6.10866219800    1.59973589200
  2026-05-18T22:24:00.000000      -3528.775031785      -3634.235337205       4479.808520690    5.65116694800   -5.19125021400    0.23808445800
  2026-05-18T22:28:00.000000      -2059.212128565      -4730.933986276       4370.761021652    6.51947862200   -3.89132729100   -1.14123606900
  2026-05-18T22:31:59.999999       -437.932249943      -5479.029025723       3938.732919758    6.90761504100   -2.30407183300   -2.43677614900
  2026-05-18T22:35:59.999999       1215.608029518      -5823.176345073       3215.492926369    6.78656031300   -0.54584340700   -3.55293889500
  2026-05-18T22:40:00.000000       2779.438714398      -5737.694277362       2254.346990731    6.16453925300    1.25400444000   -4.40694009200
  2026-05-18T22:44:00.000000       4138.044638776      -5228.585841408       1126.293899052    5.08688639200    2.96242284200   -4.93510470300
  2026-05-18T22:47:59.999999       5190.968162928      -4333.225334292        -85.196957433    3.63298549300    4.45269409400   -5.09784732300
  2026-05-18T22:51:59.999999       5860.346286193      -3117.675785308      -1290.373712318    1.91062531000    5.61400873500   -4.88281525200
  2026-05-18T22:56:00.000000       6096.806118112      -1671.793527194      -2399.948976942    0.04782411500    6.36022946700   -4.30619822400
  2026-05-18T23:00:00.000000       5883.118801897       -102.455001636      -3331.816085345   -1.81728547300    6.63652144900   -3.41121507000
  2026-05-18T23:03:59.999999       5235.369084966       1474.466016185      -4017.151335174   -3.54699103400    6.42313399300   -2.26458216600
  2026-05-18T23:07:59.999999       4201.620653001       2942.692676532      -4405.451246036   -5.01414841600    5.73644227900   -0.95128441200
  2026-05-18T23:12:00.000000       2858.251034201       4194.080219376      -4468.169293299   -6.11130975200    4.62731766200    0.43182622000
  2026-05-18T23:16:00.000000       1304.303843690       5136.465821018      -4200.737730064   -6.75816792900    3.17728025900    1.78297709500
  2026-05-18T23:19:59.999999       -345.742331931       5700.359613985      -3622.876275362   -6.90714467500    1.49263302100    3.00273983600
  2026-05-18T23:23:59.999999      -1970.286469800       5844.032061806      -2777.179772939   -6.54688791300   -0.30294738100    4.00107743600
  2026-05-18T23:28:00.000000      -3449.493380437       5556.655062921      -1726.056407319   -5.70340949800   -2.07718046500    4.70392915300
  2026-05-18T23:32:00.000000      -4674.134785059       4859.223453297       -547.196324243   -4.43864136400   -3.69881100200    5.05887257400
  2026-05-18T23:35:59.999999      -5553.751599248       3803.104615833        672.172468059   -2.84607331300   -5.04763036000    5.03937342800
  2026-05-18T23:39:59.999999      -6023.427466535       2466.261058705       1841.785797539   -1.04375568200   -6.02363785700    4.64686023000
  2026-05-18T23:44:00.000000      -6048.653803758        947.435385472       2875.111930954    0.83465214200   -6.55481490900    3.91078866700
  2026-05-18T23:48:00.000000      -5627.817792822       -641.274059999       3695.812870685    2.65043820200   -6.60248941000    2.88603204900
  2026-05-18T23:51:59.999999      -4792.178030284      -2182.740515152       4243.344131969    4.27003246400   -6.16361432800    1.64850217600
  2026-05-18T23:55:59.999999      -3603.469227363      -3563.401425565       4477.356115963    5.57457715200   -5.27076199500    0.28953573400
  2026-05-19T00:00:00.000000      -2149.312857224      -4681.562481144       4380.599031947    6.46847777900   -3.98956416100   -1.09089677700
  2026-05-19T00:04:00.000000       -536.803039380      -5454.769016892       3960.147498542    6.88599986600   -2.41380707800   -2.39124209200
  2026-05-19T00:08:00.000000       1115.262640188      -5825.827944909       3246.914802281    6.79595548300   -0.65898001400   -3.51560730700
  2026-05-19T00:11:59.999999       2685.021946798      -5767.071734574       2293.455170183    6.20424658700    1.14580643100   -4.38062228300
  2026-05-19T00:15:59.999999       4056.520292313      -5282.529981122       1170.191149826    5.15394648700    2.86715732400   -4.92175266700
  2026-05-19T00:20:00.000000       5128.348274003      -4407.773076632        -39.757591877    3.72250899500    4.37732179000   -5.09844269500
  2026-05-19T00:24:00.000000       5821.268447574      -3207.347856445      -1246.766640497    2.01605903600    5.56414287100   -4.89739990900
  2026-05-19T00:27:59.999999       6084.165149014      -1769.976807728      -2361.421610068    0.16133072000    6.33960591000   -4.33367617100
  2026-05-19T00:31:59.999999       5897.851019391       -201.904484536      -3301.234045154   -1.70409287300    6.64665475000   -3.44953113300
  2026-05-19T00:36:00.000000       5276.395229755       1381.085095238      -3996.788090500   -3.44241845700    6.46326857600   -2.31090449000
  2026-05-19T00:40:00.000000       4265.929517794       2862.272510253      -4396.830111977   -4.92589127300    5.80364230600   -1.00220519800
  2026-05-19T00:43:59.999999       2941.119840737       4132.562514109      -4471.948906044   -6.04586322500    4.71667380900    0.38004800000
  2026-05-19T00:47:59.999999       1399.639390741       5098.410324478      -4216.661662575   -6.72036707900    3.28223898800    1.73418004600
  2026-05-19T00:52:00.000000       -244.954057839       5688.605006101      -3649.790730904   -6.89980192300    1.60550050000    2.96051723300
  2026-05-19T00:56:00.000000      -1871.474942721       5859.487580236      -2813.119581259   -6.57060735800   -0.19046529800    3.96855491700
  2026-05-19T00:59:59.999999      -3359.957253099       5598.227050769      -1768.385433226   -5.75651830000   -1.97338031900    4.68355010600
  2026-05-19T01:03:59.999999      -4600.502776730       4923.882422490       -592.792830634   -4.51724253200   -3.61142358500    5.05219411900
  2026-05-19T01:08:00.000000      -5501.478083830       3886.102643829        626.677002191   -2.94436249300   -4.98314806100    5.04689745400
  2026-05-19T01:12:00.000000      -5996.390913735       2561.482715923       1799.761126353   -1.15444810800   -5.98690542900    4.66807773700
  2026-05-19T01:15:59.999999      -6048.846432154       1047.844920647       2839.668727163    0.71985212000   -6.54856244300    3.94405361600
  2026-05-19T01:19:59.999999      -5655.207268479       -543.078341938       3669.555700962    2.53998752200   -6.62706805900    2.92885233100
  2026-05-19T01:24:00.000000      -4844.738146399      -2093.984139077       4228.203864078    4.17202937700   -6.21722597800    1.69775223400
  2026-05-19T01:28:00.000000      -3677.314680678      -3490.624937066       4474.443885220    5.49630806700   -5.34947482500    0.34153986300
  2026-05-19T01:31:59.999999      -2238.979802903      -4630.116570229       4390.110705088    6.41570003500   -4.08749774900   -1.04000755600
  2026-05-19T01:35:59.999999       -635.672357171      -5428.423317803       3981.360476080    6.86256619500   -2.52374796100   -2.34523220300
  2026-05-19T01:40:00.000000       1014.483796800      -5826.503307416       3278.241043783    6.80358096200   -0.77282415700   -3.47785814200
  2026-05-19T01:44:00.000000       2589.768808596      -5794.694916616       2332.563376531    6.24237795300    1.03648241000   -4.35392582900
  2026-05-19T01:47:59.999999       3973.817945075      -5335.031565223       1214.173048681    5.21974148300    2.77045264200   -4.90808187800
  2026-05-19T01:51:59.999999       5064.282247661      -4481.243290619          5.835242227    3.81105320700    4.30036698400   -5.09877330900
  2026-05-19T01:56:00.000000       5780.538094129      -3296.337304990      -1202.940242242    2.12077190600    5.51255762600   -4.91170028700
  2026-05-19T02:00:00.000000       6069.740490176      -1867.905978754      -2322.609400655    0.27447064700    6.31715005000   -4.36089936000
  2026-05-19T02:03:59.999999       5910.758233470       -301.542911626      -3270.310854970   -1.59087489800    6.65493832300   -3.48763418700
  2026-05-19T02:07:59.999999       5315.649672112       1287.078645017      -3976.038550664   -3.33742826700    6.50162679700   -2.35705468800
  2026-05-19T02:12:00.000000       4328.617886114       2780.816580314      -4387.786028562   -4.83679530300    5.86922820200   -1.05300392200
  2026-05-19T02:16:00.000000       3022.615975311       4069.652752027      -4475.283192952   -5.97919120100    4.80468807300    0.32833286700
  2026-05-19T02:19:59.999999       1493.937571224       5058.685728684      -4232.135337326   -6.68101449900    3.38624614100    1.68535874400
  2026-05-19T02:23:59.999999       -144.804052242       5675.005086511      -3676.267516086   -6.89069478600    1.71785141300    2.91822415600
  2026-05-19T02:28:00.000000      -1772.857046362       5873.028485660      -2848.643910006   -6.59240734200   -0.07803809600    3.93591528900
  2026-05-19T02:32:00.000000      -3270.145925152       5637.928178111      -1810.336186482   -5.80765909800   -1.86915618800    4.66297145000
  2026-05-19T02:35:59.999999      -4526.132976784       4986.832955963       -638.069293574   -4.59398022900   -3.52310767700    5.04523525300
  2026-05-19T02:39:59.999999      -5448.044302639       3967.670006902        581.427893095   -3.04100950300   -4.91728830300    5.05408247100
  2026-05-19T02:44:00.000000      -5967.840459450       2655.658410189       1757.888693704   -1.26388649800   -5.94834545200    4.68885989500
  2026-05-19T02:48:00.000000      -6047.295549724       1147.689013516       2804.274788916    0.60570035500   -6.54019418600    3.97692692800
  2026-05-19T02:51:59.999999      -5680.767895329       -444.936955075       3643.261974077    2.42961245500   -6.64951526900    2.97132405600
  2026-05-19T02:55:59.999999      -4895.517920850      -2004.775842465       4212.942587701    4.07353525200   -6.26875699800    1.74665245500
  2026-05-19T03:00:00.000000      -3749.576049254      -3416.913767352       4471.337814905    5.41689348800   -5.42630144400    0.39331862100
  2026-05-19T03:04:00.000000      -2327.404389138      -4577.337246530       4399.398531501    6.36127684500   -4.18402630400   -0.98915612900
  2026-05-19T03:08:00.000000       -733.733868118      -5400.469920916       4002.357985328    6.83716810000   -2.63281630800   -2.29910401900
  2026-05-19T03:11:59.999999        914.019763243      -5825.433583574       3309.395605781    6.80908393800   -0.88639540700   -3.43987108700
  2026-05-19T03:15:59.999999       2494.317094929      -5820.583773394       2371.569291511    6.27838783800    0.92679351300   -4.32689757600
  2026-05-19T03:20:00.000000       3890.425057235      -5385.962303437       1258.140103630    5.28360549500    2.67275803800   -4.89403021900
  2026-05-19T03:24:00.000000       4999.105433667      -4553.441870072         51.502342245    3.89803458400    4.22193399100   -5.09873709100
  2026-05-19T03:27:59.999999       5738.378078922      -3384.451405717      -1158.952761993    2.22440549800    5.45917750600   -4.92564017100
  2026-05-19T03:31:59.999999       6053.693144247      -1965.411597152      -2283.549649772    0.38708492900    6.29274960800   -4.38776431200
  2026-05-19T03:36:00.000000       5921.983578475       -401.228884998      -3239.057042663   -1.47763122500    6.66127741500   -3.52541411400
  2026-05-19T03:40:00.000000       5353.287779245       1192.572179083      -3954.886917602   -3.23192486800    6.53816337800   -2.40293196900
  2026-05-19T03:43:59.999999       4389.864720621       2698.446167722      -4378.282181762   -4.74676339700    5.93319070800   -1.10359468200
  2026-05-19T03:47:59.999999       3102.943906457       4005.469790788      -4478.119137416   -5.91118823200    4.89135517600    0.27672003800
  2026-05-19T03:52:00.000000       1587.425546221       5017.407201322      -4247.103898952   -6.64003571600    3.48928060100    1.63649437900
  2026-05-19T03:56:00.000000        -45.048748910       5659.672991646      -3702.266919949   -6.87976657300    1.82970457400    2.87573396300
  2026-05-19T03:59:59.999999      -1674.193352611       5884.777897426      -2883.753511347   -6.61237869100    0.03438145500    3.90296709100
  2026-05-19T04:03:59.999999      -3179.855383714       5675.888511173      -1851.953937309   -5.85702382300   -1.76450570000    4.64201592500
  2026-05-19T04:08:00.000000      -4450.872069066       5048.197595882       -683.117110801   -4.66909935000   -3.43392881900    5.03778943600
  2026-05-19T04:12:00.000000      -5393.367246122       4047.906131514        536.283245710   -3.13634822200   -4.85018377600    5.06072553100
  2026-05-19T04:15:59.999999      -5937.773292869       2748.834535316       1715.989319531   -1.37234883100   -5.90827505700    4.70908229700
  2026-05-19T04:19:59.999999      -6044.037416150       1246.927670467       2768.714398178    0.49213143300   -6.53004845500    4.00920407300
  2026-05-19T04:24:00.000000      -5704.546768598       -346.948586644       3616.665706956    2.31926961700   -6.67002965100    3.01328992500
  2026-05-19T04:28:00.000000      -4944.568881165      -1915.262337299       4197.275180290    3.97457781800   -6.31841369900    1.79518525700
  2026-05-19T04:31:59.999999      -3820.275225406      -3342.465440840       4467.748030947    5.33654712300   -5.50140638300    0.44480837100
  2026-05-19T04:35:59.999999      -2414.552177379      -4523.432824287       4408.145756199    6.30540275100   -4.27907864400   -0.93845822800
  2026-05-19T04:40:00.000000       -830.917426977      -5371.092436809       4022.807702204    6.80995089100   -2.74089564200   -2.25289209300
  2026-05-19T04:44:00.000000        813.972729639      -5822.763642602       3340.047402929    6.81258603500   -0.99949973500   -3.40159147000
  2026-05-19T04:47:59.999999       2398.797008469      -5844.827974652       2410.163663062    6.31237630200    0.81700445500   -4.29940072000
  2026-05-19T04:51:59.999999       3806.492395135      -5435.339299086       1301.824038345    5.34558525800    2.57441322800   -4.87938766300
  2026-05-19T04:56:00.000000       4932.966041737      -4624.305946018         97.037284183    3.98340810500    4.14233319000   -5.09804703000
  2026-05-19T05:00:00.000000       5694.917819335      -3471.564052025      -1114.941265809    2.32684293300    5.40422076300   -4.93894885500
  2026-05-19T05:03:59.999999       6036.112787440      -2062.331113626      -2244.320804070    0.49897795300    6.26647726600   -4.41405670400
  2026-05-19T05:07:59.999999       5931.569593352       -500.799290811      -3207.509292552   -1.36453775300    6.66559948100   -3.56273534700
  2026-05-19T05:12:00.000000       5389.321109463       1097.700765580      -3933.349063444   -3.12599276600    6.57274960400   -2.44850172600
  2026-05-19T05:16:00.000000       4449.672584969       2615.269369019      -4368.334904857   -4.65579949700    5.99544848400   -1.15401080700
  2026-05-19T05:19:59.999999       3182.103618275       3940.109270611      -4480.482045516   -5.84187005200    4.97663353500    0.22518306000
  2026-05-19T05:23:59.999999       1680.101761800       4974.660269050      -4261.593743277   -6.59741208300    3.59129402400    1.58759087600
  2026-05-19T05:28:00.000000         54.318574265       5642.681777417      -3727.818267002   -6.86698724300    1.94100615000    2.83303045500
  2026-05-19T05:32:00.000000      -1575.462730671       5894.797623573      -2918.483870774   -6.63043369700    0.14677602200    3.86966063800
  2026-05-19T05:35:59.999999      -3089.049109199       5712.179680012      -1893.291144662   -5.90459119700   -1.65933212600    4.62060869800
  2026-05-19T05:39:59.999999      -4374.689525031       5108.074247300       -727.995478235   -4.74263492700   -3.34377927200    5.02986333100
  2026-05-19T05:44:00.000000      -5337.421637469       4126.938839919        491.185387116   -3.23041279400   -4.78168511700    5.06683526900
  2026-05-19T05:48:00.000000      -5906.184763499       2841.184275550       1674.007931045   -1.47999849800   -5.86649468800    4.72878412400
  2026-05-19T05:51:59.999999      -6039.122658478       1345.767146287       2732.954201866    0.37888331200   -6.51806536700    4.04100694300
  2026-05-19T05:55:59.999999      -5726.649208523       -248.912399871       3589.758723654    2.20875951700   -6.68865774800    3.05480845300
  2026-05-19T06:00:00.000000      -4992.052855836      -1825.251101889       4181.201023677    3.87487678500   -6.36625563300    1.84339411200
  2026-05-19T06:04:00.000000      -3889.641515265      -3267.111951186       4463.696296701    5.25502897500   -5.57495331500    0.49616148100
  2026-05-19T06:08:00.000000      -2500.688773757      -4468.288807853       4416.416875881    6.24801637000   -4.37291028900   -0.88775474100
  2026-05-19T06:11:59.999999       -927.491760906      -5340.228846278       4042.795218809    6.78089368000   -2.84816279400   -2.20655158700
  2026-05-19T06:15:59.999999        714.067221522      -5818.481791677       3370.290987237    6.81407920100   -1.11238241000   -3.36299843100
  2026-05-19T06:20:00.000000       2302.938045337      -5867.476366296       2448.444752408    6.34440575700    0.70686528700   -4.27143657000
  2026-05-19T06:24:00.000000       3721.776082420      -5483.269958133       1345.322056823    5.40583670100    2.47518113700   -4.86415077600
  2026-05-19T06:27:59.999999       4865.671045886      -4693.993911065        142.536883095    4.06742848700    4.06138724400   -5.09671215700
  2026-05-19T06:31:59.999999       5650.031111287      -3557.865253310      -1070.810341204    2.42839663500    5.34758343900   -4.95161085800
  2026-05-19T06:36:00.000000       6016.960823269      -2158.869308732      -2204.823274915    0.61054404900    6.23834236000   -4.43977000600
  2026-05-19T06:40:00.000000       5939.570004457       -600.438648485      -3175.565775580   -1.25124394900    6.66803946000   -3.59957066300
  2026-05-19T06:43:59.999999       5423.880640011       1002.315418094      -3911.313203832   -3.01932521100    6.60553747200   -2.49372188900
  2026-05-19T06:47:59.999999       4508.240606103       2531.173387299      -4357.830727366   -4.56363793100    6.05615105700   -1.20428664400
  2026-05-19T06:52:00.000000       3260.358069309       3873.499839868      -4482.279879649   -5.77099741200    5.06075403200    0.17357877800
  2026-05-19T06:56:00.000000       1772.270204561       4930.441140290      -4275.552487145   -6.55303980300    3.69259234200    1.53847997400
  2026-05-19T06:59:59.999999        153.612368659       5624.096830850      -3752.902418712   -6.85234693800    2.05201247700    2.78999495600
  2026-05-19T07:03:59.999999      -1476.355887320       5903.211156398      -2952.845707826   -6.64663198100    0.25936897800    3.83586853900
  2026-05-19T07:08:00.000000      -2997.438813931       5746.973462280      -1934.392110075   -5.95048822700   -1.55346264000    4.59860448100
  2026-05-19T07:12:00.000000      -4297.339593791       5166.671835164       -772.784820663   -4.81481999300   -3.25252602100    5.02132211800
  2026-05-19T07:15:59.999999      -5280.026425006       4204.990362282        446.032132780   -3.32347557700   -4.71181763400    5.07234668100
  2026-05-19T07:19:59.999999      -5872.951954087       2932.908779940       1631.828075941   -1.58704310500   -5.82312161300    4.74789616300
  2026-05-19T07:24:00.000000      -6032.476602457       1444.385465950       2696.858536203    0.26573855000   -6.50434776700    4.07228450100
  2026-05-19T07:28:00.000000      -5747.055389565       -150.683739457       3562.405129218    2.09786424600   -6.70558883300    3.09591864900
  2026-05-19T07:31:59.999999      -5037.982257192      -1734.655706590       4164.593828311    3.77438284000   -6.41252356000    1.89127981000
  2026-05-19T07:35:59.999999      -3957.699554860      -3190.816044340       4459.048978933    5.17225090200   -5.64712534000    0.54734104400
  2026-05-19T07:40:00.000000      -2585.860459160      -4411.913334745       4424.075533516    6.18906786900   -4.46571204600   -0.83702405400
  2026-05-19T07:44:00.000000      -1023.499615204      -5307.930553461       4062.198758599    6.75009434800   -2.95477762900   -2.16001477600
  2026-05-19T07:47:59.999999        614.294519363      -5812.656650205       3400.010704665    6.81369278300   -1.22502134800   -3.32409717100
  2026-05-19T07:51:59.999999       2206.750532552      -5888.587199240       2486.292024363    6.37451091000    0.59641813700   -4.24303237000
  2026-05-19T07:56:00.000000       3636.283233899      -5529.805409327       1388.505432504    5.46431473000    2.37507410200   -4.84836869800
  2026-05-19T08:00:00.000000       4797.212550840      -4762.559451469        187.862970327    4.15002976300    3.97906216600   -5.09475796300
  2026-05-19T08:03:59.999999       5603.697472503      -3643.422963396      -1026.703075442    2.52902020300    5.28918781600   -4.96365647100
  2026-05-19T08:07:59.999999       5996.205165062      -2255.116146490      -2165.207909071    0.72174803500    6.20822371500   -4.46492717500
  2026-05-19T08:12:00.000000       5945.954267259       -700.274705993      -3143.384949491   -1.13768572700    6.66843305600   -3.63598648500
  2026-05-19T08:16:00.000000       5456.960284475        906.256554779      -3888.961352019   -2.91180295300    6.63642736800   -2.53870274000
  2026-05-19T08:19:59.999999       4565.599627937       2445.982458178      -4346.973360925   -4.47008034800    6.11526424600   -1.25450232800
  2026-05-19T08:23:59.999999       3337.788892880       3805.467570671      -4483.734861598   -5.69833684400    5.14374775900    0.12183110700
  2026-05-19T08:28:00.000000       1864.076225125       4884.595988837      -4289.226050691   -6.50665297800    3.79334949600    1.48903907700
  2026-05-19T08:32:00.000000        253.032288533       5603.829849595      -3777.793567625   -6.83567549000    2.16307668200    2.74653806900
  2026-05-19T08:35:59.999999      -1376.644562037       5910.019180913      -2987.123720228   -6.66088914700    0.37254139300    3.80157548000
  2026-05-19T08:39:59.999999      -2904.783963262       5780.362236154      -1975.539883179   -5.99468750300   -1.44650220200    4.57601952200
  2026-05-19T08:44:00.000000      -4218.584052919       5224.183674964       -817.762959175   -4.88572678100   -3.15972196500    5.01219882900
  2026-05-19T08:48:00.000000      -5220.980523083       4282.367693706        400.560735433   -3.41578230900   -4.64012135700    5.07738327600
  2026-05-19T08:51:59.999999      -5837.949194397       3024.408906488       1589.232252626   -1.69383856000   -5.77784154400    4.76665698700
  2026-05-19T08:55:59.999999      -6024.055628576       1543.233757228       2660.277859036    0.15239657800   -6.48876296900    4.10333071500
  2026-05-19T09:00:00.000000      -5765.788075757        -51.786894943       3534.523758482    1.98631985600   -6.72076243600    3.13691695200
  2026-05-19T09:04:00.000000      -5082.445611904      -1642.997769508       4147.447216211    3.67282771800   -6.45730012700    1.93918049900
  2026-05-19T09:08:00.000000      -4024.581228927      -3113.143695433       4453.875277119    5.08812843200   -5.71815892200    0.59859530900
  2026-05-19T09:11:59.999999      -2670.213648113      -4353.930325357       4431.231599703    6.12847950700   -4.55775069300   -0.78615079500
  2026-05-19T09:15:59.999999      -1119.104967972      -5273.898608812       4081.148342515    6.71750416100   -3.06109688100   -2.11321549300
  2026-05-19T09:20:00.000000        514.490522343      -5805.079636758       3429.355134341    6.81152001600   -1.33780587800   -3.28481404800
  2026-05-19T09:24:00.000000       2110.116523345      -5908.026548364       2523.862253879    6.40293378600    0.48545712500   -4.21419573800
  2026-05-19T09:27:59.999999       3549.953711742      -5574.833275626       1431.517243065    5.52122939400    2.27411520300   -4.83214302000
  2026-05-19T09:31:59.999999       4727.561184835      -4829.862659081        233.123789379    4.23124007000    3.89554089200   -5.09235649700
  2026-05-19T09:36:00.000000       5555.870880779      -3728.048371416       -982.552459961    2.62856458600    5.22925989700   -4.97526059700
  2026-05-19T09:40:00.000000       5973.744830286      -2350.827048783      -2125.447655250    0.83227641400    6.17634326300   -4.48967472300
  2026-05-19T09:43:59.999999       5950.527121809       -800.012808221      -3110.964910056   -1.02433304300    6.66696452600   -3.67202701500
  2026-05-19T09:47:59.999999       5488.235908062        809.849487385      -3866.286480983   -2.80401553000    6.66547889500   -2.58336453200
  2026-05-19T09:52:00.000000       4621.274469435       2360.014257341      -4335.724996811   -4.37579603900    6.17267099200   -1.30447245600
  2026-05-19T09:56:00.000000       3413.764816160       3736.277800247      -4484.748687569   -5.62448608100    5.22529400100    0.07024988400
  2026-05-19T09:59:59.999999       1954.760198106       4837.289569353      -4302.431479292   -6.45870201300    3.89303262600    1.43965583200
  2026-05-19T10:03:59.999999        351.739965572       5581.896817293      -3802.217206399   -6.81717663000    2.27352900000    2.70301894000
  2026-05-19T10:08:00.000000      -1277.190401424       5915.074578911      -3020.959056535   -6.67320543600    0.48559198400    3.76715438800
  2026-05-19T10:12:00.000000      -2811.911251695       5812.023973195      -2016.285327291   -6.03687308800   -1.33919814300    4.55319892300
  2026-05-19T10:15:59.999999      -4139.136274795       5280.112850153       -862.417348843   -4.95473451300   -3.06605128900    5.00265141800
  2026-05-19T10:19:59.999999      -5160.824370922       4358.430417983        355.294550618   -3.50653350200   -4.56706637700    5.08186890400
  2026-05-19T10:24:00.000000      -5801.519789129       3114.969125127       1546.702066920   -1.79957255100   -5.73084312200    4.78482552400
  2026-05-19T10:28:00.000000      -6014.020631730       1641.579765694       2623.620940627    0.03954825100   -6.47126765100    4.13379815100
  2026-05-19T10:31:59.999999      -5782.852722964         47.071005207       3506.435238897    1.87473909600   -6.73399130200    3.17739586100
  2026-05-19T10:35:59.999999      -5125.314976649      -1550.914646242       4129.979916731    3.57068835100   -6.50017555600    1.98666948700
  2026-05-19T10:40:00.000000      -4090.074989647      -3034.611537294       4448.301735218    5.00289044500   -5.78751450900    0.64961011400
  2026-05-19T10:44:00.000000      -2753.494472480      -4294.728912436       4437.950429506    6.06640549000   -4.64848586600   -0.73536289200
  2026-05-19T10:47:59.999999      -1214.031490485      -5238.384388561       4099.653965251    6.68311513200   -3.16654291400   -2.06638015800
  2026-05-19T10:51:59.999999        414.907176706      -5795.876292668       3458.281252028    6.80736001300   -1.45026919000   -3.24534518400
  2026-05-19T10:56:00.000000       2013.223614085      -5925.830239180       2561.081300532    6.42938643900    0.37425416800   -4.18498504700
  2026-05-19T11:00:00.000000       3462.917741007      -5618.348985216       1474.290369832    5.57641787400    2.17238650300   -4.81536246700
  2026-05-19T11:03:59.999999       4656.834261722      -4895.890673089        278.296563266    4.31111808900    3.81083052800   -5.08926544000
  2026-05-19T11:07:59.999999       5506.703749868      -3811.720344742       -938.316528752    2.72723505400    5.16786278700   -4.98611742100
  2026-05-19T11:12:00.000000       5949.787637428      -2445.960014276      -2085.423177784    0.94236736300    6.14281901500   -4.51369329000
  2026-05-19T11:16:00.000000       5953.550852349       -899.584882420      -3078.115409486   -0.91096828500    6.66371618600   -3.70743113600
  2026-05-19T11:19:59.999999       5518.026633449        713.176115316      -3843.046899545   -2.69569336200    6.69273306800   -2.62754719300
  2026-05-19T11:23:59.999999       4675.650585365       2273.367103943      -4323.821146101   -4.28052200200    6.22845520600   -1.35416406300
  2026-05-19T11:28:00.000000       3488.723461867       3666.046979389      -4485.065297573   -5.54929480300    5.30546520600    0.01873295700
  2026-05-19T11:32:00.000000       2044.784078033       4788.653440570      -4314.950898602   -6.40912835700    3.99170823600    1.39011816000
  2026-05-19T11:35:59.999999        450.198450707       5558.448646431      -3826.017297747   -6.79689815300    2.38344829700    2.65913482200
  2026-05-19T11:39:59.999999      -1177.554899590       5918.547645103      -3054.282682068   -6.68374695300    0.59862434600    3.73217351600
  2026-05-19T11:44:00.000000      -2718.450149909       5842.159036381      -2056.665689174   -6.07745722900   -1.23143595200    4.52974264800
  2026-05-19T11:48:00.000000      -4058.733918370       5334.674465473       -906.865290228   -5.02229897000   -2.97150313400    4.99241185300
  2026-05-19T11:51:59.999999      -5099.402449161       4433.397770136        310.059632148   -3.59617538100   -4.49261271300    5.08559869100
  2026-05-19T11:55:59.999999      -5763.616717894       3204.820865481       1504.028566321   -1.90470262400   -5.68203918300    4.80231312100
  2026-05-19T12:00:00.000000      -6002.436872824       1739.682665899       2586.674759989   -0.07328874900   -6.45173781400    4.16373528500
  2026-05-19T12:04:00.000000      -5798.446320801        146.181494754       3477.952045610    1.76250263800   -6.74519036500    3.21754867200
  2026-05-19T12:08:00.000000      -5166.936851192      -1458.120272834       4112.066729122    3.46736443500   -6.54126843900    2.03404617200
  2026-05-19T12:11:59.999999      -4154.658012727      -2954.977628995       4442.280602961    4.91603857000   -5.85541366300    0.70073328000
  2026-05-19T12:15:59.999999      -2836.296722459      -4234.130096810       4444.279916487    6.00237004300   -4.73824989600   -0.68419317700
  2026-05-19T12:20:00.000000      -1308.969263737      -5201.312551776       4117.892993894    6.64666340600   -3.27163334800   -2.01892072200
  2026-05-19T12:24:00.000000        314.827298594      -5785.101687184       3487.108202544    6.80122678600   -1.56296971800   -3.20512384700
  2026-05-19T12:27:59.999999       1915.381840527      -5942.189889824       2598.384528439    6.45406141900    0.26223401500   -4.15501242400
  2026-05-19T12:31:59.999999       3374.540926845      -5660.683159032       1517.325016626    5.63014453200    2.06929239100   -4.79787699300
  2026-05-19T12:36:00.000000       4584.468662216      -4961.120958584        323.884250132    4.38999774100    3.72432605500   -5.08562216500
  2026-05-19T12:40:00.000000       5455.718998303      -3895.057281805       -893.557354434    2.82541358500    5.10441601000   -4.99661827400
  2026-05-19T12:43:59.999999       5923.967785912      -2541.267336162      -2044.813262658    1.05260168400    6.10713980300   -4.53755735500
  2026-05-19T12:47:59.999999       5954.821147003       -999.828921297      -3044.667952509   -0.79686901800    6.65851752700   -3.74287182700
  2026-05-19T12:52:00.000000       5546.292786429        615.401711348      -3819.232905124   -2.58623305100    6.71837190700   -2.67187901000
  2026-05-19T12:56:00.000000       4728.817413610       2185.269403187      -4311.390004857   -4.18374201900    6.28294787600   -1.40410852600
  2026-05-19T12:59:59.999999       3562.873238981       3594.111746450      -4484.931960290   -5.47230791500    5.38483073300   -0.03316385600
  2026-05-19T13:03:59.999999       2134.448660655       4738.178633096      -4327.120293613   -6.35761781300    4.09006964000    1.34012476600
  2026-05-19T13:08:00.000000        548.770332598       5533.148109462      -3849.586327124   -6.77465162200    2.49358243700    2.61472582600
  2026-05-19T13:12:00.000000      -1077.344827158       5920.284932006      -3087.501328889   -6.69241890300    0.71240273800    3.69666826100
  2026-05-19T13:15:59.999999      -2623.989800351       5870.798205314      -2097.068145145   -6.11640123400   -1.12241345900    4.50574864700
  2026-05-19T13:19:59.999999      -3976.989487550       5388.095556106       -951.456989991   -5.08866430100   -2.87530560600    4.98171927300
  2026-05-19T13:24:00.000000      -5036.395477549       4507.639748497        264.586061923   -3.68497314000   -4.41636898000    5.08898523900
  2026-05-19T13:28:00.000000      -5723.968558971       3294.397552696       1461.041294298   -2.00936519700   -5.63127029100    4.81951891700
  2026-05-19T13:31:59.999999      -5989.051559501       1837.991135668       2549.361037657   -0.18612349400   -6.43019215500    4.19350887300
  2026-05-19T13:35:59.999999      -5812.291219934        245.974834896       3449.077462530    1.64981888600   -6.75443400700    3.25766359700
  2026-05-19T13:40:00.000000      -5206.981948867      -1364.194122813       4093.768787551    3.36305335600   -6.58063030600    2.08153050400
  2026-05-19T13:44:00.000000      -4217.952322648      -2873.850530612       4435.915436410    4.82781249000   -5.92204363800    0.75205995300
  2026-05-19T13:47:59.999999      -2918.170864076      -4171.788540575       4450.313084538    5.93670465000   -4.82718813500   -0.63283233300
  2026-05-19T13:51:59.999999      -1403.398523229      -5162.354217467       4135.882710813    6.60835783400   -3.37636842600   -1.97125451100
  2026-05-19T13:56:00.000000        214.797497781      -5772.417970660       3515.739708863    6.79316184000   -1.67583848800   -3.16465985100
  2026-05-19T14:00:00.000000       1817.134157461      -5956.740953665       2635.553795430    6.47689093100    0.14955918500   -4.12477905400
  2026-05-19T14:03:59.999999       3285.335340316      -5701.412658049       1560.286694474    5.68219461100    1.96516777400   -4.78013875200
  2026-05-19T14:07:59.999999       4510.896132392      -5025.033857983        369.460924117    4.46741683100    3.63645757600   -5.08171120000
  2026-05-19T14:12:00.000000       5403.214941209      -3977.441571930       -848.741764509    2.92247535600    5.03931748900   -5.00683207800
  2026-05-19T14:16:00.000000       5896.407043851      -2636.038704622      -2004.077756729    1.16210192500    6.06965534500   -4.56112756400
  2026-05-19T14:19:59.999999       5954.224959133      -1099.985194655      -3011.023465077   -0.68306121600    6.65139306900   -3.77801915100
  2026-05-19T14:23:59.999999       5572.686592967        517.249521829      -3795.158775919   -2.47651708800    6.74210014000   -2.71599161200
  2026-05-19T14:28:00.000000       4780.233265340       2096.361311819      -4298.654148629   -4.08624044300    6.33576606200   -1.45388093300
  2026-05-19T14:32:00.000000       3635.495910672       3520.990486999      -4484.450044500   -5.39415792800    5.46274798000   -0.08488339600
  2026-05-19T14:35:59.999999       2222.918155165       4686.214138458      -4338.909082148   -6.30452914000    4.18737194800    1.29022014500
  2026-05-19T14:39:59.999999        646.560440141       5506.154475055      -3872.761643759   -6.75054698600    2.60308092400    2.57032947100
  2026-05-19T14:44:00.000000       -977.445546017       5920.235301210      -3120.339863149   -6.69906239100    0.82605553300    3.66103916600
  2026-05-19T14:48:00.000000      -2529.350729989       5897.683998763      -2137.131548733   -6.15332332900   -1.01300593800    4.48155030200
  2026-05-19T14:51:59.999999      -3894.589862629       5439.912681798       -995.767480351   -5.15309346700   -2.77822992700    4.97073234600
  2026-05-19T14:55:59.999999      -4972.303377601       4580.547619387        219.313829640   -3.77216114300   -4.33878700800    5.09201124700
  2026-05-19T15:00:00.000000      -5682.898250994       3382.994020454       1418.162811151   -2.11282325800   -5.57892110300    4.83630819900
  2026-05-19T15:04:00.000000      -5974.005332500       1935.724057511       2512.041982096   -0.29819895000   -6.40686625200    4.22276283300
  2026-05-19T15:08:00.000000      -5824.355698512        345.634746730       3420.069452049    1.53736007600   -6.76179065800    3.29723704100
  2026-05-19T15:11:59.999999      -5245.251211197      -1269.948344781       4075.210721861    3.25847764800   -6.61809856500    2.12848686900
  2026-05-19T15:15:59.999999      -4279.606351622      -2791.955288268       4429.174327721    4.73871699600   -5.98687786500    0.80298550200
  2026-05-19T15:20:00.000000      -2998.673892030      -4108.286095338       4455.897834761    5.86971564000   -4.91468341600   -0.58169218700
  2026-05-19T15:24:00.000000      -1496.810863427      -5121.935427565       4153.381362961    6.56841980900   -3.48003611300   -1.92372658900
  2026-05-19T15:27:59.999999        115.357989442      -5758.066746449       3543.860192484    6.78318791300   -1.78806715600   -3.12421689400
  2026-05-19T15:31:59.999999       1718.997856276      -5969.532040103       2672.226528950    6.49767163300    0.03699842000   -4.09439846700
  2026-05-19T15:36:00.000000       3195.752075071      -5740.422213305       1602.806576333    5.73225580700    1.86060911800   -4.76210436500
  2026-05-19T15:40:00.000000       4436.492739901      -5087.389304257        414.682245157    4.54306416600    3.54767900900   -5.07737163200
  2026-05-19T15:43:59.999999       5349.491976471      -4058.536371016       -804.165386431    3.01808894500    4.97290339500   -5.01651078400
  2026-05-19T15:47:59.999999       5867.329956429      -2729.881510540      -1963.443741502    1.27059666700    6.03049004000   -4.58409810200
  2026-05-19T15:52:00.000000       5951.936338965      -1199.648594800      -2977.336596901   -0.56970632500    6.64235860000   -3.81258290700
  2026-05-19T15:56:00.000000       5597.347268049        419.121460080      -3770.908434153   -2.36668373600    6.76383756400   -2.75957154900
  2026-05-19T15:59:59.999999       4830.016949461       2007.001111089      -4285.627432770   -3.98800400200    6.38664027300   -1.50325501900
  2026-05-19T16:03:59.999999       3706.728694805       3446.983515621      -4483.607718166   -5.31476493100    5.53902425800   -0.13640993800
  2026-05-19T16:08:00.000000       2310.344435983       4633.011235278      -4350.306238133   -6.24979822700    4.28339180400    1.24037950400
  2026-05-19T16:12:00.000000        743.743986760       5477.674781187      -3895.552726543   -6.72447599100    2.71182280700    2.52580244100
  2026-05-19T16:15:59.999999       -877.666041791       5918.585598228      -3152.844814645   -6.70363118700    0.93950828100    3.62511565600
  2026-05-19T16:19:59.999999      -2434.335734979       5922.991897674      -2176.952221821   -6.18822332900   -0.90320386700    4.45689878700
  2026-05-19T16:24:00.000000      -3811.356990682       5490.315431113      -1039.956692015   -5.21577169800   -2.68021553100    4.95921544500
  2026-05-19T16:28:00.000000      -4906.998823679       4652.319527158        174.033213463   -3.85795127700   -4.25982697400    5.09448129700
  2026-05-19T16:31:59.999999      -5640.336115919       3470.828829821       1375.143809479   -2.21537719900   -5.52485165200    4.85256019600
  2026-05-19T16:35:59.999999      -5957.317028130       2033.128526412       2474.464891098   -0.40991657200   -6.38168353500    4.25157491500
  2026-05-19T16:40:00.000000      -5834.755621860        445.413203670       3390.704768185    1.42473844000   -6.76729859800    3.33643895600
  2026-05-19T16:44:00.000000      -5281.956953208      -1175.150022564       4056.219750612    3.15323519900   -6.65382870200    2.17520239800
  2026-05-19T16:47:59.999999      -4339.901463584      -2709.114459541       4421.955373140    4.64857700700   -6.05016409500    0.85376022200
  2026-05-19T16:51:59.999999      -3078.123692027      -4043.495734233       4460.985665104    5.80122346400   -5.00091197800   -0.53053251100
  2026-05-19T16:56:00.000000      -1589.570580277      -5079.981810085       4170.417450419    6.52670481500   -3.58293883800   -1.87594388900
  2026-05-19T17:00:00.000000         16.135723479      -5742.056645571       3571.594761047    6.77137817700   -1.90001246300   -3.08340348100
  2026-05-19T17:03:59.999999       1620.636645755      -5980.650516777       2708.609836662    6.51660652500   -0.07573236100   -4.06358376300
  2026-05-19T17:07:59.999999       3105.508529470      -5777.858012616       1645.148659870    5.78056000600    1.75538885900   -4.74357914600
  2026-05-19T17:12:00.000000       4361.032387599      -5148.388594329        459.846577641    4.61719079100    3.45775825700   -5.07252539700
  2026-05-19T17:16:00.000000       5294.390200297      -4138.599240737       -759.527097012    3.11256087300    4.90495310700   -5.02571618900
  2026-05-19T17:19:59.999999       5836.651709388      -2823.091413692      -1922.642718519    1.37838202600    5.98955475200   -4.60665840500
  2026-05-19T17:23:59.999999       5947.931364903      -1299.120356603      -2943.390014270   -0.45659266400    6.63143239400   -3.84678698700
  2026-05-19T17:28:00.000000       5620.294292124        320.727939225      -3746.320848541   -2.25658611200    6.78368795600   -2.80287262400
  2026-05-19T17:32:00.000000       4878.209416879       1916.937810016      -4272.207793558   -3.88901924800    6.43577384000   -1.55244257400
  2026-05-19T17:35:59.999999       3776.605819385       3371.882939126      -4482.339541087   -5.23415122700    5.61380331000   -0.18785962200
  2026-05-19T17:39:59.999999       2396.755518755       4578.402774312      -4361.280644892   -6.19349507500    4.37833070500    1.19044104100
  2026-05-19T17:44:00.000000        840.313155067       5447.581011492      -3917.955779425   -6.69663995900    2.81990472100    2.48109870400
  2026-05-19T17:48:00.000000       -778.053223305       5915.219855985      -3185.014045020   -6.70626712800    1.05279298200    3.58893838400
  2026-05-19T17:51:59.999999      -2339.020800998       5946.606902216      -2216.506234892   -6.22117974400   -0.79304474000    4.43191122000
  2026-05-19T17:55:59.999999      -3727.371975143       5539.172290739      -1083.970743827   -5.27665630700   -2.58133759100    4.94727483600
  2026-05-19T18:00:00.000000      -4840.546545574       4722.805354848        128.819399758   -3.94226079000   -4.17958795900    5.09648347100
  2026-05-19T18:04:00.000000      -5596.316395495       3557.724125784       1332.076777360   -2.31683828400   -5.46919254200    4.86833350300
  2026-05-19T18:08:00.000000      -5938.964197511       2130.004630589       2436.726879597   -0.52101587000   -6.35467485400    4.27993017700
  2026-05-19T18:11:59.999999      -5843.405520831        545.114231216       3361.079000446    1.31221136100   -6.77090881900    3.37525911100
  2026-05-19T18:15:59.999999      -5316.953307107      -1079.981729079       4036.884675218    3.04757990800   -6.68774931200    2.22160845800
  2026-05-19T18:20:00.000000      -4398.644049586      -2625.486195657       4414.327366178    4.55755737200   -6.11182101900    0.90431294200
  2026-05-19T18:24:00.000000      -3156.274931591      -3977.557743710       4465.616954904    5.73148897500   -5.08575740000   -0.47955467100
  2026-05-19T18:27:59.999999      -1681.380593399      -5036.583797811       4186.962851674    6.48331880200   -3.68478744400   -1.82824334100
  2026-05-19T18:31:59.999999        -82.578043129      -5724.410617389       3598.842454501    6.75761272000   -2.01144215100   -3.04246958000
  2026-05-19T18:36:00.000000       1522.309038428      -5990.075788903       2744.557802996    6.53357685500   -0.18848809300   -4.03247564800
  2026-05-19T18:40:00.000000       3014.839269616      -5813.664537727       1687.141099317    5.82700455100    1.64966724000   -4.72463025300
  2026-05-19T18:43:59.999999       4284.722304815      -5207.933796315        504.775397860    4.68966105500    3.36688826800   -5.06716171200
  2026-05-19T18:47:59.999999       5238.075079146      -4217.483018125       -714.992020778    3.20567516100    4.83566944900   -5.03433923000
  2026-05-19T18:52:00.000000       5804.482777983      -2915.481503432      -1881.800312130    1.48522914700    5.94699354200   -4.62861809300
  2026-05-19T18:56:00.000000       5942.265589507      -1398.183825845      -2909.261037455   -0.34395171400    6.61870980200   -3.88041306700
  2026-05-19T18:59:59.999999       5641.528101957        222.302020375      -3721.418375961   -2.14644944700    6.80168406500   -2.84565457900
  2026-05-19T19:03:59.999999       4924.759424666       1826.402926203      -4258.359523250   -3.78948896900    6.48312416200   -1.60120616200
  2026-05-19T19:08:00.000000       3845.028401945       3295.903029381      -4480.554565328   -5.15253801000    5.68699606200   -0.23900197200
  2026-05-19T19:12:00.000000       2481.999553831       4522.566738056      -4371.678554851   -6.13578675100    4.47196181800    1.14068649500
  2026-05-19T19:15:59.999999        936.094218434       5415.993425059      -3939.760138165   -6.66708493800    2.92709467700    2.43638305200
  2026-05-19T19:19:59.999999       -678.801265430       5910.201213844      -3216.609363216   -6.70708796700    1.16563233500    3.55258076500
  2026-05-19T19:24:00.000000      -2243.621241718       5968.509024557      -2255.544074729   -6.25225361600   -0.68292520200    4.40662907400
  2026-05-19T19:28:00.000000      -3642.851439374       5586.362818651      -1127.555060346   -5.33568079200   -2.48202207600    4.93489597700
  2026-05-19T19:31:59.999999      -4773.133654755       4791.790351729         83.913011843   -4.02491611800   -4.09841006900    5.09791202200
  2026-05-19T19:35:59.999999      -5550.980212543       3643.397003143       1289.169323295   -2.41701440600   -5.41217152500    4.88346270000
  2026-05-19T19:40:00.000000      -5919.038258198       2226.023291903       2398.991163267   -0.63127429800   -6.32600808800    4.30762341200
  2026-05-19T19:44:00.000000      -5850.340801514        644.382741545       3331.299452339    1.20001067300   -6.77265338600    3.41345722300
  2026-05-19T19:47:59.999999      -5350.221178856       -984.786662984       4017.257224043    2.94168551500   -6.71973091100    2.26748480300
  2026-05-19T19:51:59.999999      -4455.783609195      -2541.380736448       4406.299200747    4.46576361700   -6.17167897700    0.95448939700
  2026-05-19T19:56:00.000000      -3233.067359627      -3910.736605596       4469.774880041    5.66050490900   -5.16904703800   -0.42879575700
  2026-05-19T20:00:00.000000      -1772.174011851      -4991.968678923       4203.001937581    6.43834965300   -3.78540695100   -1.78060127300
  2026-05-19T20:03:59.999999       -180.690166617      -5705.296305893       3625.585464031    6.74196421400   -2.12202015400   -3.00146449900
  2026-05-19T20:07:59.999999       1424.101268278      -5997.889782845       2780.041127321    6.54846174800   -0.30093657600   -4.00109897100
  2026-05-19T20:12:00.000000       2923.792835969      -5847.858681069       1728.754414515    5.87144007600    1.54365875200   -4.70525489500
  2026-05-19T20:16:00.000000       4207.578634144      -5265.993547739        549.439648919    4.76035088100    3.27526100800   -5.06126709900
  2026-05-19T20:19:59.999999       5180.538247513      -4295.111340834       -670.583030724    3.29735358100    4.76524008600   -5.04233869600
  2026-05-19T20:23:59.999999       5770.797571592      -3006.930050041      -1840.925840860    1.59108064100    5.90296513400   -4.64988958500
  2026-05-19T20:28:00.000000       5934.907977080      -1496.686794186      -2874.935406724   -0.23177347300    6.60431662700   -3.91337233700
  2026-05-19T20:32:00.000000       5661.019548261        124.028050719      -3696.164432331   -2.03628026200    6.81796052200   -2.88781352000
  2026-05-19T20:35:59.999999       4969.632095907       1735.608496763      -4244.018204114   -3.68944671300    6.52877498700   -1.64942117500
  2026-05-19T20:39:59.999999       3911.952590570       3219.268207007      -4478.159262029   -5.06994984800    5.75861226500   -0.28972415200
  2026-05-19T20:44:00.000000       2566.030186282       4465.723940061      -4381.385355000   -6.07669894500    4.56425925800    1.09117894000
  2026-05-19T20:48:00.000000       1031.033949800       5383.116346035      -3960.837570069   -6.63582888600    3.03328280600    2.39172114400
  2026-05-19T20:51:59.999999       -579.952297028       5903.703119009      -3247.490292217   -6.70595711400    1.27791302900    3.51604347600
  2026-05-19T20:55:59.999999      -2148.151816650       5988.866488051      -2293.945102987   -6.28139343100   -0.57280278100    4.38089611200
  2026-05-19T21:00:00.000000      -3557.817039624       5632.065325347      -1170.631240327   -5.39294033500   -2.38225724800    4.92191121500
  2026-05-19T21:04:00.000000      -4704.802645732       4859.451398756         39.352613268   -4.10599748600   -4.01630568200    5.09860362900
  2026-05-19T21:08:00.000000      -5504.391163529       3728.028011385       1246.420111213   -2.51600562800   -5.35373294100    4.89777135100
  2026-05-19T21:11:59.999999      -5897.640127886       2321.384986119       2361.217245029   -0.74090608800   -6.29558361200    4.33452255800
  2026-05-19T21:15:59.999999      -5855.724290933        743.435424046       3301.301335395    1.08784747500   -6.77250609900    3.45095101000
  2026-05-19T21:20:00.000000      -5381.998571402       -889.352825460       3997.257743224    2.83525890000   -6.74985093700    2.31280043200
  2026-05-19T21:24:00.000000      -4511.624842472      -2456.606921603       4397.784986749    4.37288930300   -6.22984022600    1.00430241100
  2026-05-19T21:27:59.999999      -3308.872290082      -3842.879255746       4473.394176420    5.58805238000   -5.25098669000   -0.37813023100
  2026-05-19T21:31:59.999999      -1862.365238100      -4946.041528366       4218.503674495    6.39164976400   -3.88508972300   -1.73285767200
  2026-05-19T21:36:00.000000       -278.634868000      -5684.703733432       3651.843735337    6.72446737500   -2.23216233700   -2.96012793000
  2026-05-19T21:40:00.000000       1325.618717187      -6004.181157319       2815.137500448    6.56150681200   -0.41343918800   -3.96923970800
  2026-05-19T21:43:59.999999       2832.037897425      -5880.601502908       1770.115931150    5.91412608900    1.43709391300   -4.68523119100
  2026-05-19T21:47:59.999999       4129.341747609      -5322.803432271        594.022296635    4.82962550600    3.18253135500   -5.05463455200
  2026-05-19T21:52:00.000000       5121.620103146      -4371.805505026       -626.080470274    3.38805853000    4.69331124100   -5.04963262200
  2026-05-19T21:56:00.000000       5735.558539163      -3097.838509090      -1799.797594195    1.69647004800    5.85717544200   -4.67053824900
  2026-05-19T21:59:59.999999       5925.948985547      -1595.088182856      -2840.220102945   -0.11952598300    6.58804956500   -3.94582920300
  2026-05-19T22:03:59.999999       5678.992231910         25.404779762      -3670.421809273   -1.92548949900    6.83238221500   -2.92966185900
  2026-05-19T22:08:00.000000       5013.197928380       1644.042115861      -4229.140647488   -3.58828754900    6.57279797700   -1.69754877000
  2026-05-19T22:12:00.000000       3977.884879099       3141.510470359      -4475.230287553   -4.98586171900    5.82893609900   -0.34055128300
  2026-05-19T22:15:59.999999       2649.464147647       4407.498239999      -4390.606188933   -6.01583291200    4.65569228500    1.04137902400
  2026-05-19T22:19:59.999999       1125.823699990       5348.708665336      -3981.520962908   -6.60265532300    3.13911433000    2.34658864900
  2026-05-19T22:24:00.000000       -480.791395274       5895.652920495      -3278.109464301   -6.70294009000    1.39037539900    3.47889307500
  2026-05-19T22:28:00.000000      -2051.934024371       6007.777251929      -2332.239111887   -6.30878136600   -0.46198148400    4.35448595800
  2026-05-19T22:31:59.999999      -3471.643194866       5676.556373816      -1213.770913553   -5.44874642600   -2.28121925100    4.90819099700
  2026-05-19T22:35:59.999999      -4635.048204195       4926.256327846         -5.441036917   -4.18617072600   -3.93257158900    5.09863736300
  2026-05-19T22:40:00.000000      -5456.216086877       3812.210660072       1203.293789072   -2.61452661000   -5.29353742600    4.91152937000
  2026-05-19T22:44:00.000000      -5874.597240485       2416.737792875       2322.943192906   -0.85054189200   -6.26326575000    4.36095804000
  2026-05-19T22:47:59.999999      -5859.529713243        842.934735631       3270.712529936    0.97513594800   -6.77049266400    3.48816137100
  2026-05-19T22:51:59.999999      -5412.386111778       -793.047724525       3976.623612907    2.72783404900   -6.77832010100    2.35803146700
  2026-05-19T22:56:00.000000      -4566.359165622      -2370.600898588       4388.639001855    4.27867279800   -6.28666469800    1.05421406700
  2026-05-19T23:00:00.000000      -3383.929008544      -3773.516240660       4476.422049444    5.51396346300   -5.33199868500   -0.32721836700
  2026-05-19T23:03:59.999999      -1952.220881721      -4898.443967370       4233.496606491    6.34318284900   -3.98433393400   -1.68467560100
  2026-05-19T23:07:59.999999       -376.666078239      -5662.389425369       3677.711796745    6.70522739400   -2.34231396300   -2.91825309000
  2026-05-19T23:12:00.000000       1226.640853568      -6008.807974831       2849.980033509    6.57291301900   -0.52640510500   -3.93679709900
  2026-05-19T23:16:00.000000       2739.413028237      -5911.841744365       1811.361660039    5.95532974400    1.32965014300   -4.66464235600
  2026-05-19T23:19:59.999999       4049.901780122      -5378.371558988        638.627524125    4.89762915800    3.08848814600   -5.04739811400
  2026-05-19T23:23:59.999999       5061.243701239      -4447.629008665       -581.410322588    3.47794286500    4.61962625100   -5.05635371000
  2026-05-19T23:28:00.000000       5698.725979084      -3188.331467217      -1758.381351818    1.80155716700    5.80937767800   -4.69075659800
  2026-05-19T23:32:00.000000       5915.390277109      -1693.571909318      -2805.134378383   -0.00702708700    6.56966959800   -3.97803735600
  2026-05-19T23:35:59.999999       5695.493345870        -73.802691467      -3644.272867011   -1.81387499900    6.84476081900   -2.97146470700
  2026-05-19T23:39:59.999999       5055.555588856       1551.429094520      -4213.873800419   -3.48576581000    6.61503732300   -1.74586917100
  2026-05-19T23:44:00.000000       4042.992810852       3062.328832085      -4471.990794174   -4.89997062200    5.89794307900   -0.39184131500
  2026-05-19T23:48:00.000000       2732.541545791       4347.602191094      -4399.653591645   -5.95290607400    4.74641199500    0.99091370000
  2026-05-19T23:51:59.999999       1220.763662021       5312.540145114      -4002.206878281   -6.56733459300    3.24490228800    2.30066109500
  2026-05-19T23:55:59.999999       -380.973425148       5885.914440220      -3308.930920432   -6.69787899800    1.50348274600    3.44088554500
  2026-05-20T00:00:00.000000      -1954.600200171       6025.233146431      -2370.942220798   -6.33443076000   -0.34987167900    4.32722909400
  2026-05-20T00:04:00.000000      -3383.989558397       5719.963636784      -1257.509252366   -5.50327296200   -2.17842142500    4.89375972700
  2026-05-20T00:08:00.000000      -4563.563931781       4992.441972420        -50.984194691   -4.26555137900   -3.84672650000    5.09812027600
  2026-05-20T00:11:59.999999      -5406.198251210       3896.311535064       1159.315960521   -2.71292002000   -5.23103851300    4.92502378300
  2026-05-20T00:15:59.999999      -5849.747260760       2512.543878016       2283.793847600   -0.96055793900   -6.22882036400    4.38742955800
  2026-05-20T00:20:00.000000      -5861.666495251        943.375703859       3239.277993460    0.86164440700   -6.76654045800    3.52558672500
  2026-05-20T00:24:00.000000      -5441.345471954       -695.368448875       3955.219835475    2.61918487400   -6.80514769500    2.40367693300
  2026-05-20T00:27:59.999999      -4620.001002059      -2282.883815749       4378.842069908    4.18292450200   -6.34233740100    1.10468097800
  2026-05-20T00:31:59.999999      -3458.279084632      -3702.223278493       4478.940134118    5.43820252400   -5.41233440400   -0.27569582600
  2026-05-20T00:36:00.000000      -2041.784920242      -4848.812789754       4248.125932929    6.29294487700   -4.08340079300   -1.63590158100
  2026-05-20T00:40:00.000000       -474.835324436      -5638.063606530       3703.353873627    6.68419641600   -2.45281907700   -2.87581686300
  2026-05-20T00:43:59.999999       1127.108120362      -6011.564878926       2884.724882530    6.58264906400   -0.64018846400   -3.90385023800
  2026-05-20T00:47:59.999999       2645.859378124      -5941.456692082       1852.623204867    5.99510467500    1.22101207700   -4.64362340000
  2026-05-20T00:52:00.000000       3969.219799375      -5432.630833878        683.339201197    4.96445253700    2.99302455200   -5.03984071700
  2026-05-20T00:56:00.000000       4999.365522290      -4522.506109708       -536.564847612    3.56684364800    4.54431696100   -5.06280106500
  2026-05-20T00:59:59.999999       5660.192360123      -3278.296731941      -1716.730385123    1.90598981800    5.75973323200   -4.71076992800
  2026-05-20T01:03:59.999999       5903.020055805      -1791.983653770      -2769.774264070    0.10521780600    6.54935616000   -4.01011377700
  2026-05-20T01:08:00.000000       5710.175911628       -173.402166589      -3617.826540249   -1.70207262200    6.85523921600   -3.01320702600
  2026-05-20T01:12:00.000000       5096.193554242       1457.981760109      -4198.302055989   -3.38259570800    6.65550303300   -1.79419029100
  2026-05-20T01:15:59.999999       4106.589374669       2981.917930195      -4468.454884196   -4.81299566700    5.96544104000   -0.44319523000
  2026-05-20T01:19:59.999999       2814.416738950       4286.158583419      -4408.428839608   -5.88850520200    4.83601366600    0.94030679900
  2026-05-20T01:24:00.000000       1314.890199385       5274.611175637      -4022.661075442   -6.53027896000    3.35004809400    2.25455614600
  2026-05-20T01:28:00.000000       -281.530409015       5874.320727570      -3339.562926597   -6.69090391500    1.61644219800    3.40269605600
  2026-05-20T01:31:59.999999      -1857.172011344       6040.859266758      -2409.500410823   -6.35809545300   -0.23740208500    4.29977724200
  2026-05-20T01:35:59.999999      -3295.769779422       5761.690475967      -1301.152591079   -5.55588298500   -2.07473639800    4.87911148300
  2026-05-20T01:40:00.000000      -4491.077288169       5057.218800743        -96.483358480   -4.34323531100   -3.75952707600    5.09739924700
  2026-05-20T01:44:00.000000      -5354.806418114       3979.376383822       1115.329152060   -2.80994172100   -5.16678188400    4.93826858800
  2026-05-20T01:47:59.999999      -5823.258689008       2607.779516142       2244.577159495   -1.06976827800   -6.19229373300    4.41369174100
  2026-05-20T01:51:59.999999      -5862.041163843       1043.752214302       3207.737711115    0.74839681500   -6.76049027800    3.56288485200
  2026-05-20T01:56:00.000000      -5468.544391834       -597.256632481       3933.679795648    2.51027362400   -6.82993839100    2.44919371900
  2026-05-20T02:00:00.000000      -4672.014480610      -2194.256418331       4368.883843012    4.08631871900   -6.39610193800    1.15509272300
  2026-05-20T02:03:59.999999      -3531.275704560      -3629.607733509       4481.301641113    5.36104346900   -5.49117778900   -0.22408805600
  2026-05-20T02:07:59.999999      -2130.375216794      -4797.559512394       4262.628939571    6.24095993900   -4.18146724800   -1.58695924100
  2026-05-20T02:12:00.000000       -572.480057435      -5611.940049096       3728.918073248    6.66119709100   -2.56287174300   -2.83315772800
  2026-05-20T02:16:00.000000       1027.613775328      -6012.484012322       2919.451973420    6.59032998700   -0.75410115200   -3.87062713200
  2026-05-20T02:19:59.999999       2551.857075458      -5969.336516700       1893.936131209    6.03290595600    1.11164648200   -4.62229975800
  2026-05-20T02:23:59.999999       3887.646434759      -5485.394476868        728.174487388    5.02957950700    2.89632129600   -5.03199720300
  2026-05-20T02:28:00.000000       4936.233641897      -4596.229656798       -491.530205757    3.65443535800    4.46743302200   -5.06898475800
  2026-05-20T02:32:00.000000       5620.143622656      -3367.510745551      -1674.824443818    2.00955574800    5.70832849200   -4.73049296600
  2026-05-20T02:35:59.999999       5888.983156326      -1890.080095404      -2734.088611724    0.21706671600    6.52718564500   -4.04189843100
  2026-05-20T02:39:59.999999       5723.150968674       -273.132514236      -3590.987332124   -1.59021701700    6.86386992300   -3.05468639200
  2026-05-20T02:44:00.000000       5135.187728602       1363.969494221      -4182.279613907   -3.27895670800    6.69421596700   -1.84229362300
  2026-05-20T02:48:00.000000       4168.705783607       2900.537603464      -4464.422329584   -4.72513187000    6.03134886000   -0.49439682200
  2026-05-20T02:51:59.999999       2895.068571539       4223.395709470      -4416.683606857   -5.82285252000    4.92429047400    0.88974577300
  2026-05-20T02:55:59.999999       1408.132911194       5235.086666011      -4042.598237218   -6.49166164000    3.45423857700    2.20836888600
  2026-05-20T03:00:00.000000       -182.573795368       5860.955172540      -3369.712295600   -6.68220713200    1.72888961600    3.36431763100
  2026-05-20T03:04:00.000000      -1759.804836410       6054.640623554      -2447.629569585   -6.37995431300   -0.12502996900    4.27207234100
  2026-05-20T03:08:00.000000      -3207.174417139       5801.599830332      -1344.437854348   -5.60667210800   -1.97071745300    4.86410880100
  2026-05-20T03:11:59.999999      -4417.792044879       5120.312836100       -141.722785977   -4.41923918700   -3.67154566100    5.09622502600
  2026-05-20T03:15:59.999999      -5302.238979156       4060.992829327       1071.487381915   -2.90550578800   -5.10136638900    4.95101291800
  2026-05-20T03:20:00.000000      -5795.274973786       2701.890047842       2205.376278049   -1.17780287600   -6.15422894900    4.43938213800
  2026-05-20T03:24:00.000000      -5860.694524629       1143.416820042       3176.076284017    0.63582794900   -6.75256176000    3.59963305200
  2026-05-20T03:27:59.999999      -5493.925149170       -499.389317902       3911.898599026    2.40149899600   -6.85274580100    2.49426234700
  2026-05-20T03:31:59.999999      -4722.239210278      -2105.399428106       4358.584215989    3.98932829800   -6.44790778200    1.20510741700
  2026-05-20T03:36:00.000000      -3602.645470063      -3556.299250128       4483.234236204    5.28290999000   -5.56815377400   -0.17278418900
  2026-05-20T03:40:00.000000      -2217.640877875      -4745.203423617       4276.657769111    6.18745971700   -4.27802558000   -1.53808368300
  2026-05-20T03:43:59.999999       -669.206805323      -5584.407341972       3754.017023711    6.63634189100   -2.67188404400   -2.79035656700
  2026-05-20T03:47:59.999999        928.565155001      -6011.811174637       2953.771995127    6.59596188500   -0.86753385100   -3.83706785300
  2026-05-20T03:52:00.000000       2457.801021118      -5995.580500237       1934.942760847    6.06862915000    1.00216268200   -4.60049431100
  2026-05-20T03:56:00.000000       3805.533636571      -5536.622788566        772.829168516    5.09275835900    2.79890097000   -5.02358979200
  2026-05-20T03:59:59.999999       4872.128446444      -4668.656471428       -446.536941509    3.74038970500    4.38929572500   -5.07459033500
  2026-05-20T04:03:59.999999       5578.775964110      -3455.781133489      -1632.826179998    2.11190377400    5.65525000900   -4.74968171500
  2026-05-20T04:08:00.000000       5873.399440416      -1987.673216158      -2698.190773994    0.32825521600    6.50306093200   -4.07323423600
  2026-05-20T04:12:00.000000       5734.493759743       -372.839515410      -3563.842610138   -1.47841344800    6.87047862400   -3.09583432800
  2026-05-20T04:15:59.999999       5172.606456956       1269.507506541      -4165.886370691   -3.17480358500    6.73103118200   -1.89017930000
  2026-05-20T04:19:59.999999       4229.427468837       2818.279393186      -4459.978733679   -4.63629238900    6.09559610900   -0.54547803000
  2026-05-20T04:24:00.000000       2974.611102650       4159.389338581      -4424.510409377   -5.75581688200    5.01120998200    0.83919807600
  2026-05-20T04:28:00.000000       1500.636806158       5194.040469709      -4062.122745130   -6.45135470400    3.55748018700    2.16203274800
  2026-05-20T04:31:59.999999        -83.927224386       5845.898558427      -3399.502342815   -6.67164034100    1.84088515700    3.32564466500
  2026-05-20T04:35:59.999999      -1662.293573280       6066.690289110      -2485.484856427   -6.39993425100   -0.01254073200    4.24396090700
  2026-05-20T04:40:00.000000      -3118.000838512       5839.866231221      -1387.553327329   -5.65573092600   -1.86610277800    4.84865505700
  2026-05-20T04:44:00.000000      -4343.535023034       5181.960032412       -186.908020570   -4.49371823100   -3.58251999800    5.09453866100
  2026-05-20T04:47:59.999999      -5248.375664700       4141.463304655       1027.575213363   -2.99991395800   -5.03450740800    4.96324041800
  2026-05-20T04:51:59.999999      -5765.770799356       2795.232050650       2165.986053365   -1.28512039600   -6.11449218500    4.46460135700
  2026-05-20T04:56:00.000000      -5857.704990028       1242.731136067       3144.114823507    0.52355572000   -6.74282314200    3.63592967100
  2026-05-20T05:00:00.000000      -5517.652611764       -401.424451668       3889.715954183    2.29249399800   -6.87366013500    2.53896006500
  2026-05-20T05:03:59.999999      -4770.925933640      -2016.003696954       4347.815097696    3.89163149600   -6.49794901800    1.25492632600
  2026-05-20T05:07:59.999999      -3672.694137904      -3482.054392167       4484.668227591    5.20367744800   -5.64359545000   -0.12153837800
  2026-05-20T05:12:00.000000      -2303.896751219      -4691.576310911       4290.184410559    6.13246059000   -4.37334366300   -1.48917178600
  2026-05-20T05:16:00.000000       -765.328077949      -5555.359730246       3778.645431364    6.60965578700   -2.78014493900   -2.74732471100
  2026-05-20T05:19:59.999999        829.667754908      -6009.508277584       2987.695747747    6.59965620600   -0.98075429900   -3.80311913900
  2026-05-20T05:23:59.999999       2363.434527607      -6020.208649664       1975.664274537    6.10246985300    0.89235579800   -4.57815824800
  2026-05-20T05:28:00.000000       3722.679993477      -5586.374671890        817.339882541    5.15426556800    2.70064459100   -5.01454997500
  2026-05-20T05:32:00.000000       4806.920581104      -4739.861859546       -401.531696626    3.82501030000    4.30989337000   -5.07953284100
  2026-05-20T05:35:59.999999       5536.036559587      -3543.174848862      -1590.656333999    2.21335587500    5.60058063000   -4.76822030900
  2026-05-20T05:39:59.999999       5856.284394042      -2084.795006340      -2661.972828096    0.43900591900    6.47716445600   -4.10398388100
  2026-05-20T05:44:00.000000       5744.257889469       -472.515643420      -3536.248667739   -1.36655532800    6.87521474000   -3.13650152600
  2026-05-20T05:48:00.000000       5208.523143433       1174.629457598      -4148.949384329   -3.07008157300    6.76603649300   -1.93776880500
  2026-05-20T05:51:59.999999       4288.838430521       2735.196301703      -4454.943423753   -4.54643061200    6.15826094700   -0.59645099400
  2026-05-20T05:55:59.999999       3053.130207436       4094.217812372      -4431.737654960   -5.68742978300    5.09687861600    0.78861733300
  2026-05-20T06:00:00.000000       1592.473763776       5151.568699260      -4081.069428340   -6.40943953800    3.65980970300    2.11554752400
  2026-05-20T06:04:00.000000         14.464678228       5829.245394972      -3428.771124526   -6.65928119600    1.95239503700    3.28664948500
  2026-05-20T06:08:00.000000      -1564.602171031       6077.086309756      -2522.915366436   -6.41810079500    0.09995767600    4.21537043500
  2026-05-20T06:11:59.999999      -3028.222682592       5876.541975472      -1430.371258492   -5.70309508700   -1.76096839200    4.83263703900
  2026-05-20T06:15:59.999999      -4268.293366883       5242.192038892       -231.931512919   -4.56672798500   -3.49257361300    5.09227819300
  2026-05-20T06:20:00.000000      -5193.206614593       4220.784081038        983.680870572   -3.09314091100   -4.96636300600    4.97485188000
  2026-05-20T06:24:00.000000      -5734.726322029       2887.771883766       2126.465460510   -1.39168669000   -6.07315324600    4.48920336100
  2026-05-20T06:27:59.999999      -5853.057358486       1341.649423657       3111.882644165    0.41151727300   -6.73133322300    3.67168040500
  2026-05-20T06:31:59.999999      -5539.724034302       -303.432119288       3867.141449530    2.18324753400   -6.89280574400    2.58318993300
  2026-05-20T06:36:00.000000      -4818.077381795      -1926.155889381       4336.553206204    3.79315642200   -6.54626063700    1.30439993700
  2026-05-20T06:40:00.000000      -3741.451830245      -3406.970672467       4485.552620206    5.12321955400   -5.71755385700   -0.07042438900
  2026-05-20T06:43:59.999999      -2389.193831865      -4636.790601025       4303.154200911    6.07593033700   -4.46749729500   -1.44019534200
  2026-05-20T06:47:59.999999       -860.888549020      -5524.919381638       3802.748436939    6.58118481600   -2.88762349700   -2.70409717700
  2026-05-20T06:52:00.000000        730.873392923      -6005.685179104       3021.162400847    6.60136969000   -1.09373135300   -3.76880106100
  2026-05-20T06:56:00.000000       2268.695703514      -6043.330237370       2016.034490971    6.13435412700    0.78218733400   -4.55530342200
  2026-05-20T06:59:59.999999       3639.008256245      -5634.777497036        861.637660658    5.21404344600    2.60145163400   -5.00488804900
  2026-05-20T07:03:59.999999       4740.522577447      -4810.002580447       -356.584849969    3.90828675200    4.22907088300   -5.08381894100
  2026-05-20T07:08:00.000000       5491.843734180      -3629.891419314      -1548.390761699    2.31397338900    5.54413895800   -4.78614351700
  2026-05-20T07:12:00.000000       5837.584849486      -2181.692815326      -2625.522936104    0.54951546600    6.44928397000   -4.13422252700
  2026-05-20T07:15:59.999999       5752.454611948       -572.446618930      -3508.318877599   -1.25432120300    6.87797132500   -3.17681780600
  2026-05-20T07:19:59.999999       5243.031134068       1079.037676621      -4131.610575089   -2.96441060100    6.79921837300   -1.98516728700
  2026-05-20T07:24:00.000000       4347.131222651       2650.996598393      -4449.485866085   -4.45513389600    6.21943109600   -0.64744809500
  2026-05-20T07:28:00.000000       3130.919636076       4027.625237641      -4438.573583225   -5.61725587600    5.18152353000    0.73780357100
  2026-05-20T07:31:59.999999       1684.031932859       5107.498701807      -4099.699622974   -6.36558077300    3.76167876000    2.06868843000
  2026-05-20T07:35:59.999999        113.049206613       5810.945103838      -3457.823866648   -6.64495297200    2.06395204700    3.24718415500
  2026-05-20T07:40:00.000000      -1466.254069734       6085.907175167      -2560.256208231   -6.43439732300    0.21301572100    4.18620171600
  2026-05-20T07:44:00.000000      -2937.369361502       5911.840141575      -1473.247170251   -5.74887391900   -1.65476168300    4.81597974200
  2026-05-20T07:47:59.999999      -4191.647295208       5301.356519496       -277.164427375   -4.63859528600   -3.40114165200    5.08941881700
  2026-05-20T07:51:59.999999      -5136.415482572       4299.421740280        939.445865840   -3.18569368700   -4.89652689100    4.98596678700
  2026-05-20T07:56:00.000000      -5701.952628316       2980.048202389       2086.497169814   -1.49802908500   -6.03002834200    4.51341800900
  2026-05-20T08:00:00.000000      -5846.680200552       1440.738508957       3079.123663550    0.29924420200   -6.71802465700    3.70716918200
  2026-05-20T08:03:59.999999      -5560.178181143       -204.844983231       3843.996975943    2.07330840400   -6.91025945000    2.62731536800
  2026-05-20T08:07:59.999999      -4863.823586735      -1835.337751826       4324.711408496    3.69362925500   -6.59314342600    1.35387945900
  2026-05-20T08:12:00.000000      -3809.097734950      -3330.604788538       4485.867232210    5.04135889700   -5.79036150400   -0.01921362500
  2026-05-20T08:16:00.000000      -2473.752158667      -4580.495482908       4315.596807980    6.01773577400   -4.56091901100   -1.39096274600
  2026-05-20T08:19:59.999999       -956.122276019      -5492.843969854       3826.403329955    6.55095959500   -2.99478885200   -2.66046970400
  2026-05-20T08:23:59.999999        631.986220576      -6000.200458492       3054.285961081    6.60134446900   -1.20679104500   -3.73401876500
  2026-05-20T08:28:00.000000       2173.449729538      -6064.857235370       2056.176550721    6.16453404300    0.67153585000   -4.53196627700
  2026-05-20T08:32:00.000000       3554.431272259      -5681.753780778        905.822295863    5.27222748000    2.50133921100   -4.99475050900
  2026-05-20T08:35:59.999999       4672.864579290      -4878.989814397       -311.637706552    3.99022711400    4.14689764300   -5.08764062000
  2026-05-20T08:39:59.999999       5446.114574980      -3715.819896726      -1506.018760264    2.41364179900    5.48602229600   -4.80365022600
  2026-05-20T08:44:00.000000       5817.176371630      -2278.230135588      -2588.873013267    0.65954404700    6.41954460200   -4.16410104000
  2026-05-20T08:48:00.000000       5758.886820668       -672.473835665      -3480.111196434   -1.14206906200    6.87881505000   -3.21685716400
  2026-05-20T08:51:59.999999       5275.837754903        982.899442047      -4113.940927078   -2.85822953800    6.83056952500   -2.03239428600
  2026-05-20T08:55:59.999999       4403.904380693       2565.834404433      -4443.666686092   -4.36283037700    6.27898751800   -0.69836287500
  2026-05-20T09:00:00.000000       3207.485491154       3959.723096958      -4445.042193208   -5.54564937700    5.26491180700    0.68695696200
  2026-05-20T09:04:00.000000       1774.751379473       5061.868112188      -4117.984049482   -6.31997569700    3.86274165700    2.02168435700
  2026-05-20T09:08:00.000000        211.233980405       5790.954599622      -3486.574124101   -6.62872754900    2.17522216900    3.20751537600
  2026-05-20T09:11:59.999999      -1367.840263220       6093.025466204      -2597.348378584   -6.44872156600    0.32625651400    4.15677706900
  2026-05-20T09:15:59.999999      -2845.977786790       5945.539530469      -1515.948232702   -5.79272066100   -1.54786008600    4.79896019200
  2026-05-20T09:20:00.000000      -4114.024087791       5359.149170772       -322.319234314   -4.70877052600   -3.30853417600    5.08612675100
  2026-05-20T09:24:00.000000      -5078.288272816       4377.018323065        895.183398953   -3.27696081500   -4.82513115600    4.99664072800
  2026-05-20T09:27:59.999999      -5667.590111862       3071.687220170       2046.398516391   -1.60356657900   -5.98512095900    4.53721724400
  2026-05-20T09:31:59.999999      -5838.580794469       1539.627830596       3046.140754868    0.18729382800   -6.70287166100    3.74228836700
  2026-05-20T09:36:00.000000      -5578.890289076       -106.011187164       3820.543134797    1.96320353500   -6.92586217800    2.67111479300
  2026-05-20T09:40:00.000000      -4907.927898924      -1743.841309707       4312.492800723    3.59342963600   -6.63829854800    1.40312475500
  2026-05-20T09:43:59.999999      -3875.315903423      -3253.178054296       4485.760048861    4.95841251400   -5.86172295100    0.03184429000
  2026-05-20T09:47:59.999999      -2557.186003053      -4522.828009726       4327.585267960    5.95808755500   -4.65320184200   -1.34183899700
  2026-05-20T09:52:00.000000      -1050.623630683      -5459.173758666       3849.590697697    6.51896110100   -3.10126114400   -2.61684075200
  2026-05-20T09:56:00.000000        533.386599563      -5993.011621020       3086.960344463    6.59940318700   -1.31963384100   -3.69907453600
  2026-05-20T09:59:59.999999       2078.033248771      -6084.685111114       2095.929568846    6.19284497500    0.56063755900   -4.50829156700
  2026-05-20T10:03:59.999999       3469.254875383      -5727.138383552        949.719345895    5.32872611400    2.40058614700   -4.98410432100
  2026-05-20T10:08:00.000000       4604.233359138      -4946.581980553       -266.838633519    4.07074853600    4.06374181100   -5.09082650100
  2026-05-20T10:12:00.000000       5399.107409965      -3800.627111131      -1463.634311428    2.51219078200    5.42659817200   -4.82046233100
  2026-05-20T10:15:59.999999       5795.263939809      -2373.996490646      -2552.045390629    0.76882440000    6.38819641000   -4.19330242000
  2026-05-20T10:19:59.999999       5763.690878509       -772.143859114      -3451.569943715   -1.03008292300    6.87784024400   -3.25628340700
  2026-05-20T10:24:00.000000       5307.016470318        886.673292798      -4095.803480149   -2.75179825000    6.86007359600   -2.07912730000
  2026-05-20T10:28:00.000000       4459.163865936       2480.149184879      -4437.278843688   -4.26982243600    6.33677087800   -0.74893621900
  2026-05-20T10:31:59.999999       3282.759444178       3890.894289545      -4450.881499628   -5.47289781000    5.34673054100    0.63627193000
  2026-05-20T10:35:59.999999       1864.500791136       5014.974709871      -4135.624719597   -6.27285800100    3.96259178700    1.97463694900
  2026-05-20T10:40:00.000000        308.843358803       5769.461242234      -3514.716606825   -6.61075581300    2.28572439300    3.16759280900
  2026-05-20T10:44:00.000000      -1269.572345577       6098.517955853      -2633.913022510   -6.46123869300    0.43923416100    4.12695789600
  2026-05-20T10:47:59.999999      -2754.298245614       5977.603015618      -1558.228045781   -5.83475119600   -1.44077669700    4.78142986000
  2026-05-20T10:51:59.999999      -4035.686116032       5415.416702365       -367.199297101   -4.77725818200   -3.21515579400    5.08213303800
  2026-05-20T10:56:00.000000      -5019.082855438       4453.347082457        851.017584386   -3.36691963500   -4.75238375600    5.00655558000
  2026-05-20T11:00:00.000000      -5631.897149058       3162.439086496       2006.218636953   -1.70832397200   -5.93842525700    4.56030954100
  2026-05-20T11:03:59.999999      -5829.037342443       1638.093415699       3012.920372822    0.07549027600   -6.68568235600    3.77682641600
  2026-05-20T11:07:59.999999      -5596.197348544         -7.109501082       3796.735472658    1.85264627500   -6.93943537400    2.71452686000
  2026-05-20T11:12:00.000000      -4950.799944185      -1651.802194078       4299.851622866    3.49224769200   -6.68154876400    1.45219805600
  2026-05-20T11:16:00.000000      -3940.599152608      -3174.781773357       4485.222243275    4.87398036700   -5.93147222300    0.08301702700
  2026-05-20T11:19:59.999999      -2640.085117170      -4463.863166260       4339.206303098    5.89663172300   -4.74438227300   -1.29231428700
  2026-05-20T11:23:59.999999      -1145.040780434      -5424.007548297       3872.531250546    6.48503281300   -3.20718551700   -2.57262470700
  2026-05-20T11:28:00.000000        434.402976574      -5984.268045539       3119.541579307    6.59551922300   -1.43254220100   -3.66345196800
  2026-05-20T11:32:00.000000       1981.779529177      -6103.050902985       2135.758478933    6.21935524000    0.44902554500   -4.48389166300
  2026-05-20T11:35:59.999999       3382.848328941      -5771.306440780        993.863712022    5.38377200500    2.29852078200   -4.97277298300
  2026-05-20T11:39:59.999999       4534.077446099      -5013.330090252       -221.642127443    4.15028943500    3.97881750700   -5.09345308300
  2026-05-20T11:44:00.000000       5350.409901985      -3885.052135189      -1420.735033426    2.61036646900    5.36513877000   -4.83686051900
  2026-05-20T11:48:00.000000       5771.649689615      -2469.875215717      -2514.622854859    0.87836876000    6.35481759300   -4.22226207100
  2026-05-20T11:51:59.999999       5766.918019645       -872.391466509      -3422.396044826   -0.91735075500    6.87501513400   -3.29562077500
  2026-05-20T11:55:59.999999       5336.848005544        789.447364396      -4077.031051483   -2.64418793300    6.88792240400   -2.12593996900
  2026-05-20T12:00:00.000000       4513.411611506       2393.107398061      -4430.301031118   -4.17522984200    6.39327644800   -0.79980166000
  2026-05-20T12:04:00.000000       3357.433023740       3820.455710869      -4456.220327188   -5.39833029800    5.42772706000    0.58513547400
  2026-05-20T12:08:00.000000       1954.101362987       4966.334068023      -4152.890731196   -6.22380267800    4.06212591200    1.92699675600
  2026-05-20T12:11:59.999999        406.770653885       5746.212629328      -3542.636905506   -6.59085444900    2.39648030000    3.12700608900
  2026-05-20T12:15:59.999999      -1170.537654608       6102.382111811      -2670.418901501   -6.47197196600    0.55301953800    4.09643630200
  2026-05-20T12:20:00.000000      -2661.463356791       6008.296185039      -1600.616877640   -5.87536695400   -1.33238875300    4.76324382300
  2026-05-20T12:24:00.000000      -3955.899822191       5470.660533561       -412.325737301   -4.84468364200   -3.12021659500    5.07763586600
  2026-05-20T12:27:59.999999      -4958.211144890       4529.057752799        806.494898738   -3.45614893100   -4.67780723700    5.01605893200
  2026-05-20T12:31:59.999999      -5594.416399921       3253.037013028       1965.601921364   -1.81280837900   -5.88971941000    4.58315582100
  2026-05-20T12:36:00.000000      -5817.697466701       1736.894296124       2979.225458429   -0.03651978700   -6.66645303900    3.81129978700
  2026-05-20T12:40:00.000000      -5611.822797341         92.606290555       3772.458683651    1.74132145100   -6.95108635200    2.75804774700
  2026-05-20T12:43:59.999999      -4992.237445104      -1558.530909743       4286.788137318    3.38981404100   -6.72326756500    1.50153089300
  2026-05-20T12:47:59.999999      -4004.788018979      -3094.838960037       4484.330361159    4.78798064800   -6.00012504600    0.13449099400
  2026-05-20T12:52:00.000000      -2722.300818411      -4403.140001568       4350.551698267    5.83333531100   -4.83492021800   -1.24243173400
  2026-05-20T12:56:00.000000      -1239.235441265      -5386.994716781       3895.289982623    6.44912742000   -3.31301597300   -2.52798381900
  2026-05-20T12:59:59.999999        335.170248979      -5973.720828566       3152.048768055    6.58970850500   -1.54589495100   -3.62736775300
  2026-05-20T13:03:59.999999       1884.832352468      -6119.775465867       2175.620216880    6.24409698100    0.33652453200   -4.45907152000
  2026-05-20T13:08:00.000000       3295.345474529      -5814.093408079       1038.135941222    5.43725173400    2.19518165400   -4.96107537600
  2026-05-20T13:12:00.000000       4462.485817109      -5079.043984104       -176.237577494    4.22858036100    3.89228964900   -5.09577352700
  2026-05-20T13:15:59.999999       5300.022935876      -3968.853848859      -1377.564540556    2.70767483100    5.30187502800   -4.85303474300
  2026-05-20T13:19:59.999999       5746.185596196      -2565.580240114      -2476.883607464    0.98745943800    6.31950277000   -4.25106743300
  2026-05-20T13:24:00.000000       5768.247863481       -972.937915560      -3392.879482301   -0.80453881100    6.87024300600   -3.33491519400
  2026-05-20T13:28:00.000000       5364.862677122        691.482142953      -4057.916040817   -2.53601432300    6.91406250900   -2.17277296300
  2026-05-20T13:31:59.999999       4566.022831527       2304.945770257      -4422.981137735   -4.07968252200    6.44830296300   -0.85065219400
  2026-05-20T13:35:59.999999       3430.752266995       3748.578130902      -4461.217896735   -5.32238321900    5.50757681400    0.53397137200
  2026-05-20T13:40:00.000000       2042.715700303       4916.027169864      -4169.824158320   -6.17307633600    4.16090877300    1.87931473300
  2026-05-20T13:44:00.000000        504.141610183       5721.167153361      -3570.241678851   -6.56906232800    2.50691491900    3.08630886900
  2026-05-20T13:47:59.999999      -1071.595234648       6104.431659142      -2706.643139033   -6.48074526500    0.66696702700    4.06575569800
  2026-05-20T13:51:59.999999      -2568.247050108       6037.269474537      -1642.766708761   -5.91401850700   -1.22335488500    4.74484956600
  2026-05-20T13:56:00.000000      -3875.281310959       5524.400691686       -457.270600615   -4.91036169000   -3.02414535800    5.07288489200
  2026-05-20T14:00:00.000000      -4896.127698352       4603.574384145        762.091529850   -3.54396147000   -4.60181512600    5.02528793800
  2026-05-20T14:03:59.999999      -5555.423084382       3342.807138101       1925.027936560   -1.91621564800   -5.83936744700    4.60562592100
  2026-05-20T14:07:59.999999      -5804.640731173       1835.288720532       2945.475152457   -0.14791680700   -6.64538142900    3.84534719700
  2026-05-20T14:12:00.000000      -5625.642286961        192.368489934       3748.025325114    1.63014046300   -6.96082209400    2.80115003000
  2026-05-20T14:16:00.000000      -5031.901003149      -1464.747216532       4273.471300710    3.28693852500   -6.76305445700    1.55050932900
  2026-05-20T14:19:59.999999      -4067.378197350      -3013.948067159       4483.120219546    4.70099352200   -6.06711590700    0.18576601500
  2026-05-20T14:23:59.999999      -2803.202150104      -4341.113103114       4361.538400921    5.76867124100   -4.92415136900   -1.19270028600
  2026-05-20T14:28:00.000000      -1332.487394376      -5348.406836049       3917.660423293    6.41150440400   -3.41791272200   -2.48342981700
  2026-05-20T14:32:00.000000        236.435327686      -5961.429162287       3184.159456252    6.58193531700   -1.65878292400   -3.59125534100
  2026-05-20T14:35:59.999999       1787.901887506      -6134.706461742       2215.107837843    6.26681699400    0.22397082600   -4.43409688900
  2026-05-20T14:39:59.999999       3207.382515589      -5855.157571715       1082.084407402    5.48880255900    2.09131587000   -4.94911507000
  2026-05-20T14:44:00.000000       4389.992087087      -5143.212097776       -131.080682628    4.30513450700    3.80482106200   -5.09772528200
  2026-05-20T14:48:00.000000       5248.349678047      -4051.385172175      -1334.539384017    2.80354971900    5.23726640900   -4.86873879300
  2026-05-20T14:51:59.999999       5719.143669606      -2660.377501569      -2439.172054902    1.09556519300    6.28252143200   -4.27935985600
  2026-05-20T14:55:59.999999       5767.823048952      -1073.002148291      -3363.265448521   -0.69221324200    6.86360373000   -3.37368230400
  2026-05-20T15:00:00.000000       5391.071997281        593.532912479      -4038.581171576   -2.42775882900    6.93821048400   -2.21913447900
  2026-05-20T15:04:00.000000       4616.922092522       2216.329787439      -4415.346819309   -3.98347067800    6.50145821400   -0.90118732200
  2026-05-20T15:08:00.000000       3502.573967405       3675.824595868      -4465.835335881   -5.24530055800    5.58577254900    0.48304299800
  2026-05-20T15:11:59.999999       2130.165947298       4864.485118837      -4186.339276708   -6.12072734300    4.25839690200    1.83169944200
  2026-05-20T15:15:59.999999        600.776465068       5694.633993996      -3597.432404721   -6.54535095900    2.61653780100    3.04551297000
  2026-05-20T15:20:00.000000       -972.903484707       6104.860909867      -2742.499705587   -6.48743000400    0.78064727700    4.03479048000
  2026-05-20T15:24:00.000000      -2474.785005181       6064.630176295      -1684.634229544   -5.95064228900   -1.11400740800    4.72603654500
  2026-05-20T15:27:59.999999      -3793.951633849       5576.665643953       -502.045867582   -4.97420952900   -2.92724698500    5.06761172000
  2026-05-20T15:31:59.999999      -4832.933365672       4676.873597442        717.723483553   -3.63030409200   -4.52451845700    5.03393502800
  2026-05-20T15:36:00.000000      -5515.023923313       3431.715254908       1884.349740096   -2.01865122300   -5.78740008200    4.62753660900
  2026-05-20T15:40:00.000000      -5790.004596214       1933.227984299       2911.490149618   -0.25884267300   -6.62253004500    3.87886075200
  2026-05-20T15:43:59.999999      -5637.833822799        292.114031044       3723.237298886    1.51888163900   -6.96870568200    2.84380390800
  2026-05-20T15:47:59.999999      -5070.011324892      -1370.543303865       4259.708914355    3.18353837000   -6.80105606600    1.59916022300
  2026-05-20T15:52:00.000000      -4128.602196454      -2932.217165450       4481.400808813    4.61296309200   -6.13243345300    0.23686909300
  2026-05-20T15:56:00.000000      -2883.043840815      -4277.884601588       4372.006679702    5.70252983300   -5.01207494300   -1.14287381500
  2026-05-20T15:59:59.999999      -1425.061261837      -5308.358631982       3939.556286630    6.37220122400   -3.52195240400   -2.43862581300
  2026-05-20T16:03:59.999999        137.956857987      -5947.523351897       3215.868037785    6.57233482800   -1.77125753900   -3.55479224200
  2026-05-20T16:08:00.000000       1690.777764041      -6147.984292153       2254.289718691    6.28764735300    0.11131372200   -4.40867609900
  2026-05-20T16:12:00.000000       3118.783414126      -5894.658560437       1125.841813657    5.53857419000    1.98680783100   -4.93664119700
  2026-05-20T16:15:59.999999       4316.466231564      -5206.031541391        -85.986985170    4.38019044000    3.71621803400   -5.09913212200
  2026-05-20T16:19:59.999999       5195.330608332      -4132.887430183      -1291.449985547    2.89831694600    5.17115324200   -4.88393218800
  2026-05-20T16:24:00.000000       5690.540216714      -2754.540900003      -2401.277538812    1.20299662700    6.24377879000   -4.30718645700
  2026-05-20T16:28:00.000000       5765.734116077      -1172.874265599      -3333.366779502   -0.58006072400    6.85505925100   -3.41206945600
  2026-05-20T16:31:59.999999       5415.638233565        495.318179138      -4018.883914176   -2.31915661700    6.96046967700   -2.26522564100
  2026-05-20T16:35:59.999999       4666.322723310       2127.008213782      -4407.298772801   -3.88639699800    6.55285214900   -0.95157400800
  2026-05-20T16:40:00.000000       3573.164051205       3601.975720671      -4470.027445037   -5.16689363200    5.66252602900    0.43205922000
  2026-05-20T16:44:00.000000       2216.735974056       4811.550427996      -4202.458560696   -6.06678373600    4.35484164200    1.78391398200
  2026-05-20T16:47:59.999999        696.945896481       5666.509770974      -3624.279276909   -6.51978479700    2.72557699200    3.00444768200
  2026-05-20T16:51:59.999999       -874.217184475       6103.624583761      -2778.089206682   -6.49216905600    0.89428626900    4.00345531300
  2026-05-20T16:56:00.000000      -2380.864396148       6090.378981852      -1726.335204517   -5.98537794900   -1.00416661900    4.70676417600
  2026-05-20T17:00:00.000000      -3711.733521640       5627.498614773       -546.768626900   -5.03638673200   -2.82935837500    5.06186367100
  2026-05-20T17:03:59.999999      -4768.486840719       4749.023193032        673.296170705   -3.71529094400   -4.44586633300    5.04211715200
  2026-05-20T17:07:59.999999      -5473.094062086       3519.837855206       1843.503042074   -2.12014087100   -5.73376647500    4.64900854500
  2026-05-20T17:12:00.000000      -5773.671186544       2030.806264829       2877.241432626   -0.36933038100   -6.59785680800    3.91202415500
  2026-05-20T17:16:00.000000      -5648.282639897        391.937723665       3698.108168581    1.40756711200   -6.97477418100    2.88616861600
  2026-05-20T17:19:59.999999      -5106.448787617      -1275.835279298       4245.544503226    3.07960826300   -6.83733812900    1.64759729500
  2026-05-20T17:23:59.999999      -4188.326427069      -2849.592111181       4479.234510420    4.52402937700   -6.19622133900    0.28779758900
  2026-05-20T17:28:00.000000      -2961.652861752      -4213.417407959       4381.990696097    5.63504878000   -5.09868486000   -1.09316006600
  2026-05-20T17:32:00.000000      -1516.775514792      -5266.803416656       3960.962080262    6.33116723700   -3.62510628800   -2.39374510400
  2026-05-20T17:35:59.999999         39.904636314      -5931.959576014       3247.125157441    6.56087980600   -1.88334150800   -3.51809507400
  2026-05-20T17:39:59.999999       1593.632091101      -6159.563611184       2293.091289254    6.30661224800   -0.00139086800   -4.38290016100
  2026-05-20T17:44:00.000000       3029.719592702      -5932.526538035       1169.317424605    5.58654292200    1.88179544500   -4.92371248900
  2026-05-20T17:48:00.000000       4242.060135714      -5267.393625580        -41.057907047    4.45361277400    3.62666441900   -5.10002770100
  2026-05-20T17:51:59.999999       5141.073537092      -4213.209129603      -1248.399933620    2.99175083500    5.10368684100   -4.89859220800
  2026-05-20T17:55:59.999999       5660.424535489      -2847.885227771      -2363.296680522    1.30948660600    6.20339581400   -4.33449926000
  2026-05-20T18:00:00.000000       5761.962203563      -1272.345704192      -3303.260727906   -0.46837640900    6.84469350900   -3.44996883800
  2026-05-20T18:04:00.000000       5438.471270661        397.055854586      -3998.868430717   -2.21050403600    6.98084864300   -2.31089326700
  2026-05-20T18:08:00.000000       4714.063024328       2037.195950513      -4398.842007935   -3.78876687400    6.60244571400   -1.00163074100
  2026-05-20T18:11:59.999999       3642.284377196       3527.224535895      -4473.743863456   -5.08745374300    5.73766442500    0.38129944000
  2026-05-20T18:15:59.999999       2302.139801454       4757.362108928      -4218.067808958   -6.01137189100    4.45000693400    1.73617632300
  2026-05-20T18:20:00.000000        792.332936179       5636.875848079      -3650.626912506   -6.49253117600    2.83376249200    2.96326415500
  2026-05-20T18:24:00.000000       -775.888449472       6100.720982474      -2813.217500071   -6.49504110400    1.00747510900    3.97191402700
  2026-05-20T18:27:59.999999      -2286.839747193       6114.409286889      -1767.638745279   -6.01815745000   -0.89429485100    4.68716115600
  2026-05-20T18:31:59.999999      -3628.947553599       5676.682780190       -591.190300178   -5.09668651300   -2.73091706600    5.05564545900
  2026-05-20T18:36:00.000000      -4703.048995780       4819.719553094        629.045581830   -3.79866014600   -4.36616205300    5.04975336300
  2026-05-20T18:40:00.000000      -5429.828624378       3606.807030730       1802.699947025   -2.22038435300   -5.67870022900    4.66991328000
  2026-05-20T18:43:59.999999      -5755.755350464       2127.611869736       2842.898371526   -0.47902490400   -6.57145398300    3.94461709400
  2026-05-20T18:47:59.999999      -5657.021057993        491.428108441       3672.755409059    1.29651385500   -6.97893364200    2.92802990600
  2026-05-20T18:52:00.000000      -5141.183833023      -1180.999451539       4231.047489126    2.97537787400   -6.87172817900    1.69564505900
  2026-05-20T18:56:00.000000      -4246.479894451      -2766.399742200       4476.654870781    4.43428951700   -6.25824324700    0.33845012000
  2026-05-20T18:59:59.999999      -3038.937365123      -4147.988646381       4391.511685068    5.56634644100   -5.18377839200   -1.04359630300
  2026-05-20T19:03:59.999999      -1607.503852539      -5223.956050523       3981.881035060    6.28852143600   -3.72704247300   -2.34891374100
  2026-05-20T19:08:00.000000        -57.596422582      -5914.862954472       3277.902868253    6.54745658800   -1.99468274000   -3.48127252700
  2026-05-20T19:12:00.000000       1496.550522835      -6169.504256966       2331.465063181    6.32352187500   -0.11395613900   -4.35682163000
  2026-05-20T19:15:59.999999       2940.238594435      -5968.787543074       1212.451803326    5.63256481900    1.77639798600   -4.91036685700
  2026-05-20T19:19:59.999999       4166.794430664      -5327.297152954          3.643234083    4.52531693700    3.53627267400   -5.10040178200
  2026-05-20T19:24:00.000000       5085.581129676      -4292.319911112      -1205.439858046    3.08379853900    5.03501436900   -4.91263130500
  2026-05-20T19:28:00.000000       5628.796073180      -2940.346476068      -2325.248703561    1.41506873800    6.16150010900   -4.36113882200
  2026-05-20T19:31:59.999999       5756.518343536      -1371.316315390      -3272.927646921   -0.35711783800    6.83266538900   -3.48720844700
  2026-05-20T19:35:59.999999       5459.587143588        298.884681558      -3978.471934195   -2.10179796200    6.99948988400   -2.35594706500
  2026-05-20T19:40:00.000000       4760.157524203       1947.058066486      -4389.867410384   -3.69060020400    6.65032710400   -1.05116992000
  2026-05-20T19:44:00.000000       3709.943220474       3451.751719289      -4476.833783253   -5.00702489100    5.81123467000    0.33092177300
  2026-05-20T19:47:59.999999       2386.366047585       4702.102995390      -4232.977431186   -5.95458440000    4.54383871100    1.68866307900
  2026-05-20T19:51:59.999999        886.915908381       5605.889187935      -3676.243292130   -6.46354979700    2.94095816900    2.92210441600
  2026-05-20T19:56:00.000000       -677.925816233       6096.284532657      -2847.642303774   -6.49604581900    1.12015885700    3.94013064400
  2026-05-20T20:00:00.000000      -2192.734739661       6136.839024933      -1808.318537909   -6.04908787000   -0.78449766200    4.66715068600
  2026-05-20T20:03:59.999999      -3545.640590229       5724.300874543       -635.106294260   -5.15517993600   -2.63209247500    5.04884210700
  2026-05-20T20:07:59.999999      -4636.678654441       4889.005106093        585.139097504   -3.88044543100   -4.28554290400    5.05664038300
  2026-05-20T20:12:00.000000      -5385.297111281       3692.644018508       1762.050471126   -2.31946158200   -5.62224985700    4.69000385000
  2026-05-20T20:16:00.000000      -5736.352393106       2223.656735205       2808.515987716   -0.58804821000   -6.54336000900    3.97642289500
  2026-05-20T20:19:59.999999      -5664.174964743        590.586262744       3647.183858511    1.18559789400   -6.98123248400    2.96918679800
  2026-05-20T20:23:59.999999      -5174.367028011      -1086.042114199       4216.175977786    2.87071460000   -6.90421941500    1.74310921300
  2026-05-20T20:28:00.000000      -4303.254463728      -2682.645869903       4473.590722463    4.34358331200   -6.31854107500    0.38877000100
  2026-05-20T20:32:00.000000      -3115.124347359      -4081.616643415       4400.491373962    5.49627388100   -5.26743068700   -0.99417368200
  2026-05-20T20:35:59.999999      -1697.501633592      -5179.865308983       4002.252484090    6.24421788500   -3.82792343500   -2.30398502600
  2026-05-20T20:39:59.999999       -154.784064389      -5896.321681265       3308.183519303    6.53223198900   -2.10539911600   -3.44413868400
  2026-05-20T20:44:00.000000       1399.336571164      -6177.903470135       2369.441379507    6.33853640200   -0.22636723900   -4.33022720600
  2026-05-20T20:48:00.000000       2850.177921213      -6003.540449290       1255.336497536    5.67681489600    1.67056659000   -4.89633193700
  2026-05-20T20:51:59.999999       4090.560552323      -5385.858625092         48.266227263    4.59555687300    3.44494700300   -5.10003517100
  2026-05-20T20:55:59.999999       5028.815111846      -4370.364925091      -1162.378966210    3.17478692000    4.96498709000   -4.92593709400
  2026-05-20T21:00:00.000000       5595.694040557      -3032.104243669      -2286.932985908    1.52004897000    6.11796318300   -4.38712398100
  2026-05-20T21:04:00.000000       5749.518107574      -1470.003627386      -3242.183391440   -0.24593500000    6.81881454500   -3.52392750600
  2026-05-20T21:08:00.000000       5479.193574674        200.558697298      -3957.562302709   -1.99263540400    7.01632564900   -2.40066607800
  2026-05-20T21:11:59.999999       4804.908695300       1856.348165119      -4380.320383052   -3.59151456100    6.69655232800   -1.10055095800
  2026-05-20T21:15:59.999999       3776.528882277       3375.337802727      -4479.336123158   -4.92527649100    5.88340441500    0.28050921000
  2026-05-20T21:20:00.000000       2469.876395814       4645.608263572      -4247.332896435   -5.89616874700    4.63664440700    1.64090758000
  2026-05-20T21:24:00.000000        981.195488671       5573.475327564      -3701.387073035   -6.43277335100    3.04758654000    2.88051044600
  2026-05-20T21:27:59.999999       -579.826766717       6090.343907668      -2881.716546278   -6.49519342400    1.23277838700    3.90776733800
  2026-05-20T21:31:59.999999      -2098.052233140       6157.818217827      -1848.805685989   -6.07824590600   -0.67416132600    4.64639925200
  2026-05-20T21:36:00.000000      -3461.373352177       5770.666990945       -679.013415309   -5.21228474700   -2.53220508100    5.04128475400
  2026-05-20T21:40:00.000000      -4569.060266862       4957.331125360        541.069496176   -3.96119516400   -4.20355654400    5.06283924600
  2026-05-20T21:43:59.999999      -5339.311404572       3777.886424164       1721.077762228   -2.41788402200   -5.56412474500    4.70945358900
  2026-05-20T21:47:59.999999      -5715.401465088       2319.537893732       2773.671314148   -0.69695674300   -6.51339226100    4.00772969300
  2026-05-20T21:52:00.000000      -5669.817567114        690.033512614       3621.052608478    1.07427296700   -6.98167143800    3.01004418100
  2026-05-20T21:56:00.000000      -5206.192429432       -990.366898632       4200.700329254    2.76519358300   -6.93501146500    1.79049381800
  2026-05-20T21:59:59.999999      -4358.926043656      -2597.797867827       4469.922994582    4.25161202800   -6.37741885200    0.43917653100
  2026-05-20T22:03:59.999999      -3190.550880991      -4013.856126255       4408.916094952    5.42464608000   -5.35007177600   -0.94443002900
  2026-05-20T22:08:00.000000      -1787.127729790      -5134.195292218       4022.164102476    6.19825067800   -3.92823050900   -2.25860316600
  2026-05-20T22:12:00.000000       -252.005375505      -5876.117990941       3338.122478939    6.51529195300   -2.21600489900   -3.40648464900
  2026-05-20T22:15:59.999999       1301.681621083      -6184.670932556       2407.200504390    6.35188239300   -0.33912840500   -4.30310754400
  2026-05-20T22:19:59.999999       2759.286231004      -6036.797735240       1298.135349987    5.71949672000    1.56393865100   -4.88171631700
  2026-05-20T22:24:00.000000       4013.147719782      -5443.177518910         92.951487616    4.66452079300    3.35231820800   -5.09904717200
  2026-05-20T22:28:00.000000       4970.617757376      -4447.526352803      -1119.117021765    3.26494177200    4.89329856400   -4.93870713800
  2026-05-20T22:31:59.999999       5561.017823220      -3123.408153146      -2248.300178563    1.62468264200    6.07252163300   -4.41268909500
  2026-05-20T22:35:59.999999       5740.923391037      -1568.709030669      -3211.040669719   -0.13456677700    6.80295872500   -3.56039219400
  2026-05-20T22:40:00.000000       5497.315861901        101.737661700      -3936.215524645   -1.88274361200    7.03122001700   -2.44532541800
  2026-05-20T22:44:00.000000       4848.414324440       1764.702167107      -4370.350543330   -3.49118159200    6.74108430100   -1.15011560600
  2026-05-20T22:47:59.999999       3842.217475609       3297.630617437      -4481.486026765   -4.84188669300    5.95430233200    0.22970374300
  2026-05-20T22:51:59.999999       2552.919309802       4587.576164646      -4261.450791962   -5.83583772100    4.72870396600    1.59259264300
  2026-05-20T22:56:00.000000       1075.485586485       5539.416077711      -3726.444597310   -6.39996371300    3.15407461200    2.83822409600
  2026-05-20T23:00:00.000000       -481.233529154       6082.800429818      -2915.881824964   -6.49237771800    1.34589465200    3.87462888200
  2026-05-20T23:03:59.999999      -2002.433721584       6177.386109234      -1889.568820159   -6.10570025500   -0.56275597700    4.62490274600
  2026-05-20T23:07:59.999999      -3375.797179939       5815.935866127       -723.367469510   -5.26800418500   -2.43076509400    5.03304832700
  2026-05-20T23:12:00.000000      -4499.862071544       5024.989413513        496.404486249   -4.04112474600   -4.11959268200    5.06851464700
  2026-05-20T23:16:00.000000      -5291.622055009       3862.949138712       1679.416706217   -2.51605658500   -5.50396367500    4.72864177600
  2026-05-20T23:19:59.999999      -5692.738421283       2415.723943840       2738.095558965   -0.80605308200   -6.48140532300    4.03893381200
  2026-05-20T23:23:59.999999      -5673.855642562        790.261951564       3594.188599164    0.96223423500   -6.98019659300    3.05099513200
  2026-05-20T23:28:00.000000      -5236.643016253       -893.487211554       4184.537116648    2.65850622900   -6.96422487900    1.83815488900
  2026-05-20T23:32:00.000000      -4413.537667136      -2511.414818543       4465.650839867    4.15820325200   -6.43512228800    0.48999173900
  2026-05-20T23:35:59.999999      -3265.288407815      -3944.331818838       4416.843481889    5.35136824600   -5.43198642900   -0.89421588300
  2026-05-20T23:39:59.999999      -1876.481170204      -5086.647914609       4041.699242803    6.15048947800   -4.02832982600   -2.21268267200
  2026-05-20T23:44:00.000000       -349.385471378      -5854.051367131       3367.818889377    6.49658148300   -2.32693216600   -3.36825757300
  2026-05-20T23:48:00.000000       1203.458167055      -6189.709270945       2444.855747561    6.36360779600   -0.45267140000   -4.27543315500
  2026-05-20T23:51:59.999999       2667.462736518      -6068.558239646       1340.949435170    5.76075746400    1.45618291000   -4.86665360800
  2026-05-20T23:55:59.999999       3934.481845819      -5499.305904442        137.750054993    4.73223392400    3.25824596300   -5.09767898700
  2026-05-21T00:00:00.000000       4910.900411342      -4523.890546497      -1075.657946972    3.35416375500    4.81978823000   -4.95118098700
  2026-05-21T00:04:00.000000       5524.649694635      -3214.381566995      -2209.416133895    1.72882716600    6.02505213300   -4.43809964900
  2026-05-21T00:08:00.000000       5730.579265509      -1667.579066953      -3179.624920895   -0.02318734500    6.78502479000   -3.59682505100
  2026-05-21T00:11:59.999999       5513.753588524          2.259834179      -3914.602160731   -1.77231000700    7.04411690900   -2.49007448500
  2026-05-21T00:15:59.999999       4890.429403604       1671.948064598      -4360.152196290   -3.38978892500    6.78387819900   -1.19990345100
  2026-05-21T00:20:00.000000       3906.727428566       3218.442602750      -4483.476374006   -4.75698041300    6.02387479000    0.17854351500
  2026-05-21T00:24:00.000000       2635.185684893       4527.810957098      -4275.506137434   -5.77368840900    4.81998641700    1.54384071100
  2026-05-21T00:27:59.999999       1169.459143712       5503.507103450      -3751.546034101   -6.36516109500    3.26037000400    2.79549460700
  2026-05-21T00:31:59.999999       -382.471377576       6073.431788182      -2950.194441682   -6.48753259500    1.45940489300    3.84107733400
  2026-05-21T00:36:00.000000      -1906.167485545       6195.292486155      -1930.574232047   -6.13123262600   -0.45038046900    4.60303949300
  2026-05-21T00:40:00.000000      -3289.143847435       5859.839005260       -768.039578817   -5.32208153700   -2.32785550900    5.02454851200
  2026-05-21T00:43:59.999999      -4429.232940791       5091.677933520        451.370159766   -4.11975526600   -4.03380513500    5.07401267400
  2026-05-21T00:47:59.999999      -5242.247542978       3947.519663868       1637.352892483   -2.61345113400   -5.44167165400    4.74775386800
  2026-05-21T00:52:00.000000      -5668.274931931       2511.935123094       2702.121170666   -0.91494122400   -6.44730218100    4.07023876200
  2026-05-21T00:56:00.000000      -5676.097597877        891.005652844       3566.958624518    0.84995828000   -6.97673955900    3.09209612700
  2026-05-21T00:59:59.999999      -5265.411443618       -795.630193053       4168.049890640    2.55108527800   -6.99158932400    1.88603220400
  2026-05-21T01:03:59.999999      -4466.707871194      -2423.649059582       4461.120678599    4.06354545500   -6.49134305500    0.54113481900
  2026-05-21T01:08:00.000000      -3338.927829465      -3873.124870074       4424.596436886    5.27650864800   -5.51288991400   -0.84363950300
  2026-05-21T01:12:00.000000      -1965.145137517      -5037.234489652       4061.146539024    6.10091151400   -4.12791527500   -2.16640982900
  2026-05-21T01:15:59.999999       -446.528451128      -5830.054652876       3397.507033426    6.47592625500   -2.43783912700   -3.32971027400
  2026-05-21T01:19:59.999999       1105.002526177      -6192.878026907       2482.577991783    6.37340162600   -0.56673775700   -4.24744786600
  2026-05-21T01:24:00.000000       2574.961943752      -6098.634717357       1383.905579677    5.80028050000    1.34741218200   -4.85129919600
  2026-05-21T01:28:00.000000       3854.759604025      -5554.036788710        182.753169462    4.79852394000    3.16283373900   -5.09606800400
  2026-05-21T01:31:59.999999       4849.824484372      -4599.201084088      -1031.936794304    3.44228299600    4.74476135900   -4.96340144000
  2026-05-21T01:35:59.999999       5486.699252967      -3304.685965943      -2170.205789137    1.83222238400    5.97590122900   -4.46324065400
  2026-05-21T01:40:00.000000       5718.518181250      -1766.195850267      -3147.820741308    0.08782468100    6.76532280700   -3.63301586300
  2026-05-21T01:44:00.000000       5528.432786569        -97.390844545      -3892.547667975   -1.66185970500    7.05524271000   -2.53462641400
  2026-05-21T01:47:59.999999       4930.736228651       1578.602386392      -4349.469152664   -3.28798078600    6.82495773000   -1.24952786100
  2026-05-21T01:51:59.999999       3969.678080102       3138.268284778      -4484.951721247   -4.67125649800    6.09189027600    0.12747120800
  2026-05-21T01:56:00.000000       2716.135999256       4466.712983307      -4289.035420553   -5.71033821600    4.90996504300    1.49508581700
  2026-05-21T02:00:00.000000       1262.441832804       5465.995030692      -3776.134566132   -6.32887056100    3.36572627300    2.75266750200
  2026-05-21T02:03:59.999999       -284.317740466       6062.279487187      -2984.023088067   -6.48098682100    1.57234709100    3.80738072000
  2026-05-21T02:07:59.999999      -1810.080703434       6211.326868686      -1971.139378113   -6.15490721400   -0.33816564100    4.58094688800
  2026-05-21T02:12:00.000000      -3202.216718631       5901.885797243       -812.341058087   -5.37426867900   -2.22464722100    5.01570516600
  2026-05-21T02:16:00.000000      -4357.885744760       5156.637377768        406.615139361   -4.19658771300   -3.94726426900    5.07909803300
  2026-05-21T02:19:59.999999      -5191.742017539       4030.594488105       1595.460352563   -2.70921854200   -5.37817311300    4.76636637400
  2026-05-21T02:23:59.999999      -5642.332579226       2607.001137652       2666.190655994   -1.02260549100   -6.41150714300    4.10101119200
  2026-05-21T02:28:00.000000      -5676.630013314        991.047000138       3539.652038846    0.73837231900   -6.97133011000    3.13273563700
  2026-05-21T02:32:00.000000      -5292.368982455       -697.995332813       4151.380195409    2.44381911800   -7.01691399400    1.93347659200
  2026-05-21T02:35:59.999999      -4518.099098986      -2335.609742171       4456.307949192    3.96844147100   -6.54548020400    0.59189671000
  2026-05-21T02:39:59.999999      -3410.975739499      -3801.161614088       4431.999057123    5.20055087900   -5.59191521900   -0.79323019800
  2026-05-21T02:44:00.000000      -2052.540336059      -4986.661249073       4080.227949427    6.04977107100   -4.22602565700   -2.12010799900
  2026-05-21T02:48:00.000000       -542.823089798      -5804.602894498       3426.861185827    6.45337324500   -2.54778565500   -3.29094319500
  2026-05-21T02:51:59.999999       1006.916461168      -6194.428621883       2520.036101941    6.38111207000   -0.68041965500   -4.21909614300
  2026-05-21T02:55:59.999999       2482.324903486      -6127.076359362       1426.697469231    5.83770206900    1.23839480400   -4.83548709200
  2026-05-21T03:00:00.000000       3774.412512170      -5607.267853475        227.706673348    4.86288474400    3.06655860200   -5.09397545300
  2026-05-21T03:04:00.000000       4787.698299304      -4673.282713684       -988.150755914    3.52881778500    4.66836327200   -4.97516119800
  2026-05-21T03:08:00.000000       5447.374776416      -3394.137306785      -2130.824861674    1.93452441700    5.92500526200   -4.48795837700
  2026-05-21T03:11:59.999999       5704.889799937      -1864.405011032      -3115.751822819    0.19832475700    6.74368487500   -3.66885029800
  2026-05-21T03:15:59.999999       5541.491442277       -197.103073940      -3870.153034368   -1.55134835400    7.06442330800   -2.57890590900
  2026-05-21T03:20:00.000000       4969.499969206       1484.739820772      -4338.390819329   -3.18560744700    6.86421564700   -1.29896913000
  2026-05-21T03:24:00.000000       4031.274877332       3057.163481996      -4485.998711827   -4.58451629800    6.15828317800    0.07648593200
  2026-05-21T03:27:59.999999       2796.025658574       4404.330277746      -4302.132889776   -5.64558124700    4.99863597100    1.44626396300
  2026-05-21T03:31:59.999999       1354.737284367       5426.933131124      -3800.326239630   -6.29088908700    3.47019842800    2.70961906700
  2026-05-21T03:36:00.000000       -186.422941345       6049.427387716      -3017.526392995   -6.47261098000    1.68494195700    3.77332112000
  2026-05-21T03:40:00.000000      -1713.817998809       6225.638542437      -2011.473783084   -6.17678917700   -0.22581528100    4.55843525000
  2026-05-21T03:43:59.999999      -3114.691805320       5942.294576514       -856.519408239   -5.42475091500   -2.12086043200    5.00637504900
  2026-05-21T03:47:59.999999      -4285.558106963       5220.154008756        361.859201228   -4.27196492200   -3.85968619200    5.08365168400
  2026-05-21T03:52:00.000000      -5139.947681740       4112.518274682       1553.440517215   -2.80388249300   -5.31331503000    4.78446980500
  2026-05-21T03:56:00.000000      -5614.877716515       2701.267784267       2630.013503401   -1.12950518400   -6.37412864500    4.13128201900
  2026-05-21T03:59:59.999999      -5675.516373645       1090.697846946       3511.981554018    0.62710946600   -6.96410941000    3.17291862700
  2026-05-21T04:03:59.999999      -5317.663726466       -600.307336581       4134.254793940    2.33638265600   -7.04038957400    1.98062166800
  2026-05-21T04:08:00.000000      -4567.920585148      -2247.082855752       4450.984624810    3.87273980000   -6.59787078700    0.64249128000
  2026-05-21T04:12:00.000000      -3481.648869915      -3728.311120897       4438.859858881    5.12354802800   -5.66935074700   -0.74291268900
  2026-05-21T04:15:59.999999      -2138.869080355      -4934.852559929       4098.766105280    5.99711995500   -4.32286974400   -2.07370531900
  2026-05-21T04:19:59.999999       -638.448949272      -5777.669405919       3455.718983447    6.42904351300   -2.65694417100   -3.25189101200
  2026-05-21T04:24:00.000000        909.053576920      -6194.368852339       2557.088483958    6.38692607000   -0.79382404200   -4.19029353900
  2026-05-21T04:28:00.000000       2389.456868429      -6153.905004758       1469.206944256    5.87325299500    1.12912343600   -4.81909625400
  2026-05-21T04:31:59.999999       3693.405478708      -5659.007701909        272.526892960    4.92555453500    2.96953034700   -5.09122838300
  2026-05-21T04:35:59.999999       4724.536798603      -4746.108933400       -944.338163056    3.61394320200    4.59076014300   -4.98625399100
  2026-05-21T04:40:00.000000       5406.721717805      -3482.664599516      -2091.262499019    2.03579331400    5.87257467400   -4.51205558800
  2026-05-21T04:44:00.000000       5689.736544655      -1962.092190018      -3083.362230398    0.30823455000    6.72025274000   -3.70415263200
  2026-05-21T04:47:59.999999       5552.945995716       -296.740471892      -3847.326265964   -1.44090121500    7.07170174900   -2.62279685300
  2026-05-21T04:51:59.999999       5006.706724494       1390.500829170      -4326.806473237   -3.08277934800    6.90164625900   -1.34818191500
  2026-05-21T04:56:00.000000       4091.479068992       2975.268119589      -4486.500791099   -4.49688457000    6.22306892900    0.02560490200
  2026-05-21T05:00:00.000000       2874.780701344       4340.800995015      -4314.671890640   -5.57956946900    5.08595273200    1.39745000700
  2026-05-21T05:03:59.999999       1446.239124715       5386.437425945      -3823.974053724   -6.25132918300    3.57365179600    2.66642550100
  2026-05-21T05:07:59.999999        -88.916778114       6034.950133183      -3050.541672997   -6.46246346500    1.79696876600    3.73894723200
  2026-05-21T05:12:00.000000      -1617.506918233       6238.250142917      -2051.412773396   -6.19683423000   -0.11350618800    4.53547619400
  2026-05-21T05:16:00.000000      -3026.688068219       5981.056865833       -900.415878165   -5.47349421000   -2.01661319400    4.99655973300
  2026-05-21T05:19:59.999999      -4212.351246141       5282.186016569        317.262442729   -4.34575859300   -3.77121095400    5.08765750300
  2026-05-21T05:23:59.999999      -5086.928459439       4193.227280342       1511.442444810   -2.89727989800   -5.24711823800    4.80198856200
  2026-05-21T05:28:00.000000      -5585.947241429       2794.681637366       2593.719332807   -1.23559732900   -6.33510740200    4.16099523600
  2026-05-21T05:32:00.000000      -5672.791676786       1189.910037163       3484.065900788    0.51617040900   -6.95509713700    3.21258908200
  2026-05-21T05:35:59.999999      -5341.331022453       -502.614621701       4116.767893873    2.22873183300   -7.06197040800    2.02732513500
  2026-05-21T05:39:59.999999      -4616.235863263      -2158.104541089       4445.216160950    3.77627265700   -6.64847447200    0.69283776800
  2026-05-21T05:44:00.000000      -3551.049660078      -3654.605989169       4445.239287902    5.04537653200   -5.74523339600   -0.69265229100
  2026-05-21T05:48:00.000000      -2224.250887497      -4881.853712842       4116.826130086    5.94294034300   -4.41848503500   -2.02723042300
  2026-05-21T05:51:59.999999       -733.536282935      -5749.301006438       3484.134768677    6.40284472200   -2.76532802900   -3.21259090800
  2026-05-21T05:55:59.999999        811.261058726      -6192.758927808       2593.778543577    6.39074584600   -0.90704538200   -4.16107623000
  2026-05-21T06:00:00.000000       2296.185528681      -6179.210533059       1511.472364636    5.90688502500    1.01943947600   -4.80214867500
  2026-05-21T06:04:00.000000       3611.560641931      -5709.393897664        317.246883115    4.98655739400    2.87152206900   -5.08786125300
  2026-05-21T06:08:00.000000       4660.184289828      -4817.872761415       -900.476338662    3.69780097600    4.51173039400   -4.99672447300
  2026-05-21T06:11:59.999999       5364.631029382      -3570.516489926      -2051.506075249    2.13630243700    5.81837002300   -4.53558676300
  2026-05-21T06:15:59.999999       5673.031944442      -2059.550937735      -3050.655049997    0.41796087300    6.69489788200   -3.73899706400
  2026-05-21T06:20:00.000000       5562.872579565       -396.614057292      -3824.086475405   -1.33007593900    7.07705524400   -2.66635764600
  2026-05-21T06:24:00.000000       5042.543434160       1295.579666458      -4314.752726488   -2.97902975000    6.93730424300   -1.39726130000
  2026-05-21T06:27:59.999999       4150.589797770       2892.299405755      -4486.527168536   -4.40788209000    6.28639638100   -0.02535822700
  2026-05-21T06:31:59.999999       2952.811625439       4275.902916178      -4326.777885653   -5.51188304100    5.17227631000    1.34837836200
  2026-05-21T06:36:00.000000       1537.440944879       5344.389411579      -3847.264855625   -6.20993736400    3.67656868100    2.62286048400
  2026-05-21T06:40:00.000000          8.737140596       6018.847220263      -3083.303665019   -6.45042150800    1.90893141800    3.70407483500
  2026-05-21T06:43:59.999999      -1520.602120408       6249.283715261      -2091.232195432   -6.21508947700   -0.00073395000    4.51191324400
  2026-05-21T06:47:59.999999      -2937.690767641       6018.411156888       -944.343005578   -5.52072535200   -1.91142312900    4.98610935100
  2026-05-21T06:52:00.000000      -4137.831690633       5343.079939632        272.488408163   -4.41841354200   -3.68146284200    5.09108763500
  2026-05-21T06:56:00.000000      -5032.369181225       4273.130576541       1469.136853045   -2.98991838100   -5.17942621700    4.81898918300
  2026-05-21T06:59:59.999999      -5555.343375123       2887.671458585       2557.002165582   -1.34135154900   -6.29440885400    4.19026988300
  2026-05-21T07:03:59.999999      -5668.369853671       1289.110718212       3455.638173525    0.40509615600   -6.94435597900    3.25195987700
  2026-05-21T07:08:00.000000      -5363.386256162       -404.527826386       4098.712115556    2.12052863100   -7.08193125200    2.07384983100
  2026-05-21T07:12:00.000000      -4663.115846176      -2068.360377322       4438.844708684    3.67886161200   -6.69758925900    0.74308795900
  2026-05-21T07:15:59.999999      -3619.291978614      -3579.807927694       4451.013378779    4.96586904600   -5.81990579900   -0.64230954000
  2026-05-21T07:19:59.999999      -2308.823070262      -4827.511375494       4134.321032836    5.88720515300   -4.51322746100   -1.98050353000
  2026-05-21T07:24:00.000000       -828.205847679      -5719.423824783       3512.061265684    6.37495953800   -2.87321225400   -3.17293223600
  2026-05-21T07:28:00.000000        713.468376154      -6189.567267509       2630.073330171    6.39275801900   -1.02017565600   -4.13143009700
  2026-05-21T07:31:59.999999       2202.475558064      -6202.973841726       1553.451380530    5.93869387500    0.90933537200   -4.78472107500
  2026-05-21T07:35:59.999999       3528.853769215      -5758.401061537        361.802601666    5.04589104200    2.77256919700   -5.08395859900
  2026-05-21T07:40:00.000000       4594.606711227      -4888.542969852       -856.649371566    3.78032913700    4.43128853100   -5.00666448400
  2026-05-21T07:44:00.000000       5321.048439191      -3657.655598394      -2011.662215525    2.23592948300    5.76242584200   -4.55863296400
  2026-05-21T07:47:59.999999       5654.685801320      -2156.741100160      -3017.754329960    0.52733205600    6.66760128100   -3.77345024700
  2026-05-21T07:51:59.999999       5571.139475685       -496.693595559      -3800.576197247   -1.21904431300    7.08042931000   -2.70967607900
  2026-05-21T07:56:00.000000       5076.836198068       1199.990154250      -4302.386338125   -2.87451997400    6.97111699500   -1.44623057300
  2026-05-21T08:00:00.000000       4208.403594501       2808.252165891      -4486.233471195   -4.31760433900    6.34818088400   -0.07637142700
  2026-05-21T08:03:59.999999       3029.899495347       4209.605500180      -4338.593735920   -5.44253545700    5.25748661100    1.29910786300
  2026-05-21T08:07:59.999999       1628.129526120       5300.740432412      -3870.327898239   -6.16665952900    3.77892586900    2.57899411100
  2026-05-21T08:12:00.000000        106.342683776       6001.070630646      -3115.915034411   -6.43640949900    2.02083818800    3.66885890500
  2026-05-21T08:16:00.000000      -1423.271091917       6258.692344145      -2130.992835702   -6.23138834200    0.11250858600    4.48792402100
  2026-05-21T08:19:59.999999      -2847.818848591       6054.319518507       -988.320187931   -5.56619820900   -1.80521646100    4.97519354600
  2026-05-21T08:23:59.999999      -4062.055473782       5402.829004941        227.556582631   -4.48966982800   -3.59024943300    5.09409859400
  2026-05-21T08:28:00.000000      -4976.270698140       4352.276182426       1426.582547770   -3.08161278700   -5.11000509300    4.83565429900
  2026-05-21T08:32:00.000000      -5523.031330058       2980.333115304       2519.966012701   -1.44663241500   -6.25188517000    4.21929482700
  2026-05-21T08:35:59.999999      -5662.179173276       1388.423650634       3426.839016832    0.29404469900   -6.93177034400    3.29114075700
  2026-05-21T08:39:59.999999      -5383.725147820       -305.893281538       4080.249845374    2.01186285900   -7.10013351400    2.12027455000
  2026-05-21T08:44:00.000000      -4708.445369398      -1977.673058139       4432.052988802    3.58055676500   -6.74519650400    0.79331428800
  2026-05-21T08:48:00.000000      -3686.240866742      -3503.737692433       4456.362946752    4.88511273000   -5.89335098900   -0.59197818300
  2026-05-21T08:51:59.999999      -2392.445312936      -4771.646793703       4151.396645193    5.82986563600   -4.60712655400   -1.93370923300
  2026-05-21T08:55:59.999999       -922.335271314      -5687.873535843       3539.598079933    6.34528757800   -2.98068459100   -3.13308793500
  2026-05-21T09:00:00.000000        615.780334916      -6184.656268590       2666.038141942    6.39296290100   -1.13332404300   -4.10148098400
  2026-05-21T09:04:00.000000       2108.443933537      -6225.065330619       1595.185037731    5.96877679700    0.79886116700   -4.76690018400
  2026-05-21T09:08:00.000000       3445.426478535      -5805.862319885        406.214957151    5.10362235700    2.67293752400   -5.07959412500
  2026-05-21T09:11:59.999999       4527.942382832      -4957.870566727       -812.848145649    3.86142114700    4.34982048400   -5.01609453100
  2026-05-21T09:15:59.999999       5276.066005328      -3743.740992410      -1971.722005417    2.33440113900    5.70511115800   -4.58117463600
  2026-05-21T09:20:00.000000       5634.706317067      -2253.240876491      -2984.636877517    0.63593241200    6.63867071900   -3.80741124400
  2026-05-21T09:24:00.000000       5577.643126029       -596.492471326      -3776.735860250   -1.10832528000    7.08203511200   -2.75253955400
  2026-05-21T09:27:59.999999       5109.344453686       1104.250812094      -4289.588315530   -2.76987332900    7.00312420300   -1.49481382900
  2026-05-21T09:31:59.999999       4264.521782417       2723.627195854      -4485.425820287   -4.22671577800    6.40822500200   -0.12708743700
  2026-05-21T09:36:00.000000       3105.498184010       4142.333759746      -4349.838837069   -5.37210033300    5.34116662000    1.25000691100
  2026-05-21T09:40:00.000000       1717.636587666       5255.786235247      -3892.796734716   -6.12190908800    3.88006606000    2.53514478200
  2026-05-21T09:43:59.999999        203.155185280       5981.747263991      -3147.946374608   -6.42066084700    2.13196122400    3.63352086200
  2026-05-21T09:47:59.999999      -1326.295533303       6266.415243049      -2170.214011241   -6.24577518600    0.22537137300    4.46370855000
  2026-05-21T09:52:00.000000      -2757.825974808       6088.507448045      -1031.838029233   -5.60965886600   -1.69888937100    4.96382491000
  2026-05-21T09:56:00.000000      -3985.692019885       5460.960598950        182.950698365   -4.55908466400   -3.49829745900    5.09646661700
  2026-05-21T09:59:59.999999      -4919.183469895       4430.050042226       1384.187974485   -3.17182993100   -5.03929089200    4.85159888200
  2026-05-21T10:03:59.999999      -5489.434593117       3071.987796318       2482.916649261   -1.55095066800   -6.20764231200    4.24761250200
  2026-05-21T10:08:00.000000      -5654.542290384       1487.174435079       3397.867673786    0.18338106500   -6.91724439800    3.32972047200
  2026-05-21T10:12:00.000000      -5402.589735558       -207.344253886       4061.486611047    1.90303731000   -7.11630408700    2.16623462000
  2026-05-21T10:15:59.999999      -4752.407603293      -1886.585900381       4424.874216756    3.48151301600   -6.79081971000    0.84329915100
  2026-05-21T10:19:59.999999      -3752.064530417      -3426.822313616       4461.299540370    4.80311001400   -5.96510747200   -0.54162445200
  2026-05-21T10:24:00.000000      -2475.285012997      -4714.578632144       4168.090125771    5.77094462700   -4.69974753200   -1.88669597000
  2026-05-21T10:28:00.000000      -1016.095318617      -5654.873144343       3566.823169263    6.31376517100   -3.08739740100   -3.09287809900
  2026-05-21T10:31:59.999999        518.001624188      -6178.184770426       2701.796054063    6.39121554500   -1.24632340600   -4.07101641400
  2026-05-21T10:35:59.999999       2013.863225062      -6245.637490491       1636.851813707    5.99702749000    0.68788960300   -4.74844070000
  2026-05-21T10:40:00.000000       3361.045434514      -5851.998085868        450.720756741    5.15984807000    2.57220328700   -5.07454640600
  2026-05-21T10:44:00.000000       4460.020043602      -5026.194689492       -768.790977039    3.94150399700    4.26680897900   -5.02485994500
  2026-05-21T10:47:59.999999       5229.650708644      -3829.224655426      -1931.373696821    2.43242331700    5.64602232600   -4.60312272900
  2026-05-21T10:51:59.999999       5613.247755550      -2349.575907145      -2950.983540230    0.74457712300    6.60789007500   -3.84091044500
  2026-05-21T10:56:00.000000       5582.733038152       -696.576488772      -3752.269049937   -0.99709269300    7.08176068100   -2.79512456000
  2026-05-21T11:00:00.000000       5140.624944558       1007.787639514      -4276.126678506   -2.66420259000    7.03340033800   -1.54337241900
  2026-05-21T11:03:59.999999       4319.704002747       2637.899774298      -4483.977215981   -4.13443957800    6.46684782100   -0.17801255100
  2026-05-21T11:07:59.999999       3180.527251885       4073.663418978      -4360.521065686   -5.30001404700    5.42382096600    1.20046769900
  2026-05-21T11:12:00.000000       1806.992446087       5209.246759496      -3914.830778829   -6.07534792900    3.98069861700    2.49067807500
  2026-05-21T11:16:00.000000        300.255352647       5960.785057740      -3179.706780415   -6.40309108700    2.24314828200    3.59743659200
  2026-05-21T11:19:59.999999      -1228.615244778       6272.585907507      -2209.352625481   -6.25853978400    0.33887902900    4.43869616000
  2026-05-21T11:23:59.999999      -2666.774763942       6121.351023668      -1075.454439598   -5.65178302200   -1.59150686000    4.95175219900
  2026-05-21T11:28:00.000000      -3907.976753164       5518.045621521        138.084239091   -4.62741217100   -3.40489674500    5.09818836800
  2026-05-21T11:32:00.000000      -4860.531568679       4507.175026781       1341.394239705   -3.26138274700   -4.96674213500    4.86705122100
  2026-05-21T11:35:59.999999      -5454.172107777       3163.461453549       2445.375369651   -1.65509526500   -6.16135586500    4.27564932300
  2026-05-21T11:39:59.999999      -5645.264817820       1586.243882408       3368.361404152    0.07231520900   -6.90062782100    3.36822561500
  2026-05-21T11:44:00.000000      -5419.983378588       -107.995787451       4042.198723245    1.79323082200   -7.13061379200    2.21234652900
  2026-05-21T11:48:00.000000      -4795.186576994      -1794.294947576       4417.224979153    3.38107948600   -6.83494840600    0.89357713700
  2026-05-21T11:51:59.999999      -3817.078592615      -3348.392844999       4465.852807294    4.71937879500   -6.03577328400   -0.49083242000
  2026-05-21T11:55:59.999999      -2557.761374898      -4655.797962396       4184.524810702    5.71006870700   -4.79182652000   -1.83908853800
  2026-05-21T12:00:00.000000      -1109.966402031      -5620.100400414       3593.945915114    6.28027945600   -3.19415174200   -3.05197469400
  2026-05-21T12:04:00.000000        419.652126739      -6170.016325948       2737.618993081    6.38762188100   -1.35989969000   -4.03987769400
  2026-05-21T12:08:00.000000       1918.289847789      -6264.709595592       1678.734557042    6.02361098700    0.57586320400   -4.72939482700
  2026-05-21T12:11:59.999999       3275.303394541      -5896.940369637        495.569237503    5.21469461400    2.46998713300   -5.06904034300
  2026-05-21T12:15:59.999999       4390.450124285      -5093.719124280       -724.300911878    4.02058576100    4.18202197500   -5.03333615000
  2026-05-21T12:20:00.000000       5181.395453716      -3914.359518828      -1890.541843543    2.52985897300    5.58496809100   -4.62494430400
  2026-05-21T12:24:00.000000       5589.869320763      -2446.044228011      -2916.838460356    0.85316768500    6.57508647800   -3.87445918700
  2026-05-21T12:27:59.999999       5585.956253651       -797.257674778      -3727.337596945   -0.88538751300    7.07967579000   -2.83786948900
  2026-05-21T12:31:59.999999       5170.198026769        910.325089964      -4262.239635025   -2.55768049200    7.06211739000   -1.59208982500
  2026-05-21T12:36:00.000000       4373.435016119       2550.828539590      -4482.145503934   -4.04088805200    6.52420449300   -0.22914318300
  2026-05-21T12:40:00.000000       3254.449041207       4003.395348071      -4370.872142976   -5.22635051800    5.50561023200    1.15071118400
  2026-05-21T12:43:59.999999       1895.648548348       5160.949293981      -3936.588459422   -6.02698257900    4.08087118000    2.44596455400
  2026-05-21T12:47:59.999999        397.104373556       5938.009713408      -3211.253964400   -6.38360951700    2.35433942100    3.56108634500
  2026-05-21T12:52:00.000000      -1130.720542179       6276.999044438      -2248.342465289   -6.26936400000    0.45285652100    4.41340643200
  2026-05-21T12:56:00.000000      -2575.057145450       6152.611195310      -1118.990891384   -5.69211415800   -1.48314587600    4.93938927400
  2026-05-21T12:59:59.999999      -3829.201821358       5573.826327775         93.234069570   -4.69425846400   -3.31019594600    5.09966606700
  2026-05-21T13:03:59.999999      -4800.496846090       4583.331593503       1298.554230850   -3.34972294900   -4.89268030400    4.88221537900
  2026-05-21T13:08:00.000000      -5417.278010632       3254.362498767       2407.714534310   -1.75840817800   -6.11330885500    4.30338540700
  2026-05-21T13:12:00.000000      -5634.209728124       1685.179210547       3338.669733228   -0.03835808000   -6.88212937600    3.40648222700
  2026-05-21T13:15:59.999999      -5435.561074423         -8.319899245       4022.670301396    1.68330854800   -7.14296831900    2.25826117300
  2026-05-21T13:19:59.999999      -4836.250388671      -1701.222990765       4409.305416514    3.27994245000   -6.87730702100    0.94380180000
  2026-05-21T13:24:00.000000      -3880.601172783      -3268.796315597       4470.129039328    4.63451796000   -6.10500980100   -0.44006087100
  2026-05-21T13:28:00.000000      -2639.061572802      -4595.546880459       4200.677558117    5.64768655000   -4.88280717900   -1.79148956100
  2026-05-21T13:31:59.999999      -1203.062276780      -5583.643729896       3620.790558103    6.24497722700   -3.30023699700   -3.01102323800
  2026-05-21T13:35:59.999999        321.620809852      -6160.061543639       2773.184852039    6.38206658600   -1.47329742500   -4.00861428700
  2026-05-21T13:40:00.000000       1822.562344837      -6282.008991693       1720.397755197    6.04824762700    0.46355564200   -4.71016398100
  2026-05-21T13:44:00.000000       3188.951540948      -5940.225943915        540.249850942    5.26770038400    2.36709201900   -5.06328511400
  2026-05-21T13:47:59.999999       4319.849408774      -5159.796470346       -679.909860860    4.09801842600    4.09616083700   -5.04148290200
  2026-05-21T13:51:59.999999       5131.752901426      -3998.349635312      -1849.722807835    2.62599501600    5.52249081200   -4.64638240700
  2026-05-21T13:56:00.000000       5564.840730024      -2541.740333343      -2882.607935404    0.96086985000    6.54061382700   -3.90757872200
  2026-05-21T14:00:00.000000       5587.371275324       -897.594019059      -3702.217821557   -0.77409169200    7.07571075600   -2.88019966100
  2026-05-21T14:03:59.999999       5197.934181246        812.748763002      -4248.077375526   -2.45099356300    7.08893779300   -1.64050010600
  2026-05-21T14:07:59.999999       4425.426409136       2463.204283104      -4479.970803060   -3.94669474800    6.57979064200   -0.28000199400
  2026-05-21T14:12:00.000000       3326.849654097       3932.167231365      -4380.824382868   -5.15150900600    5.58582270900    1.10112395600
  2026-05-21T14:16:00.000000       1983.119158182       5111.357509988      -3957.923551122   -5.97702609200    4.17984093700    2.40128681200
  2026-05-21T14:19:59.999999        493.188879728       5913.700572283      -3242.387564197   -6.36221989200    2.46475898900    3.52461112000
  2026-05-21T14:23:59.999999      -1033.112347930       6279.758827452      -2286.968329058   -6.27814721600    0.56661026700    4.38784392400
  2026-05-21T14:28:00.000000      -2483.136151170       6182.225686755      -1162.242005065   -5.73042363900   -1.37450834700    4.92664483200
  2026-05-21T14:32:00.000000      -3749.752470073       5628.089732777         48.564037416   -4.75923900900   -3.21469491900    5.10066123900
  2026-05-21T14:35:59.999999      -4739.380307323       4658.218330956       1255.775289279   -3.43655909600   -4.81738603900    4.89687264800
  2026-05-21T14:39:59.999999      -5378.990631884       3344.322379109       2369.988356575   -1.86063321800   -6.06375796900    4.33056548200
  2026-05-21T14:44:00.000000      -5621.558053340       1783.564132668       3308.776220734   -0.14843774100   -6.86189755800    3.44416771400
  2026-05-21T14:48:00.000000      -5449.462660390         91.236051827       4002.812849394    1.57348594700   -7.15350494700    2.30369123800
  2026-05-21T14:51:59.999999      -4875.671724630      -1607.828529444       4400.947079291    3.17838894400   -6.91778894100    0.99361893700
  2026-05-21T14:55:59.999999      -3942.650552087      -3188.440478262       4473.896101804    4.54868604700   -6.17253462500   -0.38945878200
  2026-05-21T15:00:00.000000      -2719.168453353      -4534.166564692       4216.303128688    5.58397368100   -4.97242431900   -1.74389452000
  2026-05-21T15:04:00.000000      -1295.320725064      -5545.770410343       3647.120910008    6.20804888400   -3.40530932000   -2.96995969900
  2026-05-21T15:08:00.000000        224.007038944      -6148.499426018       2808.278989794    6.37464431700   -1.58613536900   -3.97709618600
  2026-05-21T15:11:59.999999       1726.790827891      -6297.632808971       1761.667141778    6.07093688000    0.35125431000   -4.69054771500
  2026-05-21T15:15:59.999999       3102.097257085      -5981.899750792        584.642882447    5.31886467100    2.26366094500   -5.05703362500
  2026-05-21T15:20:00.000000       4248.333473637      -5224.451794333       -635.677697614    4.17387974800    4.00927650400   -5.04907201200
  2026-05-21T15:24:00.000000       5080.859070882      -4081.211965330      -1808.926550811    2.72090988500    5.45858381800   -4.66724197500
  2026-05-21T15:27:59.999999       5538.321189453      -2636.694328469      -2848.264611808    1.06781565000    6.50437945300   -3.94016061300
  2026-05-21T15:31:59.999999       5587.177675667       -997.634919282      -3676.866903123   -0.66301531900    7.06981362400   -2.92208568400
  2026-05-21T15:36:00.000000       5224.075393628        714.995998199      -4233.589824369   -2.34396902300    7.11378606100   -1.68858308000
  2026-05-21T15:40:00.000000       4475.974151713       2374.943575840      -4477.416627745   -3.85158830100    6.63355544900   -0.33075021400
  2026-05-21T15:43:59.999999       3398.076332503       3859.905427352      -4390.393370330   -5.07535662500    5.66454869600    1.05148260500
  2026-05-21T15:47:59.999999       2069.775876618       5060.418522558      -3978.903710640   -5.92538077500    4.27771621300    2.35641594000
  2026-05-21T15:52:00.000000        588.897218172       5887.845829287      -3273.231418019   -6.33892215500    2.57462761200    3.48779889400
  2026-05-21T15:56:00.000000       -935.413684859       6280.905619387      -2325.399266782   -6.28496261500    0.68036141700    4.36182433900
  2026-05-21T15:59:59.999999      -2390.661906353       6210.296442097      -1205.416742594   -5.76687812100   -1.26528835500    4.91338425200
  2026-05-21T16:03:59.999999      -3669.335145203       5681.008394060          3.849455799   -4.82262086100   -3.11814547900    5.10116351300
  2026-05-21T16:08:00.000000      -4676.950859455       4732.061661341       1212.834859268   -3.52214625700   -4.74064549300    4.91106103100
  2026-05-21T16:12:00.000000      -5339.148313289       3433.622611483       2331.998709263   -1.96209740700   -6.01249142600    4.35737083300
  2026-05-21T16:15:59.999999      -5607.225665623       1881.712598692       3278.539422108   -0.25823966200   -6.83986724700    3.48155980900
  2026-05-21T16:19:59.999999      -5461.674706265        190.986833741       3982.550195371    1.46345375900   -7.16225611900    2.34890238800
  2026-05-21T16:24:00.000000      -4913.505645705      -1513.823405694       4392.144035414    3.07622312000   -6.95662080200    1.04330995100
  2026-05-21T16:28:00.000000      -4003.305758224      -3107.095872221       4477.191775924    4.46182424400   -6.23855384100   -0.33893382500
  2026-05-21T16:31:59.999999      -2798.184874555      -4471.470222262       4231.458761172    5.51877966800   -5.06085852600   -1.69619394300
  2026-05-21T16:35:59.999999      -1386.875028991      -5506.354606417       3673.028091975    6.16942450600   -3.50967226500   -2.92863383800
  2026-05-21T16:40:00.000000        126.678168420      -6135.275130027       2843.024203278    6.36543944000   -1.69868010800   -3.94523135600
  2026-05-21T16:44:00.000000       1630.870497132      -6311.574607500       1802.680488534    6.09180864400    0.23881348000   -4.67050456200
  2026-05-21T16:47:59.999999       3014.664658566      -6021.981882805        628.887465431    5.36828080700    2.15961712000   -5.05031591600
  2026-05-21T16:51:59.999999       4175.840454532      -5287.718104110       -591.480218211    4.24819246800    3.92132159400   -5.05618660800
  2026-05-21T16:56:00.000000       5028.653431881      -4162.989147515      -1768.055204717    2.81460032000    5.39324156500   -4.68766741100
  2026-05-21T17:00:00.000000       5510.242784408      -2730.939810186      -2813.745799239    1.17393950400    6.46645838500   -3.97233753400
  2026-05-21T17:03:59.999999       5585.283556301      -1097.392050130      -3651.248069029   -0.55228691500    7.06207688600   -2.96361054400
  2026-05-21T17:07:59.999999       5248.493391432        617.080262306      -4218.756745767   -2.23678463000    7.13677535400   -1.73638362900
  2026-05-21T17:12:00.000000       4524.896973281       2286.083216133      -4474.459223114   -3.75582434700    6.68555920100   -0.38130254700
  2026-05-21T17:16:00.000000       3467.897546729       3786.644923348      -4399.527780114   -4.99804444900    5.74174760000    1.00188831100
  2026-05-21T17:19:59.999999       2155.346930985       5008.160047531      -3999.457631543   -5.87226091500    4.37444500400    2.31144322300
  2026-05-21T17:23:59.999999        683.904344147       5860.440121810      -3303.681968961   -6.31388767400    2.68372810000    3.45081214100
  2026-05-21T17:28:00.000000       -837.973473710       6280.371883449      -2363.489442731   -6.28985308200    0.79380881400    4.33554195900
  2026-05-21T17:32:00.000000      -2297.976579000       6236.674235246      -1248.327411066   -5.80137348600   -1.15586495300    4.89974682500
  2026-05-21T17:35:59.999999      -3588.251070607       5732.346915642        -40.703541126   -4.88419768800   -3.02086132900    5.10119942900
  2026-05-21T17:39:59.999999      -4613.454953376       4804.556028620       1169.940117086   -3.60622441600   -4.66273408600    4.92475876900
  2026-05-21T17:44:00.000000      -5297.918269125       3521.898245083       2293.934743350   -2.06241302700   -5.95969948300    4.38367590300
  2026-05-21T17:48:00.000000      -5591.285209701       1979.238330238       3248.113094633   -0.36736663000   -6.81604901900    3.51850599200
  2026-05-21T17:51:59.999999      -5472.180373930        290.556169371       3961.999675003    1.35355849000   -7.16913034600    2.39374618700
  2026-05-21T17:55:59.999999      -4949.659997504      -1419.553003389       4382.975008595    2.97369548900   -6.99361403500    1.09271460600
  2026-05-21T18:00:00.000000      -4062.427037387      -3025.061685799       4480.066198918    4.37414020800   -6.30289776800   -0.28859729200
  2026-05-21T18:04:00.000000      -2875.914792670      -4407.704007547       4246.155303994    5.45233664700   -5.14781968900   -1.64861515500
  2026-05-21T18:08:00.000000      -1477.498664282      -5465.555613271       3698.461197467    6.12908948400   -3.61292886900   -2.88728588200
  2026-05-21T18:11:59.999999         29.835353995      -6120.467531155       2877.324178540    6.35429014300   -1.81067651600   -3.91315409500
  2026-05-21T18:15:59.999999       1534.964973896      -6323.865954423       1843.316225869    6.11071746200    0.12639157000   -4.65011812900
  2026-05-21T18:20:00.000000       2926.784165343      -6060.467882259        672.851273983    5.41583422100    2.05511030600   -5.04314589700
  2026-05-21T18:24:00.000000       4102.476531091      -5349.550932848       -547.445730767    4.32084850300    3.83247978500   -5.06276447300
  2026-05-21T18:27:59.999999       4975.216915842      -4243.592716391      -1727.207039921    2.90697718300    5.32663025800   -4.70747379800
  2026-05-21T18:31:59.999999       5480.670021329      -2824.349751649      -2779.099652796    1.27918248300    6.42700687300   -4.00388557500
  2026-05-21T18:36:00.000000       5581.737689012      -1196.705053358      -3625.352995429   -0.44198028000    7.05263314700   -3.00453617500
  2026-05-21T18:40:00.000000       5271.216340968        519.189359466      -4203.511985710   -2.12953537000    7.15798394100   -1.78365768200
  2026-05-21T18:43:59.999999       4572.198911454       2196.823405421      -4470.976105440   -3.65951174700    6.73582946300   -0.43143555500
  2026-05-21T18:47:59.999999       3536.282583162       3712.585826826      -4408.050849490   -4.91974823500    5.81736506600    0.95258736400
  2026-05-21T18:52:00.000000       2239.770530053       4954.749893252      -4019.348069079   -5.81773154400    4.46984507300    2.26660136900
  2026-05-21T18:56:00.000000        778.138344616       5831.611873685      -3333.465367400   -6.28717633200    2.79190728100    3.41372571400
  2026-05-21T18:59:59.999999       -740.890193830       6278.244945796      -2400.957199540   -6.29296444400    0.90674610000    4.30899761000
  2026-05-21T19:03:59.999999      -2205.208874666       6261.384228568      -1290.695757172   -5.83399760300   -1.04653585700    4.88569431400
  2026-05-21T19:08:00.000000      -3506.636313770       5782.055069286        -84.836672429   -4.94395125400   -2.92316065200    5.10063981000
  2026-05-21T19:12:00.000000      -4549.017715551       4875.582083577       1127.307102298   -3.68872678200   -4.58388672900    4.93773722400
  2026-05-21T19:15:59.999999      -5255.414748657       3608.983234062       2255.956358425   -2.16154383100   -5.90554874200    4.40923553500
  2026-05-21T19:19:59.999999      -5573.842445304       2075.939855312       3217.595117970   -0.47577747900   -6.79055655800    3.55473197800
  2026-05-21T19:24:00.000000      -5481.071149570        389.731882001       3941.193376613    1.24387849000   -7.17412711100    2.43794549500
  2026-05-21T19:28:00.000000      -4984.220620055      -1325.217958688       4373.414436010    2.87078387700   -7.02870612600    1.14165724800
  2026-05-21T19:31:59.999999      -4120.104584348      -2942.522109071       4482.458125641    4.28558852900   -6.36547923800   -0.23855832000
  2026-05-21T19:35:59.999999      -2952.463563489      -4343.038099380       4260.322075979    5.38460527900   -5.23327759600   -1.60113019900
  2026-05-21T19:40:00.000000      -1567.286622700      -5423.533000171       3723.367664192    6.08718197900   -3.71500210400   -2.84583106000
  2026-05-21T19:44:00.000000        -66.581192098      -6104.193718407       2911.143099885    6.34130133700   -1.92186438400   -3.88078782000
  2026-05-21T19:47:59.999999       1439.027874592      -6334.563301985       1883.565054080    6.12769157600    0.01421507000   -4.62924220800
  2026-05-21T19:51:59.999999       2838.420574781      -6097.368651626        716.560644747    5.46158581200    1.95030191600   -5.03537421700
  2026-05-21T19:56:00.000000       4028.224125320      -5409.929131217       -503.510324797    4.39195802900    3.74285715500   -5.06865745200
  2026-05-21T20:00:00.000000       4920.562974389      -4322.979633832      -1686.290736708    2.99816552600    5.25883402400   -4.72657941600
  2026-05-21T20:03:59.999999       5449.643925179      -2916.869575752      -2744.220716803    1.38366380600    6.38603197600   -4.03477403100
  2026-05-21T20:07:59.999999       5576.615578311      -1295.519104250      -3599.078601175   -0.33193660300    7.04148676400   -3.04490431600
  2026-05-21T20:12:00.000000       5292.357222678        421.380648644      -4187.766119889   -2.02207492200    7.17743958300   -1.83047932600
  2026-05-21T20:16:00.000000       4618.025545689       2107.227992708      -4466.899931962   -3.56252355800    6.78438998100   -0.48126220700
  2026-05-21T20:19:59.999999       3603.407236962       3637.798790307      -4415.929176818   -4.84034171500    5.89144148700    0.90340462600
  2026-05-21T20:23:59.999999       2323.244317864       4900.275332591      -4038.590910255   -5.76174141900    4.56400053300    2.22166434800
  2026-05-21T20:28:00.000000        871.807532193       5801.464980717      -3362.648472277   -6.25873219200    2.89923263700    3.37634028800
  2026-05-21T20:32:00.000000       -643.932273055       6274.654666244      -2437.924011841   -6.29417790000    1.01936611600    4.28191574600
  2026-05-21T20:35:59.999999      -2112.125751396       6284.630481918      -1332.715707208   -5.86487948400   -0.93692043400    4.87093848400
  2026-05-21T20:39:59.999999      -3424.314252459       5830.422464140       -128.796707513   -5.00217135700   -2.82473296900    5.09932669700
  2026-05-21T20:44:00.000000      -4483.531273303       4945.498164831       1084.661360435   -3.76994394600   -4.50383975000    4.94993179800
  2026-05-21T20:48:00.000000      -5211.603429914       3695.301740819       2217.779672572   -2.25984409200   -5.84976975000    4.43406536400
  2026-05-21T20:51:59.999999      -5554.955988876       2172.294531402       3186.722298581   -0.58389156100   -6.76321109400    3.59038234500
  2026-05-21T20:55:59.999999      -5488.514604877        489.014561192       3919.917122607    1.13393600000   -7.17722800300    2.48177114200
  2026-05-21T21:00:00.000000      -5017.456978749      -1230.331471215       4363.316622783    2.76711194400   -7.06201155300    1.19040722500
  2026-05-21T21:04:00.000000      -4176.699107628      -2859.029308879       4484.297484328    4.19582250500   -6.42654330100   -0.18844218600
  2026-05-21T21:08:00.000000      -3028.253006869      -4277.102631465       4273.980591153    5.31539917800   -5.31761005000   -1.55337340100
  2026-05-21T21:11:59.999999      -1656.693436705      -5380.021725130       3747.847584175    6.04360395600   -3.81639704300   -2.80396437100
  2026-05-21T21:15:59.999999       -163.028470756      -6086.333582221       2944.648848885    6.32657889700   -2.03290268100   -3.84791068200
  2026-05-21T21:20:00.000000       1342.643300168      -6343.692287251       1923.633346796    6.14294679300   -0.09826959200   -4.60776843800
  2026-05-21T21:24:00.000000       2749.212213422      -6132.838576084        760.244761097    5.50577308000    1.84463930400   -5.02691432100
  2026-05-21T21:27:59.999999       3952.793072802      -5469.141784625       -459.438765659    4.46186156400    3.65191647400   -5.07391217800
  2026-05-21T21:31:59.999999       4864.488549251      -4401.558613632      -1645.094169913    3.08856529400    5.18938094100   -4.74513366200
  2026-05-21T21:36:00.000000       5417.067220149      -3009.008718352      -2708.944954936    1.48786211200    6.34318717400   -4.06525296200
  2026-05-21T21:40:00.000000       5569.937568991      -1394.410316526      -3572.329614986   -0.22165633600    7.02840356800   -3.08503571700
  2026-05-21T21:43:59.999999       5312.062829271        323.036343700      -4171.515449891   -1.91384766800    7.19505011800   -1.87729250700
  2026-05-21T21:47:59.999999       4662.657077164       2016.685559948      -4462.342847706   -3.46431834600    6.83138524400   -0.53128805600
  2026-05-21T21:52:00.000000       3669.674993548       3561.731986992      -4423.395691539   -4.75935718400    5.96433892400    0.85384880500
  2026-05-21T21:56:00.000000       2406.270752684       4844.295127857      -4057.530063340   -5.70392941200    4.65745965800    2.17619997900
  2026-05-21T21:59:59.999999        965.481133001       5769.710822698      -3391.670380180   -6.22837346000    3.00641626300    3.33830041900
  2026-05-21T22:03:59.999999       -546.517241645       6269.492182996      -2474.895583120   -6.29355946300    1.13240982800    4.25412722500
  2026-05-21T22:08:00.000000      -2018.160452719       6306.467351140      -1374.909182666   -5.89407322600   -0.82636304400    4.85548568100
  2026-05-21T22:12:00.000000      -3340.744379231       5877.675913712       -173.091843482   -5.05908458300   -2.72480518900    5.09738215300
  2026-05-21T22:15:59.999999      -4416.548997835       5014.697217146       1041.550975883   -3.85038113100   -4.42203877100    4.96168129100
  2026-05-21T22:19:59.999999      -5166.157944741       3781.337950848       2179.047334048   -2.35777275500   -5.79211049300    4.45856957100
  2026-05-21T22:24:00.000000      -5534.406869798       2268.834492554       3155.230978807   -0.69215748900   -6.73389584800    3.62585726300
  2026-05-21T22:28:00.000000      -5494.395796019        588.941914089       3898.003277070    1.02332466500   -7.17849430600    2.52560572300
  2026-05-21T22:31:59.999999      -5049.341317423      -1134.392373177       4352.604556345    2.66237541900   -7.09375895300    1.23933862900
  2026-05-21T22:35:59.999999      -4232.236871260      -2774.150494387       4485.581665669    4.10466404000   -6.48640384800   -0.13802549800
  2026-05-21T22:40:00.000000      -3103.355730208      -4209.542793750       4287.170533446    5.24452909800   -5.40118307500   -1.50518389500
  2026-05-21T22:44:00.000000      -1745.827967933      -5334.766105837       3771.978951943    5.99827350500   -3.91754434500   -2.76154053100
  2026-05-21T22:47:59.999999       -259.620465490      -6066.725624231       2977.945717613    6.31013732100   -2.14415933700   -3.81443623100
  2026-05-21T22:51:59.999999       1245.713241200      -6351.183182006       1963.632032154    6.15659326900   -0.21143241000   -4.58575039500
  2026-05-21T22:56:00.000000       2659.085161450      -6166.879497646        803.982410219    5.54846887000    1.73790477100   -5.01795989500
  2026-05-21T23:00:00.000000       3876.110033703      -5527.241737793       -415.197298713    4.53052334300    3.55939537900   -5.07871039600
  2026-05-21T23:03:59.999999       4806.916541393      -4479.454835391      -1603.638421040    3.17816532900    5.11797055100   -4.76340015100
  2026-05-21T23:07:59.999999       5382.860138366      -3100.961657403      -2673.360117983    1.59176625800    6.29818917100   -4.09560992300
  2026-05-21T23:12:00.000000       5561.624397494      -1493.640467696      -3545.263031209   -0.11110666100    7.01312938800   -3.12522107100
  2026-05-21T23:16:00.000000       5330.270141208        223.841720347      -4154.983760882   -1.80475665900    7.21062645700   -1.92435998600
  2026-05-21T23:19:59.999999       4706.063583589       1924.842584182      -4457.590269703   -3.36470730000    6.87669264700   -0.58177451900
  2026-05-21T23:23:59.999999       3735.107544133       3484.022989815      -4430.800400585   -4.67656197900    6.03609894900    0.80365786600
  2026-05-21T23:28:00.000000       2488.929987417       4786.474840983      -4076.570602392   -5.64405930200    4.75042159400    2.13002622200
  2026-05-21T23:32:00.000000       1059.294259887       5736.078188889      -3420.965536056   -6.19587939900    3.11377907400    3.29955023700
  2026-05-21T23:35:59.999999       -448.458963074       6262.574100956      -2512.304510224   -6.29090346000    1.24629339800    4.22568433900
  2026-05-21T23:39:59.999999      -1923.094884776       6326.825046917      -1417.683434040   -5.92153003300   -0.71436748600    4.83951118400
  2026-05-21T23:44:00.000000      -3255.703671233       5923.845645186       -218.071361603   -5.11464995900   -2.62304385400    5.09509341000
  2026-05-21T23:48:00.000000      -4347.826438838       5083.295382733        997.692254880   -3.92996538400   -4.33806662300    4.97326554600
  2026-05-21T23:51:59.999999      -5118.843106780       3867.304976341       2139.563171000   -2.45545153100   -5.73225037900    4.48319474700
  2026-05-21T23:55:59.999999      -5511.982849279       2365.811629106       3123.037384206   -0.80060723900   -6.70255943300    3.66160115500
  2026-05-22T00:00:00.000000      -5498.495723251        689.775655622       3875.463923371    0.91209857700   -7.17788524700    2.56982398600
