  CCSDS_OEM_VERS = 2.0
  CREATION_DATE  = 2026-10-07T00:29:28
  ORIGINATOR     = BACC

  META_START
  OBJECT_NAME    = KJZ
  OBJECT_ID      = CSS
  CENTER_NAME    = EARTH
  REF_FRAME      = EME2000
  TIME_SYSTEM    = UTC
  START_TIME     = 2026-10-07T00:00:00.000000
  STOP_TIME      = 2026-10-14T00:00:00.000000
  META_STOP

  COMMENT OEM data, unit is km and km/s.
  2026-10-07T00:00:00.000000       2775.919012767       4679.072455039       4009.557497244   -7.00172813300    2.21529832700    2.25782425200
  2026-10-07T00:04:00.000000       1013.768082659       5031.468396527       4396.303042937   -7.59181626100    0.70323594900    0.94510605700
  2026-10-07T00:08:00.000000       -823.208967625       5012.497913635       4457.628063954   -7.62147776500   -0.86029966200   -0.43720131300
  2026-10-07T00:11:59.999999      -2599.437705518       4623.625256384       4189.049277761   -7.08872589800   -2.36024481200   -1.78706383800
  2026-10-07T00:15:59.999999      -4183.834314982       3893.530504148       3610.430308244   -6.03273128500   -3.68623339500   -3.00483925900
  2026-10-07T00:20:00.000000      -5459.410223416       2876.031900737       2764.543822822   -4.53112713900   -4.74040214700   -4.00043469500
  2026-10-07T00:24:00.000000      -6331.926084578       1646.196723397       1713.966542013   -2.69475004200   -5.44469754000   -4.69995542000
  2026-10-07T00:27:59.999999      -6736.949672780        294.821295051        536.478022671   -0.65960992400   -5.74695307100   -5.05144222900
  2026-10-07T00:31:59.999999      -6644.703073074      -1078.317774027       -680.731254925    1.42336145000   -5.62499104000   -5.02894643600
  2026-10-07T00:36:00.000000      -6062.277286717      -2371.916412817      -1847.591824644    3.39985307300   -5.08833856700   -4.63457489600
  2026-10-07T00:40:00.000000      -5033.015411744      -3490.698906304      -2877.894582964    5.12397583800   -4.17734429600   -3.89815143300
  2026-10-07T00:43:59.999999      -3633.153912304      -4352.463271918      -3695.692381385    6.46924493800   -2.95985612400   -2.87476892600
  2026-10-07T00:47:59.999999      -1966.017912972      -4894.058783398      -4240.851617895    7.33769285900   -1.52574315000   -1.64024013200
  2026-10-07T00:52:00.000000       -154.343743374      -5075.880935100      -4473.358681492    7.66642360700    0.01984913500   -0.28538217300
  2026-10-07T00:56:00.000000       1668.676704100      -4884.644521904      -4376.145601638    7.43165968500    1.56402847900    1.09054368400
  2026-10-07T00:59:59.999999       3369.013655387      -4334.304632482      -3956.289033717    6.65023477300    2.99400598100    2.38676154500
  2026-10-07T01:03:59.999999       4821.472099757      -3465.086429297      -3244.531299484    5.37854975400    4.20493863400    3.50800247600
  2026-10-07T01:08:00.000000       5918.808123691      -2340.676792246      -2293.136713547    3.70901517100    5.10734095100    4.37125520500
  2026-10-07T01:12:00.000000       6579.705080758      -1043.698997453      -1172.190460005    1.76400875500    5.63396391200    4.91203355400
  2026-10-07T01:15:59.999999       6754.942173181        330.302477221         35.507010379   -0.31301435800    5.74507566600    5.08956085900
  2026-10-07T01:19:59.999999       6431.219968769       1679.900456054       1240.562474144   -2.36805678200    5.43179883300    4.89008972200
  2026-10-07T01:24:00.000000       5632.284362861       2905.370464056       2353.683880827   -4.24842089000    4.71709631600    4.32821256600
  2026-10-07T01:28:00.000000       4417.181872845       3916.168115259       3292.395598063   -5.81454218500    3.65402834200    3.44577315300
  2026-10-07T01:31:59.999999       2875.790510460       4637.695026171       3987.215409634   -6.95065681400    2.32150509300    2.30846602400
  2026-10-07T01:35:59.999999       1122.053556532       5016.788524985       4386.789818630   -7.57320583900    0.81811857600    1.00069333100
  2026-10-07T01:40:00.000000       -714.505972000       5025.585677399       4461.636568074   -7.63662488000   -0.74520670800   -0.38079496700
  2026-10-07T01:44:00.000000      -2498.332636892       4663.510140300       4206.278049760   -7.13650003200   -2.25340742000   -1.73398272900
  2026-10-07T01:47:59.999999      -4097.781091651       3957.273036075       3639.601985184   -6.10960972200   -3.59548177500   -2.95900888400
  2026-10-07T01:51:59.999999      -5394.757997184       2958.940012644       2803.504266931   -4.63150621000   -4.67244293100   -3.96520299900
  2026-10-07T01:56:00.000000      -6293.461380673       1742.150806144       1759.836846529   -2.81123611400   -5.40462698000   -4.67797384600
  2026-10-07T02:00:00.000000      -6727.510205568        396.725358066        585.857615283   -0.78348944500   -5.73774117800   -5.04435381500
  2026-10-07T02:03:59.999999      -6664.962101141       -977.994530189       -631.497978683    1.30129631200   -5.64728363600   -5.03723367400
  2026-10-07T02:07:59.999999      -6110.706303800      -2280.575570639      -1802.135440045    3.28861515800   -5.14043174100   -4.65756337000
  2026-10-07T02:12:00.000000      -5106.012369993      -3415.068012572      -2839.557978752    5.03175062600   -4.25534904600   -3.93411939900
  2026-10-07T02:16:00.000000      -3725.307828887      -4298.097166689      -3667.282765713    6.40280155600   -3.05794690400   -2.92100515000
  2026-10-07T02:19:59.999999      -2070.524212365      -4864.930200923      -4224.434779933    7.30181548600   -1.63666540300   -1.69332553300
  2026-10-07T02:23:59.999999       -263.512963952      -5074.105368873      -4470.118360573    7.66368061500   -0.09577125400   -0.34142858400
  2026-10-07T02:28:00.000000       1562.867605864      -4910.335350628      -4386.302679271    7.46223063700    1.45216946300    1.03562947700
  2026-10-07T02:32:00.000000       3274.339368447      -4385.564725909      -3979.085848646    6.71188676100    2.89409799400    2.33699254500
  2026-10-07T02:35:59.999999       4744.896986910      -3538.145418718      -3278.285137337    5.46680295700    4.12430734400    3.46701889200
  2026-10-07T02:39:59.999999       5865.981875954      -2430.157989613      -2335.362458100    3.81745239600    5.05198730500    4.34209090000
  2026-10-07T02:44:00.000000       6554.533168748      -1142.996636292      -1219.765483427    1.88458269000    5.60800999800    4.89689405500
  2026-10-07T02:48:00.000000       6759.283268625        228.511832402        -13.898902665   -0.18915482500    5.75039220300    5.08954185500
  2026-10-07T02:51:59.999999       6464.771754752       1583.129486201       1192.980647944   -2.25000016000    5.46805943600    4.90521572000
  2026-10-07T02:55:59.999999       5692.590128198       2820.775095741       2311.452622428   -4.14492511300    4.78168004900    4.35740509800
  2026-10-07T03:00:00.000000       4499.794211169       3850.012599874       3258.650968138   -5.73330344100    3.74215282500    3.48686202500
  2026-10-07T03:04:00.000000       2974.610528293       4594.875915012       3964.462071767   -6.89767297900    2.42664783100    2.35840351800
  2026-10-07T03:08:00.000000       1229.786910481       5000.479553575       4376.719410769   -7.55236834700    0.93252577600    1.05580159300
  2026-10-07T03:11:59.999999       -605.811359107       5037.002566334       4465.009380671   -7.64950240000   -0.63000221200   -0.32458562900
  2026-10-07T03:15:59.999999      -2396.701090374       4701.818298825       4222.851819800   -7.18211206800   -2.14589598900   -1.68085890500
  2026-10-07T03:20:00.000000      -4010.712972859       4019.660252318       3668.162978399   -6.18461816000   -3.50357915700   -2.91286154400
  2026-10-07T03:24:00.000000      -5328.688107081       3040.816140748       2841.954996254   -4.73039399900   -4.60294540900   -3.92944286800
  2026-10-07T03:27:59.999999      -6253.276176629       1837.484647131       1805.349675639   -2.92672943900   -5.36267834200   -4.65525094400
  2026-10-07T03:31:59.999999      -6716.194837662        498.481759883        635.075226103   -0.90707137700   -5.72651089000   -5.03640876900
  2026-10-07T03:36:00.000000      -6683.354465152       -877.336405903       -582.218539141    1.17886444900   -5.66760375300   -5.04465916500
  2026-10-07T03:40:00.000000      -6157.432607170      -2188.448490685      -1756.434475407    3.17639595200   -5.19075142500   -4.67976751900
  2026-10-07T03:43:59.999999      -5177.606058296      -3338.261909515      -2800.802081076    4.93802043900   -4.33190428500   -3.96942648100
  2026-10-07T03:47:59.999999      -3816.474350098      -4242.260490751      -3638.318774769    6.33442414500   -3.15505235600   -2.96678973000
  2026-10-07T03:52:00.000000      -2174.538432433      -4834.160340496      -4207.382886179    7.26378773200   -1.74715645600   -1.74619068900
  2026-10-07T03:56:00.000000       -372.715220527      -5070.652033694      -4466.216637795    7.65872406700   -0.21151832700   -0.39747529100
  2026-10-07T03:59:59.999999       1456.502434286      -4934.445620264      -4395.825885934    7.49068395400    1.33963000900    0.98048497000
  2026-10-07T04:03:59.999999       3178.629946534      -4435.470031160      -4001.331354881    6.77169278900    2.79300260100    2.28676822600
  2026-10-07T04:08:00.000000       4666.890759268      -3610.186016755      -3311.620950012    5.55363034900    4.04208532600    3.42539868300
  2026-10-07T04:12:00.000000       5811.441942773      -2519.042417092      -2377.337534235    3.92497155700    4.99471273600    4.31216318200
  2026-10-07T04:15:59.999999       6527.508414522      -1242.187008770      -1267.288498729    2.00495455000    5.57994931100    4.88088386800
  2026-10-07T04:19:59.999999       6761.806501710        126.335204714        -63.456898127   -0.06484256700    5.75373701900    5.08871105000
  2026-10-07T04:24:00.000000       6496.671647819       1485.519263667       1145.061445611   -2.13101987300    5.50252111900    4.91961082600
  2026-10-07T04:28:00.000000       5751.527612904       2734.937605160       2268.718721936   -4.03997868600    4.84472691600    4.38596126300
  2026-10-07T04:31:59.999999       4581.441081190       3782.298418711       3224.274314681   -5.65019282900    3.82919480600    3.52751350100
  2026-10-07T04:35:59.999999       3072.943961375       4550.299918174       3940.998880358   -6.84259920500    2.53122163900    2.40813226100
  2026-10-07T04:40:00.000000       1337.545043670       4982.339913216       4365.916226796   -7.52938691500    1.04689345200    1.11091514400
  2026-10-07T04:44:00.000000       -496.582905353       5046.646766644       4467.672386437   -7.66030773500   -0.51427533900   -0.26817210100
  2026-10-07T04:47:59.999999      -2294.067761788       4738.539480226       4238.793738742   -7.22592239200   -2.03738924100   -1.62730563200
  2026-10-07T04:51:59.999999      -3922.251291789       4080.743712064       3696.211563686   -6.25817479600   -3.41031856200   -2.86615497200
  2026-10-07T04:56:00.000000      -5260.925394653       3121.752402413       2880.036483462   -4.82825336400   -4.53179200800   -3.89306805900
  2026-10-07T05:00:00.000000      -6211.205786573       1932.303706002       1850.643953051   -3.04164762300   -5.31885174700   -4.63188417400
  2026-10-07T05:03:59.999999      -6702.917356916        600.195930073        684.237164711   -1.03061996700   -5.71323430300   -5.02774165500
  2026-10-07T05:07:59.999999      -6699.858927812       -776.228525186       -532.819882338    1.05577888600   -5.68591349900   -5.05138113000
  2026-10-07T05:12:00.000000      -6202.500123999      -2095.412272325      -1710.458278264    3.06293334800   -5.23927718600   -4.70137823500
  2026-10-07T05:16:00.000000      -5247.903383959      -3260.155361115      -2761.647531100    4.84253257900   -4.40701487700   -4.00430843800
  2026-10-07T05:19:59.999999      -3906.816076272      -4184.832338932      -3608.877865776    6.26389349500   -3.25120052800   -3.01235318800
  2026-10-07T05:23:59.999999      -2278.276455790      -4801.638675783      -4189.829871881    7.22336870800   -1.85728516000   -1.79908517200
  2026-10-07T05:28:00.000000       -482.221876631      -5065.440330717      -4461.855755585    7.65137393100   -0.32757543300   -0.45383841100
  2026-10-07T05:32:00.000000       1349.280126429      -4956.949526511      -4404.994573629    7.51695525000    1.22613935500    0.92479412300
  2026-10-07T05:35:59.999999       3081.584333772      -4484.068056274      -4023.376082751    6.82971248900    2.69038029700    2.23581501800
  2026-10-07T05:39:59.999999       4587.184351871      -3681.343513283      -3344.947510131    5.63923506100    3.95788116000    3.38292180600
  2026-10-07T05:44:00.000000       5754.989428884      -2607.557220465      -2419.518026173    4.03196638300    4.93518203800    4.28132609800
  2026-10-07T05:48:00.000000       6498.529174902      -1341.559816440      -1315.228247892    2.12548521800    5.54957580900    4.86403889500
  2026-10-07T05:51:59.999999       6762.494033114         23.426480322       -113.619244955    0.06032026200    5.75482799700    5.08714968900
  2026-10-07T05:55:59.999999       6527.028059337       1386.673822923       1096.389666462   -2.01050768600    5.53510159000    4.93353487000
  2026-10-07T06:00:00.000000       5809.331556681       2647.471013425       2225.153632465   -3.93318954600    4.90636353100    4.41430819200
  2026-10-07T06:04:00.000000       4662.429618628       3712.667802727       3189.037964724   -5.56496658300    3.91527875300    3.56815210400
  2026-10-07T06:08:00.000000       3171.148923702       4503.647965898       3916.701383700   -6.78525346000    2.63544202300    2.45808099000
  2026-10-07T06:11:59.999999       1445.711489790       4962.114989509       4354.355057341   -7.50423953000    1.16151267800    1.16643093900
  2026-10-07T06:15:59.999999       -386.451482719       5054.326662663       4469.690056421   -7.66916870400   -0.39779654500   -0.21123478200
  2026-10-07T06:20:00.000000      -2190.098853855       4773.536877458       4254.223612391   -7.26809733900   -1.92763129500   -1.57317188300
  2026-10-07T06:24:00.000000      -3832.112219017       4140.457920448       3723.893451294   -6.33052747800   -3.31537810100   -2.81882199700
  2026-10-07T06:27:59.999999      -5191.255687265       3201.759323658       2917.902736239   -4.92541462300   -4.45867630700   -3.85605857700
  2026-10-07T06:31:59.999999      -6167.122952772       2026.680088801       1895.870171577   -3.15637439300   -5.27295542100   -4.60794277900
  2026-10-07T06:36:00.000000      -6687.632471981        701.966779741        733.457956617   -1.15438798100   -5.69788146100   -5.01859472100
  2026-10-07T06:40:00.000000      -6714.455995839       -674.563701244       -483.254830239    0.93205408100   -5.70212890400   -5.05767522300
  2026-10-07T06:43:59.999999      -6245.875625713      -2001.328390819      -1664.224607721    2.94832511200   -5.28584581200   -4.72267426600
  2026-10-07T06:47:59.999999      -5316.834512128      -3180.565737894      -2722.173994692    4.74548321500   -4.48047886300   -4.03898777400
  2026-10-07T06:52:00.000000      -3996.207994096      -4125.576513027      -3579.082566097    6.19148232800   -3.34613951400   -3.05782389500
  2026-10-07T06:56:00.000000      -2381.545218865      -4767.062109591      -4171.914234811    7.18083814200   -1.96674761800   -1.85200540000
  2026-10-07T06:59:59.999999       -591.777109209      -5058.085677467      -4457.152263147    7.64183876400   -0.44357214600   -0.51034103200
  2026-10-07T07:03:59.999999       1241.492396743      -4977.373605727      -4413.869199767    7.54114231500    1.11206562800    0.86883961600
  2026-10-07T07:08:00.000000       2983.501202716      -4530.797577307      -4045.199014634    6.88591087100    2.58659250200    2.18453910400
  2026-10-07T07:12:00.000000       4506.045449107      -3750.974030527      -3378.132014017    5.72337599900    3.87200547700    3.34010028900
  2026-10-07T07:15:59.999999       5696.805912439      -2694.996341829      -2461.640004031    4.13794732700    4.87357566600    4.25013357100
  2026-10-07T07:19:59.999999       6467.640641743      -1440.391850893      -1363.195552229    2.24556290100    5.51684912500    4.84684072300
  2026-10-07T07:24:00.000000       6761.234751675        -79.521829099       -163.889865989    0.18561519200    5.75348091100    5.08528095400
  2026-10-07T07:28:00.000000       6555.536606122       1287.207237715       1047.537138110   -1.88927587100    5.56528927500    4.94714832900
  2026-10-07T07:31:59.999999       5865.539817859       2558.840924377       2181.342657044   -3.82504623100    4.96592244100    4.44244992000
  2026-10-07T07:35:59.999999       4742.194577697       3641.432855598       3153.521671973   -5.47803019400    3.99976706400    3.60869167900
  2026-10-07T07:40:00.000000       3268.575161276       4455.065708077       3892.103546110   -6.72591183700    2.73854868300    2.50796130800
  2026-10-07T07:44:00.000000       1553.612754938       4939.762402849       4342.489184749   -7.47683606100    1.27564016300    1.22199748600
  2026-10-07T07:47:59.999999       -276.041519758       5059.849816883       4471.433678323   -7.67579865200   -0.28108231900   -0.15410880200
  2026-10-07T07:51:59.999999      -2085.335830723       4806.509741756       4269.434481812   -7.30822450900   -1.81701798900   -1.51876887100
  2026-10-07T07:56:00.000000      -3740.722291384       4198.422233946       3751.427120714   -6.40114567400   -3.21902484000   -2.77117688800
  2026-10-07T08:00:00.000000      -5119.966467307       3280.411973221       2955.701896219   -5.02126419800   -4.38368799200   -3.81868935500
  2026-10-07T08:03:59.999999      -6121.171436136       2120.194145284       1941.119630967   -3.27035281900   -5.22486508000   -4.58360441600
  2026-10-07T08:07:59.999999      -6670.372950936        803.419612074        782.796059154   -1.27801685700   -5.68022326100   -5.00907055000
  2026-10-07T08:12:00.000000      -6727.110364275       -572.672089825       -433.484372546    0.80794330200   -5.71613984200   -5.06360745200
  2026-10-07T08:16:00.000000      -6287.454839636      -1906.512810046      -1617.695161279    2.83288556700   -5.33041899500   -4.74357596200
  2026-10-07T08:19:59.999999      -5384.220037229      -3099.798993063      -2682.310972059    4.64718898700   -4.55223749800   -4.07328685400
  2026-10-07T08:23:59.999999      -4084.394526179      -4064.775744905      -3548.811853763    6.11749446000   -3.43973087100   -3.10296686400
  2026-10-07T08:28:00.000000      -2484.017915052      -4730.664661107      -4153.452234928    7.13649061000   -2.07526554800   -1.90466255500
  2026-10-07T08:32:00.000000       -700.996415612      -5048.738575112      -4451.848682386    7.63030331200   -0.55909554100   -0.56667017000
  2026-10-07T08:35:59.999999       1133.552309390      -4995.751956284      -4422.117054337    7.56327130500    0.99795979500    0.81293517000
  2026-10-07T08:39:59.999999       2884.776980612      -4575.553816496      -4066.400485323    6.94012618900    2.48223512200    2.13316366500
  2026-10-07T08:44:00.000000       4423.814599345      -3818.826901481      -3410.734342960    5.80576171900    3.78508837300    3.29706510000
  2026-10-07T08:48:00.000000       5637.139485480      -2780.958311705      -2503.241664962    4.24244143900    4.81051858300    4.21864301600
  2026-10-07T08:51:59.999999       6434.954095608      -1538.137379133      -1410.726986147    2.36451433200    5.48231966000    4.82921882000
  2026-10-07T08:55:59.999999       6757.963487336       -181.847570229       -213.840981354    0.31026600600    5.75009338100    5.08287895300
  2026-10-07T09:00:00.000000       6581.938762864       1187.856844339        998.868217286   -1.76818865300    5.59331466700    4.96016762100
  2026-10-07T09:04:00.000000       5919.673574233       2469.798748602       2137.562290088   -3.71646576400    5.02327075400    4.46992040900
  2026-10-07T09:08:00.000000       4820.071534017       3569.273789801       3117.877955375   -5.38999045700    4.08224019800    3.64860111700
  2026-10-07T09:11:59.999999       3364.441317312       4405.120405424       3867.240166853   -6.66497227100    2.84003307400    2.55731871400
  2026-10-07T09:15:59.999999       1660.384389425       4915.712447899       4330.239162413   -7.44744634200    1.38861327100    1.27709633000
  2026-10-07T09:20:00.000000       -166.237055359       5063.465710040       4472.693964684   -7.68007987400   -0.16492584200   -0.09730650300
  2026-10-07T09:24:00.000000      -1980.600617240       4837.529057354       4284.116662051   -7.34593533200   -1.70623709500   -1.46442242900
  2026-10-07T09:27:59.999999      -3648.794518509       4254.550908853       3778.446373709   -6.46948952600   -3.12185949800   -2.72335226800
  2026-10-07T09:31:59.999999      -5047.631622077       3357.496247145       2993.055820920   -5.11517674600   -4.30730876300   -3.78093054200
  2026-10-07T09:36:00.000000      -6073.764084446       2212.534590014       1986.038674874   -3.38288232900   -5.17490254700   -4.55871913500
  2026-10-07T09:40:00.000000      -6651.381978154        904.190480933        831.946183256   -1.40080886300   -5.66035916000   -4.99891161100
  2026-10-07T09:43:59.999999      -6737.914043921       -470.912750793       -383.746612267    0.68398688200   -5.72781337200   -5.06889554700
  2026-10-07T09:47:59.999999      -6327.227846044      -1811.271494648      -1571.048193829    2.71692153700   -5.37271647400   -4.76387349600
  2026-10-07T09:52:00.000000      -5450.005022861      -3018.089183570      -2642.193200695    4.54772838100   -4.62200669100   -4.10706230000
  2026-10-07T09:56:00.000000      -4171.322461461      -4002.607932681      -3518.174761517    6.04184333000   -3.53179361100   -3.14770112600
  2026-10-07T09:59:59.999999      -2585.672826707      -4692.598729414      -4134.540464931    7.09016356400   -2.18280721700   -1.95703305200
  2026-10-07T10:03:59.999999       -809.894532865      -5037.555254920      -4446.041007778    7.61662798800   -0.67419543500   -0.62283268800
  2026-10-07T10:08:00.000000       1025.408956033      -5012.260395169      -4429.836995385    7.58320461500    0.88370583500    0.75705240000
  2026-10-07T10:12:00.000000       2785.334185778      -4618.543399269      -4087.091785211    6.99226227400    2.37716848500    2.08161524600
  2026-10-07T10:15:59.999999       4340.397308787      -3885.147146372      -3442.889220234    5.88635127200    3.69693380300    3.25367965700
  2026-10-07T10:19:59.999999       5575.909150116      -2865.738859631      -2544.497946605    4.34561168900    4.74580744800    4.18666376600
  2026-10-07T10:24:00.000000       6400.444131758      -1635.130671429      -1458.039594641    2.48262558000    5.44589419600    4.81104404800
  2026-10-07T10:28:00.000000       6752.729495289       -283.897166768       -263.714964825    0.43461733900    5.74464513000    5.07984420600
  2026-10-07T10:31:59.999999       6606.379797206       1088.286277218        950.122525587   -1.64679469700    5.61929540700    4.97254774100
  2026-10-07T10:35:59.999999       5971.983560229       2380.065269721       2093.556557589   -3.60706999400    5.07875389500    4.49679457900
  2026-10-07T10:40:00.000000       4896.374166280       3496.001425366       3081.868183291   -5.30067986300    4.16307512400    3.68794032200
  2026-10-07T10:44:00.000000       3459.096297861       4353.709434723       3841.884601265   -6.60229585600    2.94025563500    2.60622003500
  2026-10-07T10:47:59.999999       1766.395724147       4889.951486668       4317.411605091   -7.41606459700    1.50080253800    1.33193642800
  2026-10-07T10:51:59.999999        -56.697858037       5065.241875239       4473.333866877   -7.68224101100   -0.04904818600   -0.04061504300
  2026-10-07T10:56:00.000000      -1875.610314660       4866.707675931       4298.165674157   -7.38144693800   -1.59516677800   -1.41005272200
  2026-10-07T11:00:00.000000      -3556.096916997       4308.986066982       3804.866512663   -6.53580121000   -3.02376955200   -2.67527073800
  2026-10-07T11:03:59.999999      -4974.078893427       3433.169828918       3029.895240104   -5.20740349300   -4.22950878100   -3.74271955100
  2026-10-07T11:07:59.999999      -6024.788864798       2303.852132298       2030.572399049   -3.49419526000   -5.12314944900   -4.53321794700
  2026-10-07T11:12:00.000000      -6630.597184036       1004.399260941        880.875082198   -1.52295501300   -5.63847827400   -4.98801281400
  2026-10-07T11:16:00.000000      -6746.841217020       -369.220879086       -334.045738403    0.56008165800   -5.73740296000   -5.07339523000
  2026-10-07T11:19:59.999999      -6365.184123014      -1715.604539837      -1524.248990533    2.60041279300   -5.41301502400   -4.78339996000
  2026-10-07T11:23:59.999999      -5514.166299174      -2935.497203140      -2601.745651176    4.44720674600   -4.68997922500   -4.14013574700
  2026-10-07T11:28:00.000000      -4256.940516131      -3939.162394315      -3487.053017910    5.96465117200   -3.62238512400   -3.19185785700
  2026-10-07T11:32:00.000000      -2686.433685639      -4652.956388647      -4115.028298423    7.04194235400   -2.28934488700   -2.00901986100
  2026-10-07T11:35:59.999999       -918.378005727      -5024.619453946      -4439.564835700    7.60088044100   -0.78883929700   -0.67880630800
  2026-10-07T11:39:59.999999        917.178833274      -5026.970623071      -4436.861939099    7.60104648200    0.76938769300    0.70120849800
  2026-10-07T11:44:00.000000       2685.306320805      -4659.809582909      -4107.095364671    7.04235521900    2.27154273000    2.02996165400
  2026-10-07T11:48:00.000000       4255.922586388      -3949.939599661      -3474.406779381    5.96509366300    3.60771753800    3.20998176300
  2026-10-07T11:51:59.999999       5513.221229242      -2949.297576713      -2585.214288148    4.44730035800    4.67961205500    4.15418698300
  2026-10-07T11:55:59.999999       6364.179396914      -1731.300899824      -1504.948049363    2.59976799500    5.40765642200    4.79225440400
  2026-10-07T12:00:00.000000       6745.569775147       -385.580756875       -313.337072949    0.55850435200    5.73722179400    5.07615108100
  2026-10-07T12:04:00.000000       6628.848414367        988.595462841        901.461044899   -1.52530801400    5.64322844000    4.98420143600
  2026-10-07T12:08:00.000000       6022.416815172       2289.729658515       2049.459406611   -3.49696514300    5.13229810100    4.52293450700
  2026-10-07T12:11:59.999999       4971.037226692       3421.695263113       3045.597854274   -5.21012542000    4.24227401300    3.72661146700
  2026-10-07T12:15:59.999999       3552.461818965       4300.917087980       3816.117784267   -6.53795314600    3.03922119800    2.65453279800
  2026-10-07T12:20:00.000000       1871.569721124       4862.563854711       4304.046817586   -7.38261547600    1.61224346900    1.38634688300
  2026-10-07T12:24:00.000000         52.520391842       5065.281559324       4473.362986907   -7.68219240500    0.06664462200    0.01588901700
  2026-10-07T12:27:59.999999      -1770.409863751       4894.168453961       4311.586621986   -7.41476647600   -1.48375142300   -1.35565037600
  2026-10-07T12:31:59.999999      -3462.675544889       4361.850302148       3830.685783162   -6.60003302400   -2.92479173700   -2.62699015600
  2026-10-07T12:36:00.000000      -4899.335493882       3507.558259979       3066.208796910   -5.29787945300   -4.15023923900   -3.70409418300
  2026-10-07T12:40:00.000000      -5974.263716149       2394.290740617       2074.701427588   -3.60428484700   -5.06950343500   -4.50711576200
  2026-10-07T12:43:59.999999      -6608.044847544       1104.216640104        929.559934549   -1.64452427500   -5.61445674500   -4.97639289300
  2026-10-07T12:47:59.999999      -6753.944489146       -267.396425433       -284.409764031    0.43606210400   -5.74480148900   -5.07713187600
  2026-10-07T12:52:00.000000      -6401.425580903      -1619.292990621      -1477.333614126    2.48312370700   -5.45127040400   -4.80219345000
  2026-10-07T12:56:00.000000      -5576.875899716      -2851.806209150      -2561.018204985    4.34528834900   -4.75623986000   -4.17258282700
  2026-10-07T12:59:59.999999      -4341.500644574      -3874.263415460      -3455.518857172    5.88560485800   -3.71175256800   -3.23554345100
  2026-10-07T13:03:59.999999      -2786.622401901      -4611.632402134      -4095.010111513    6.99154530700   -2.39522528300   -2.06071323200
  2026-10-07T13:08:00.000000      -1026.831336207      -5009.918449375      -4432.540690692    7.58283870800   -0.90344541400   -0.73472774900
  2026-10-07T13:12:00.000000        808.435934475      -5039.982409799      -4443.355538284    7.61668717300    0.65447545800    0.64517566300
  2026-10-07T13:15:59.999999       2584.271277712      -4699.587691410      -4126.635125423    7.09054082200    2.16478168500    1.97794847300
  2026-10-07T13:19:59.999999       4170.024390331      -4013.568052349      -3505.563008566    6.04228635100    3.51695150400    3.16578248100
  2026-10-07T13:24:00.000000       5448.789940114      -3032.107618916      -2625.708438388    4.54791394700    4.61153176700    4.12106212300
  2026-10-07T13:28:00.000000       6325.985685206      -1827.198782672      -1551.801651214    2.71644157700    5.36735927000    4.77272554700
  2026-10-07T13:31:59.999999       6736.447660894       -487.487293265       -363.083570598    0.68257267600    5.72776339800    5.07172744000
  2026-10-07T13:35:59.999999       6649.463090425        888.212799508        852.508860113   -1.40311554300    5.66530451900    4.99520029500
  2026-10-07T13:40:00.000000       6071.221618910       2198.284998881       2004.924330359   -3.38569818300    5.18423487300    4.54851259200
  2026-10-07T13:44:00.000000       5044.403053461       3345.931814007       3008.769165503   -5.11798071600    4.32020439800    3.76485465700
  2026-10-07T13:47:59.999999       3644.948479244       4246.416724814       3789.711442630   -6.47173874200    3.13737670600    2.70259189900
  2026-10-07T13:51:59.999999       1976.329392880       4833.331937571       4289.998919955   -7.34718318600    1.72335018100    1.44063349700
  2026-10-07T13:56:00.000000        161.813334417       5063.455880725       4472.694000073   -7.68007215300    0.18252100000    0.07241513300
  2026-10-07T14:00:00.000000      -1664.647942200       4919.874371756       4324.340328361   -7.44613503700   -1.37162661600   -1.30101779900
  2026-10-07T14:03:59.999999      -3368.252384049       4413.180498350       3855.916052768   -6.66256366800   -2.82469245500   -2.57829569000
  2026-10-07T14:07:59.999999      -4823.219136417       3580.722502565       3102.045127485   -5.38696616000   -4.06951252500   -3.66495830300
  2026-10-07T14:12:00.000000      -5922.074310417       2483.896030268       2118.483840608   -3.71336097900   -5.01406030000   -4.48044712700
  2026-10-07T14:16:00.000000      -6583.642982171       1203.665601090        978.038638506   -1.76557896600   -5.58838002600   -4.96416803000
  2026-10-07T14:19:59.999999      -6759.145956041       -165.431048645       -234.831865379    0.31195221700   -5.75004047500   -5.08025015100
  2026-10-07T14:23:59.999999      -6435.859987237      -1522.329072780      -1430.332202134    2.36514066400   -5.48745614200   -4.82041126100
  2026-10-07T14:28:00.000000      -5638.011285294      -2766.994138895      -2520.073853365    4.24213818800   -4.82069010800   -4.20452405700
  2026-10-07T14:32:00.000000      -4424.838820108      -3807.853642130      -3423.660039008    5.80487447100   -3.79970204600   -3.27884464200
  2026-10-07T14:35:59.999999      -2886.034030255      -4568.516226031      -4074.594039133    6.93914745400   -2.50019236100   -2.11217487800
  2026-10-07T14:39:59.999999      -1135.013017157      -4993.276585521      -4425.079312476    7.56260808600   -1.01774302400   -0.79055941400
  2026-10-07T14:44:00.000000        699.435096302      -5051.056157848      -4449.410672145    7.63014096200    0.53923892300    0.58906641000
  2026-10-07T14:48:00.000000       2482.469359920      -4737.579505395      -4145.774103748    7.13672043400    2.05708543200    1.92570135700
  2026-10-07T14:51:59.999999       4082.920931162      -4075.697679649      -3536.385706419    6.11782451200    3.42474465000    3.12126640700
  2026-10-07T14:55:59.999999       5382.800733467      -3113.813775531      -2665.953806223    4.64725321500    4.54160894900    4.08754015400
  2026-10-07T15:00:00.000000       6285.986211164      -1922.476696692      -1598.515734627    2.83235920400    5.32489976800    4.75268902500
  2026-10-07T15:04:00.000000       6725.410872547       -589.314484134       -412.818488626    0.80649657200    5.71600149700    5.06676168400
  2026-10-07T15:08:00.000000       6668.204057235        787.363249151        803.441566306   -1.28044964200    5.68515939600    5.00568828800
  2026-10-07T15:11:59.999999       6118.331412365       2105.868246292       1960.158150927   -3.27342955000    5.23421213300    4.57363678400
  2026-10-07T15:15:59.999999       5116.363704339       3268.769279515       2971.609448036   -5.02444314900    4.39653754700    3.80271307100
  2026-10-07T15:20:00.000000       3736.408623120       4190.182069314       3762.888339853   -6.40378102700    3.23436088400    2.75033794500
  2026-10-07T15:24:00.000000       2080.511027069       4802.147039925       4275.472513322   -7.30977372200    1.83381930100    1.49471786300
  2026-10-07T15:27:59.999999        271.010776402       5059.591722670       4471.509566813   -7.67593178400    0.29830956700    0.12882089400
  2026-10-07T15:31:59.999999      -1558.495759830       4943.584408192       4336.555307266   -7.47548333200   -1.25903900100   -1.24644455700
  2026-10-07T15:36:00.000000      -3272.968938169       4462.697652280       3880.608614962   -6.72324014300   -2.72355669200   -2.52952949000
  2026-10-07T15:40:00.000000      -4745.832612280       3652.377564842       3137.380669941   -5.47450373600   -3.98730472700   -3.62557906300
  2026-10-07T15:43:59.999999      -5868.291472431       2572.384933623       2161.844085670   -3.82129747300   -4.95685572800   -4.45337092900
  2026-10-07T15:47:59.999999      -6557.424609009       1302.440243535       1026.211109915   -1.88591713700   -5.56039907300   -4.95138667400
  2026-10-07T15:52:00.000000      -6762.411620525        -63.673435253       -185.411157137    0.18811582800   -5.75331078200   -5.08269821300
  2026-10-07T15:56:00.000000      -6468.350007865      -1425.097669670      -1383.320742406    2.24694075700   -5.52165220300   -4.83791245900
  2026-10-07T15:59:59.999999      -5697.317191125      -2681.445280947      -2478.948634560    4.13824354200   -4.88324425900   -4.23576532600
  2026-10-07T16:03:59.999999      -4506.588783603      -3740.278943506      -3391.457188858    5.72288331300   -3.88601143700   -3.32149563100
  2026-10-07T16:08:00.000000      -2984.211866271      -4523.886462748      -4053.688161763    6.88508966100   -2.60390647100   -2.16308309700
  2026-10-07T16:12:00.000000      -1242.395405827      -4974.871301098      -4417.011201850    7.54042000000   -1.13122154400   -0.84597379900
  2026-10-07T16:15:59.999999        590.739095953      -5060.231551670      -4454.778322473    7.64144722800    0.42428994300    0.53320845100
  2026-10-07T16:19:59.999999       2380.450951095      -4773.673767435      -4164.189414254    7.18073232200    1.94910040800    1.87350249700
  2026-10-07T16:24:00.000000       3995.092555128      -4136.066636518      -3566.500513718    6.19134360300    3.33169734100    3.07657744700
  2026-10-07T16:28:00.000000       5315.639655286      -3194.018311379      -2705.552587243    4.74488901200    4.47038537500    4.05368951500
  2026-10-07T16:31:59.999999       6244.444200965      -2016.611394172      -1644.679147618    2.94689864100    5.28074725600    4.73215739000
  2026-10-07T16:35:59.999999       6712.562373069       -690.449614015       -462.152807768    0.92961317700    5.70220006500    5.06104965900
  2026-10-07T16:40:00.000000       6685.028314178        686.694803120        754.578796517   -1.15784280100    5.70283757400    5.01531234000
  2026-10-07T16:44:00.000000       6163.602006814       2013.116260751       1915.387513546   -3.16046586700    5.28209528900    4.59790155600
  2026-10-07T16:47:59.999999       5186.737350114       3190.801503942       2934.248972465   -4.92951945600    4.47108549900    3.83981141200
  2026-10-07T16:51:59.999999       3826.676551070       4132.766666056       3735.703458979   -6.33395113400    3.33001082800    2.79750410100
  2026-10-07T16:56:00.000000       2183.996836852       4769.520318136       4260.470537101   -7.27012352100    1.94346539300    1.54845177100
  2026-10-07T17:00:00.000000        380.078874661       5054.161909378       4469.801597279   -7.66935491700    0.41391095000    0.18518800100
  2026-10-07T17:03:59.999999      -1451.896428290       4965.763277830       4348.275886665   -7.50250369700   -1.14599652200   -1.19160267400
  2026-10-07T17:07:59.999999      -3176.710404299       4510.859653608       3904.898820855   -6.78186470300   -2.62141005300   -2.48027811300
  2026-10-07T17:12:00.000000      -4667.027246278       3722.985212553       3172.449240087   -5.56042644500   -3.90356228900   -3.58556661600
  2026-10-07T17:16:00.000000      -5812.771924949       2660.246536949       2205.105545584   -3.92823162500   -4.89771658600   -4.42553099100
  2026-10-07T17:19:59.999999      -6529.316311498       1401.080008217       1074.474579237   -2.00599001600   -5.53027926400   -4.93780557600
  2026-10-07T17:23:59.999999      -6763.814289580         38.465880076       -135.712906884    0.06379118400   -5.75445459100   -5.08440226700
  2026-10-07T17:28:00.000000      -6499.179697881      -1327.001348750      -1335.863237754    2.12756478000   -5.55399549300   -4.85476361300
  2026-10-07T17:32:00.000000      -5755.309679943      -2594.639406673      -2437.238431214    4.03267640700   -4.94439594100   -4.26650598400
  2026-10-07T17:35:59.999999      -4587.464757083      -3671.166756191      -3358.570438636    5.63891959700   -3.97137046400   -3.36381985900
  2026-10-07T17:39:59.999999      -3082.020991689      -4477.547589726      -4032.045623799    6.82880599600   -2.70716563900   -2.21389090400
  2026-10-07T17:44:00.000000      -1349.955393164      -4954.719914342      -4408.215124909    7.51595887400   -1.24484617800   -0.90155661900
  2026-10-07T17:48:00.000000        481.332628180      -5067.760630639      -4459.486071329    7.65061836300    0.30866432500    0.47695075900
  2026-10-07T17:51:59.999999       2277.242637763      -4808.344146162      -4182.066558094    7.22289487500    1.83993935900    1.82069376500
  2026-10-07T17:55:59.999999       3905.681338329      -4195.349513852      -3596.241576290    6.26346150400    3.23702699300    3.03114111400
  2026-10-07T18:00:00.000000       5246.623733329      -3273.568517897      -2744.969523287    4.84169188800    4.39721455700    4.01899158200
  2026-10-07T18:04:00.000000       6200.927901162      -2110.577117839      -1690.865887982    3.06127153400    5.23454677100    4.71080507700
  2026-10-07T18:08:00.000000       6697.763032478       -791.902523538       -511.691083649    1.05306191800    5.68637766100    5.05463662800
  2026-10-07T18:11:59.999999       6700.044094207        585.225341968        705.352941529   -1.03435544400    5.71853156200    5.02432740300
  2026-10-07T18:15:59.999999       6207.343090265       1919.110744715       1870.129445169   -3.04607435600    5.32822328600    4.62174871700
  2026-10-07T18:20:00.000000       5255.979058733       3111.200107653       2896.325808013   -4.83272786200    4.54425378200    3.87670478000
  2026-10-07T18:24:00.000000       3916.305102170       4073.451111836       3707.932414312   -6.26190377100    3.42485192700    2.84468340100
  2026-10-07T18:27:59.999999       2287.387424524       4734.881641295       4244.910838408   -7.22820008400    2.05297684100    1.60238974400
  2026-10-07T18:31:59.999999        489.587528399       5046.759713050       4467.598313641   -7.66059399100    0.52996467700    0.24186941900
  2026-10-07T18:36:00.000000      -1344.348995952       4986.147993220       4359.592360344   -7.52751914200   -1.03191620900   -1.13631032400
  2026-10-07T18:40:00.000000      -3079.066392611       4557.541909005       3928.908965297   -6.83886816900   -2.51770411600   -2.43044595500
  2026-10-07T18:43:59.999999      -4586.507010222       3792.533117934       3207.387751545   -5.64523765700   -3.81790442600   -3.54490217200
  2026-10-07T18:47:59.999999      -5755.333377635       2747.536145350       2248.390587376   -4.03457077700   -4.83644354700   -4.39707467000
  2026-10-07T18:52:00.000000      -6499.208074600       1499.678128213       1122.903080878   -2.12599568000   -5.49790065100   -4.92367137900
  2026-10-07T18:56:00.000000      -6763.267254941        141.104333682        -85.728906721   -0.06101220800   -5.75337186200   -5.08565176500
  2026-10-07T18:59:59.999999      -6528.233369921      -1227.890721694      -1288.026517792    2.00723445100   -5.58428844500   -4.87129028000
  2026-10-07T19:03:59.999999      -5811.808068804      -2506.357232018      -2395.085726376    3.92571218900   -5.00377328100   -4.29704802200
  2026-10-07T19:08:00.000000      -4667.232130292      -3600.204727582      -3325.210865049    5.55317913200   -4.05544383100   -3.40609826000
  2026-10-07T19:12:00.000000      -3179.166742530      -4429.121246992      -4009.931410788    6.77061582300   -2.80971219400   -2.26472857500
  2026-10-07T19:15:59.999999      -1457.318878856      -4932.369898001      -4398.954051310    7.48949719900   -1.35826458000   -0.95717225500
  2026-10-07T19:19:59.999999        371.638773713      -5073.112867539      -4463.745207717    7.65779673900    0.19264843300    0.42059034300
  2026-10-07T19:24:00.000000       2173.282334824      -4840.995993071      -4199.523935065    7.26320075300    1.72986342900    1.76774844900
  2026-10-07T19:28:00.000000       3815.098151456      -4252.891843566      -3625.604163475    6.33395098600    3.14095873300    2.98548702600
  2026-10-07T19:31:59.999999       5176.087807079      -3351.762907633      -2784.067038098    4.93722134600    4.32224999400    3.98403008200
  2026-10-07T19:35:59.999999       6155.634788010      -2203.660455233      -1736.803681752    3.17480795800    5.18621162700    4.68912075300
  2026-10-07T19:40:00.000000       6681.054277147       -893.009374306       -561.065943952    1.17624840100    5.66827270700    5.04786283100
  2026-10-07T19:44:00.000000       6713.147292615        483.560839627        656.204062583   -0.91065903800    5.73201491100    5.03296829400
  2026-10-07T19:47:59.999999       6249.274369420       1824.392002757       1824.848777075   -2.93101810300    5.37224661400    4.64513680900
  2026-10-07T19:51:59.999999       5323.632242632       3030.406498371       2858.267041956   -4.73476756900    4.61556100600    3.91313115100
  2026-10-07T19:56:00.000000       4004.676514625       4012.537159360       3679.919381053   -6.18828004400    3.51817220200    2.89143891200
  2026-10-07T20:00:00.000000       2389.952518291       4698.334911545       4229.017038457   -7.18427680400    2.16147937900    1.65601460700
  2026-10-07T20:03:59.999999        598.773349063       5037.286787108       4465.007852671   -7.64969168900    0.64566815700    0.29840199300
  2026-10-07T20:07:59.999999      -1236.612341724       5004.449946868       4370.493848266   -7.55041409800   -0.91759844500   -1.08111008500
  2026-10-07T20:12:00.000000      -2980.730483561       4602.267855196       3952.491050901   -6.89383162900   -2.41317905100   -2.38062345200
  2026-10-07T20:16:00.000000      -4504.831174263       3860.388520355       3241.909834964   -5.72825417400   -3.73088413500   -3.50412431600
  2026-10-07T20:19:59.999999      -5696.355216530       2833.512653868       2291.301325836   -4.13951771000   -4.77339482500   -4.36838434500
  2026-10-07T20:23:59.999999      -6467.281239615       1597.422830751       1171.025945134   -2.24507359900   -5.46349202100   -4.90920212800
  2026-10-07T20:28:00.000000      -6760.736064555        243.395631045        -35.957851885   -0.18537066800   -5.75011962300   -5.08646684400
  2026-10-07T20:32:00.000000      -6555.260845321      -1128.599710439      -1240.286829598    1.88679393600   -5.61238018900   -4.88729233300
  2026-10-07T20:35:59.999999      -5866.376156539      -2417.381943945      -2352.899368617    3.81806768200   -5.06110145700   -4.32702717100
  2026-10-07T20:39:59.999999      -4745.294671487      -3528.087499651      -3291.680394293    5.46624278900   -4.13772455300   -3.44780273900
  2026-10-07T20:44:00.000000      -3274.956826305      -4379.151206611      -3987.514826372    6.71072251000   -2.91085110100   -2.31506881000
  2026-10-07T20:48:00.000000      -1563.778831753      -4908.203917971      -4389.289789212    7.46103006700   -1.47083008200   -1.01243976500
  2026-10-07T20:51:59.999999        262.347072741      -5076.508355306      -4467.526504026    7.66277753300    0.07694451800    0.36449924300
  2026-10-07T20:55:59.999999       2069.183047935      -4871.694172943      -4216.459802824    7.30124538500    1.61944053100    1.71488652600
  2026-10-07T21:00:00.000000       3723.848418047      -4308.637140305      -3654.446926235    6.40232594500    3.04394941100    2.93973713900
  2026-10-07T21:04:00.000000       5104.408229287      -3428.454482795      -2822.693485581    5.03094293500    4.24578840800    3.94876001000
  2026-10-07T21:08:00.000000       6108.822076778      -2295.650457771      -1782.363166677    3.28702263000    5.13598281500    4.66697791900
  2026-10-07T21:11:59.999999       6662.571920821       -993.509065947       -610.188560431    1.29865280800    5.64802934900    5.04049468700
  2026-10-07T21:15:59.999999       6724.365503580        381.975001129        607.153058563   -0.78709947500    5.74327151000    5.04093628000
  2026-10-07T21:20:00.000000       6289.364691285       1729.229330254       1779.503073589   -2.81548021000    5.41418893100    4.66785453000
  2026-10-07T21:24:00.000000       5389.623320632       2948.699793675       2819.982217741   -4.63578656000    4.68504629300    3.94888661500
  2026-10-07T21:27:59.999999       4091.692046633       3950.315638441       3651.525777042   -6.11313731100    3.61005356800    2.93760080200
  2026-10-07T21:31:59.999999       2491.566908138       4660.184999141       4212.616739226   -7.13850437000    2.26895100200    1.70916668900
  2026-10-07T21:36:00.000000        707.496031398       5026.022662079       4461.815991361   -7.63660844200    0.76087087700    0.35465268200
  2026-10-07T21:40:00.000000      -1128.804643341       5020.916561276       4380.761637958   -7.57108648700   -0.80315515000   -1.02590448500
  2026-10-07T21:43:59.999999      -2881.808330689       4645.252955503       3975.463489566   -6.94673286100   -2.30801068900   -2.33062230700
  2026-10-07T21:47:59.999999      -4422.098223480       3926.716665836       3275.882718960   -5.80942926600   -3.64272454200   -3.46302184700
  2026-10-07T21:52:00.000000      -5635.918206700       2918.294440982       2333.759727342   -4.24299924200   -4.70873236200   -4.33921963100
  2026-10-07T21:56:00.000000      -6433.605414898       1694.402773197       1218.823373062   -2.36321004400   -5.42713420200   -4.89414557900
  2026-10-07T21:59:59.999999      -6756.302943137        345.412763248         13.639053801   -0.30940706700   -5.74475997800   -5.08662045800
  2026-10-07T22:03:59.999999      -6580.384070395      -1029.076553445      -1192.561162186    1.76606032600   -5.63838408900   -4.90262918500
  2026-10-07T22:08:00.000000      -5919.180773744      -2327.686644477      -2310.569376016    3.70954795000   -5.11648252300   -4.35637255800
  2026-10-07T22:12:00.000000      -4821.869594400      -3454.816590708      -3257.865344782    5.37789148500   -4.21835853400   -3.48896985100
  2026-10-07T22:15:59.999999      -3369.650949637      -4327.683262983      -3964.700357820    6.64899761800   -3.01078144400   -2.36500053100
  2026-10-07T22:19:59.999999      -1669.622773530      -4882.311217287      -4379.147610924    7.43040995200   -1.58271805700   -1.06746357900
  2026-10-07T22:24:00.000000        153.134382014      -5078.090356182      -4470.801806527    7.66551339600   -0.03871171600    0.30840009700
  2026-10-07T22:28:00.000000       1964.636581862      -4900.633287610      -4232.911038223    7.33713891500    1.50852078200    1.66186677400
  2026-10-07T22:31:59.999999       3631.654698480      -4362.812721583      -3682.861036007    6.46874742700    2.94585207100    2.89367298900
  2026-10-07T22:35:59.999999       5031.360912012      -3503.898679499      -2860.984275188    5.12310272500    4.16775723400    3.91303338400
  2026-10-07T22:40:00.000000       6060.324101905      -2386.816564560      -1827.712237321    3.39818081900    5.08382102600    4.64426066600
  2026-10-07T22:44:00.000000       6642.222662035      -1093.677340727       -659.243907004    1.42060863000    5.62564998600    5.03252867600
  2026-10-07T22:47:59.999999       6733.676521912        280.203663326        558.028406436   -0.66342400900    5.75236750500    5.04831887800
  2026-10-07T22:51:59.999999       6327.646085480       1633.373222758       1733.946640815   -2.69923286100    5.45408539800    4.69002620600
  2026-10-07T22:56:00.000000       5454.041779880       2865.843223150       2781.368226086   -4.53559017500    4.75280385900    3.98420060300
  2026-10-07T23:00:00.000000       4177.474603308       3886.577611628       3622.706793225   -6.03640120400    3.70062143200    2.98340761600
  2026-10-07T23:03:59.999999       2592.366374117       4620.259763891       4195.717902067   -7.09086174700    2.37558688400    1.76207181100
  2026-10-07T23:07:59.999999        815.868345701       5012.837697649       4458.076392089   -7.62152978000    0.87569496600    0.41072419100
  2026-10-07T23:12:00.000000      -1020.849942294       5035.433397093       4390.449097835   -7.58962896900   -0.68854204900   -0.97076479700
  2026-10-07T23:16:00.000000      -2782.233900784       4686.406099721       3997.866571988   -6.99761099300   -2.20204084800   -2.28045784300
  2026-10-07T23:19:59.999999      -4338.265727251       3991.463019432       3309.346132698   -5.88890081900   -3.55330897300   -3.42159350500
  2026-10-07T23:23:59.999999      -5574.014308101       3001.837961510       2375.801834997   -4.34512746000   -4.64247199000   -4.30960737400
  2026-10-07T23:28:00.000000      -6398.188036968       1790.565671980       1266.325665623   -2.48043261100   -5.38888192200   -4.87853995700
  2026-10-07T23:32:00.000000      -6749.969163788        447.093079908         63.079074341   -0.43304139400   -5.73731269900   -5.08617461000
  2026-10-07T23:35:59.999999      -6603.578049401       -929.380854899      -1144.846790410    1.64515912100   -5.66225657800   -4.91736105600
  2026-10-07T23:39:59.999999      -5970.161494381      -2237.318697035      -2268.109804785    3.60032488600   -5.16985109300   -4.38514923100
  2026-10-07T23:44:00.000000      -4896.850336764      -3380.418371898      -3223.788070383    5.28834016700   -4.29724313100   -3.52960688800
  2026-10-07T23:48:00.000000      -3463.093730672      -4274.711920721      -3941.504554171    6.58564274700   -3.10935277800   -2.41448295400
  2026-10-07T23:51:59.999999      -1774.643919805      -4854.646375809      -4368.529753014    7.39785396900   -1.69373174200   -1.12214881000
  2026-10-07T23:55:59.999999         44.254096798      -5077.754089910      -4473.534650970    7.66611108100   -0.15403909900    0.25251191500
  2026-10-08T00:00:00.000000       1859.899614845      -4927.649446914      -4248.792777804    7.37086830900    1.39731627600    1.60885261900
  2026-10-08T00:04:00.000000       3538.770009642      -4415.196895118      -3710.727062649    6.53318415200    2.84697135300    2.84744874300
  2026-10-08T00:08:00.000000       4957.170833294      -3577.796492276      -2898.777130462    5.21349217900    4.08845580700    3.87703959000
  2026-10-08T00:11:59.999999       6010.298282283      -2476.795015388      -1872.643294866    3.50792362400    5.02995469900    4.62113946900
  2026-10-08T00:15:59.999999       6620.063509785      -1193.107674456       -707.995858859    1.54165237400    5.60125025300    5.02401343900
  2026-10-08T00:20:00.000000       6741.032544654        178.662638624        509.063684523   -0.54004468100    5.75929821000    5.05507769000
  2026-10-08T00:24:00.000000       6363.973615400       1537.230033416       1688.398577136   -2.58269004500    5.49185049500    4.71155383300
  2026-10-08T00:27:59.999999       5516.646761056       2782.204041093       2742.607176121   -4.43451497400    4.81858906500    4.01887877600
  2026-10-08T00:31:59.999999       4261.720039066       3821.619212145       3593.597222203   -5.95825463800    3.78954371800    3.02865721600
  2026-10-08T00:36:00.000000       2692.019992070       4578.774900857       4178.408120012   -7.04141605100    2.48105237500    1.81454674800
  2026-10-08T00:40:00.000000        923.559935083       4997.873183016       4453.836886438   -7.60438084700    0.98986943600    0.46649716500
  2026-10-08T00:43:59.999999       -913.065191552       5048.079532554       4399.581396336   -7.60600047100   -0.57405224300   -0.91579719900
  2026-10-08T00:47:59.999999      -2682.300922169       4725.724287470       4019.686852833   -7.04626891900   -2.09562285500   -2.23034640500
  2026-10-08T00:52:00.000000      -4253.552426894       4054.561614421       3342.238103785   -5.96630910300   -3.46279162500   -3.38000848400
  2026-10-08T00:56:00.000000      -5510.783978558       3084.062212868       2417.334509023   -4.44562666100   -4.57460946300   -4.27963775300
  2026-10-08T00:59:59.999999      -6361.112816521       1885.833427216       1313.421285733   -2.59652613500   -5.34871958200   -4.86244004000
  2026-10-08T01:03:59.999999      -6741.770963025        548.359008161        112.246089305   -0.55608821100   -5.72779535300   -5.08511660300
  2026-10-08T01:08:00.000000      -6624.832194940       -829.596676060      -1097.245624508    1.52429326400   -5.68403941100   -4.93137833400
  2026-10-08T01:12:00.000000      -6019.265703298      -2146.376389088      -2225.583751531    3.49054125400   -5.22128546100   -4.41315621500
  2026-10-08T01:15:59.999999      -4970.149909971      -3305.013256732      -3189.461412157    5.19773204700   -4.37446346300   -3.56949256300
  2026-10-08T01:19:59.999999      -3555.162794298      -4220.373746087      -3917.885367443    6.52079359200   -3.20660596500   -2.46327741200
  2026-10-08T01:24:00.000000      -1878.695908557      -4825.348104754      -4357.336103930    7.36345613700   -1.80386056600   -1.17626416600
  2026-10-08T01:28:00.000000        -64.126705776      -5075.630715488      -4475.572808499    7.66464814500   -0.26897450000    0.19703952600
  2026-10-08T01:31:59.999999       1755.154648413      -4952.845018264      -4263.900718335    7.40243789000    1.28599191800    1.55607824800
  2026-10-08T01:35:59.999999       3445.358752415      -4465.856013371      -3737.787515654    6.59549577900    2.74740625800    2.80122991100
  2026-10-08T01:40:00.000000       4881.974428903      -3650.193284735      -2935.797607242    5.30204228300    4.00800525700    3.84078079400
  2026-10-08T01:44:00.000000       5958.866667458      -2565.590165667      -1916.888126669    3.61617063900    4.97459935000    4.59757470400
  2026-10-08T01:47:59.999999       6596.185736847      -1291.751404705       -756.190983293    1.66161185700    5.57503802400    5.01485514900
  2026-10-08T01:51:59.999999       6746.477636989         77.444055764        460.477966474   -0.41715444400    5.76420370600    5.06101096900
  2026-10-08T01:56:00.000000       6398.354324582       1440.916602626       1643.018744580   -2.46595204400    5.52757447300    4.73217782700
  2026-10-08T02:00:00.000000       5577.428208247       2697.921112870       2703.799048695   -4.33261323600    4.88249145100    4.05267483200
  2026-10-08T02:03:59.999999       4344.408546700       3755.598898655       3564.238602115   -5.87872597700    3.87687815300    3.07311076600
  2026-10-08T02:07:59.999999       2790.506049336       4535.894048221       4160.672171452   -6.99010857700    2.58535964300    1.86635320300
  2026-10-08T02:12:00.000000       1030.571521014       4981.302761733       4449.042351029   -7.58509047800    1.10344870300    0.52185815300
  2026-10-08T02:16:00.000000       -805.430533126       5059.043455743       4408.085355358   -7.62011777800   -0.45959542000   -0.86102402600
  2026-10-08T02:19:59.999999      -2581.983345203       4763.418742114       4040.863279310   -7.09274676800   -1.98870564600   -2.18016525900
  2026-10-08T02:23:59.999999      -4167.953916391       4116.212276593       3374.532147388   -6.04173277500   -3.37132123700   -3.33812347000
  2026-10-08T02:28:00.000000      -5446.222754956       3165.123463689       2458.369561343   -4.54444437100   -4.50532115000   -4.24913387600
  2026-10-08T02:32:00.000000      -6322.366433163       1980.327221399       1360.172754565   -2.71149591300   -5.30677855300   -4.84561519700
  2026-10-08T02:35:59.999999      -6731.706294001        649.298419051        161.253324064   -0.67862575700   -5.71634909400   -5.08325199900
  2026-10-08T02:39:59.999999      -6644.174257215       -729.671678124      -1049.605527760    1.40329365300   -5.70388575000   -4.94456402400
  2026-10-08T02:44:00.000000      -6066.561796807      -2054.841594844      -2182.824349710    3.38003374600   -5.27091137700   -4.44038161200
  2026-10-08T02:48:00.000000      -5041.884378344      -3228.609350989      -3154.725142591    5.10584228800   -4.45014288000   -3.60871135500
  2026-10-08T02:51:59.999999      -3646.025260710      -4164.716192467      -3893.717353431    6.45425394300   -3.30273028400   -2.51156947200
  2026-10-08T02:55:59.999999      -1981.982848120      -4794.513583975      -4345.492670731    7.32708539000   -1.91331838900   -1.23004641300
  2026-10-08T03:00:00.000000       -172.238768786      -5071.869716821      -4476.905267128    7.66105168100   -0.38374357200    0.14169392400
  2026-10-08T03:04:00.000000       1650.161221886      -4976.427317713      -4278.300614707    7.43187370500    1.17429922600    1.50319513200
  2026-10-08T03:08:00.000000       3351.205678641      -4515.051101576      -3764.193933394    6.65584256500    2.64697079100    2.75467221700
  2026-10-08T03:11:59.999999       4805.597642284      -3721.392566509      -2972.270236896    5.38892677100    3.92620580100    3.80397447900
  2026-10-08T03:15:59.999999       5905.911205639      -2653.565096201      -1960.744086450    3.72328307300    4.91747422800    4.57323431800
  2026-10-08T03:20:00.000000       6570.593679818      -1390.022571977       -804.196360193    1.78110271800    5.54691604300    5.00484888900
  2026-10-08T03:24:00.000000       6750.161531291        -23.863474705        411.879404335   -0.29419532900    5.76716154000    5.06609635900
  2026-10-08T03:27:59.999999       6431.060708023       1344.046437414       1597.423475990   -2.34853916400    5.56137727000    4.75197050800
  2026-10-08T03:31:59.999999       5636.774998575       2612.646757584       2664.589064769   -4.22941610400    4.94473093000    4.08576980300
  2026-10-08T03:36:00.000000       4426.032809619       3688.234629336       3534.332802586   -5.79743990500    3.96296475400    3.11707166100
  2026-10-08T03:40:00.000000       2888.387204517       4491.429965821       4142.301511269   -6.93675570200    2.68892200100    1.91791378700
  2026-10-08T03:43:59.999999       1137.488504703       4963.036258728       4443.578438384   -7.56361096100    1.21684669100    0.57718854500
  2026-10-08T03:47:59.999999       -697.368918024       5068.337203178       4415.947596805   -7.63212604900   -0.34475465400   -0.80599369600
  2026-10-08T03:52:00.000000      -2480.757906119       4799.592151500       4061.482366514   -7.13735144800   -1.88093989700   -2.12955310900
  2026-10-08T03:56:00.000000      -4081.037118406       4176.599576692       3406.387458794   -6.11562814200   -3.27854322800   -3.29568588300
  2026-10-08T03:59:59.999999      -5380.029524860       3245.279818144       2499.105114928   -4.64216894700   -4.43438305600   -4.21802156400
  2026-10-08T04:03:59.999999      -6281.779899870       2074.345159791       1406.781543201   -2.82584860200   -5.26291947700   -4.82808369900
  2026-10-08T04:08:00.000000      -6719.728551917        750.244004813        210.297216905   -0.80119917300   -5.70285166900   -5.08063300300
  2026-10-08T04:12:00.000000      -6661.688669869       -629.258308788      -1001.756739601    1.28164063500   -5.72177800100   -4.95706687800
  2026-10-08T04:15:59.999999      -6112.257092931      -1962.372803020      -2139.705246935    3.26829689800   -5.31880091000   -4.46704434000
  2026-10-08T04:19:59.999999      -5112.373542613      -3150.895653233      -3119.514596724    5.01223611800   -4.52445190400   -3.64754307700
  2026-10-08T04:24:00.000000      -3736.101918609      -4107.474074904      -3869.005661807    6.38563522600   -3.39796055000   -2.55968769000
  2026-10-08T04:28:00.000000      -2085.009239694      -4761.949176425      -4333.095529552    7.28844652900   -2.02247130800   -1.28391658000
  2026-10-08T04:31:59.999999       -280.634709987      -5066.378839709      -4477.733155768    7.65520543400   -0.49881566400    0.08603469000
  2026-10-08T04:35:59.999999       1544.362368043      -4998.424381483      -4292.294990677    7.45924201600    1.06171034200    1.44980366000
  2026-10-08T04:40:00.000000       3255.789499603      -4562.942216396      -3790.338101296    6.71447800000    2.54510392500    2.70743680100
  2026-10-08T04:44:00.000000       4727.606099171      -3791.684630116      -3008.659364863    5.47461869100    3.84255565200    3.76636624600
  2026-10-08T04:47:59.999999       5851.128462488      -2741.109472975      -2004.712792858    3.82980384900    4.85825288700    4.54807844100
  2026-10-08T04:51:59.999999       6543.104121956      -1488.386526189       -852.508121106    1.90062778900    5.51654249500    4.99404637700
  2026-10-08T04:56:00.000000       6752.047547254       -125.799011898        362.795162036   -0.17045054600    5.76798253600    5.07051880800
  2026-10-08T05:00:00.000000       6462.222656793       1246.076732390       1551.211331337   -2.22985795500    5.59338933800    4.77132240800
  2026-10-08T05:03:59.999999       5694.926614444       2525.881276642       2624.674019520   -4.12455623800    5.00550591700    4.11856823100
  2026-10-08T05:07:59.999999       4506.907331717       3619.083305967       3503.673897619   -5.71413271600    4.04807898200    3.16093593300
  2026-10-08T05:12:00.000000       2986.024032988       4445.016018073       4123.178862172   -6.88125856000    2.79209927100    1.96957929500
  2026-10-08T05:16:00.000000       1244.672011077       4942.791788160       4437.409246167   -7.54003767300    1.33038799200    0.63279570000
  2026-10-08T05:19:59.999999       -588.554877704       5075.751445761       4423.185444158   -7.64218766400   -0.22923385000   -0.75057463000
  2026-10-08T05:23:59.999999      -2378.343799558       4834.113313640       4081.587220166   -7.18029825100   -1.77197206300   -2.07841244100
  2026-10-08T05:28:00.000000      -3992.583477448       4235.672777619       3437.869078261   -6.18829482300   -3.18418371100   -3.25261463800
  2026-10-08T05:32:00.000000      -5312.060124838       3324.533991418       2539.624306841   -4.73913605700   -4.36160309100   -4.18625281100
  2026-10-08T05:35:59.999999      -6239.292733898       2167.923041659       1453.322382336   -2.93989707000   -5.21706469900   -4.80997365300
  2026-10-08T05:39:59.999999      -6705.829321631        851.245817509        259.407145088   -0.92392849800   -5.68721632500   -5.07746713000
  2026-10-08T05:44:00.000000      -6677.392247846       -528.266691871       -953.717969059    1.15920680700   -5.73750441900   -4.96911528200
  2026-10-08T05:48:00.000000      -6156.397624026      -1868.827303544      -2096.306212915    3.15522867500   -5.36473926100   -4.49341306600
  2026-10-08T05:51:59.999999      -5181.683907725      -3071.681037025      -3083.973571248    4.91684109800   -4.59718738600   -3.68624066600
  2026-10-08T05:55:59.999999      -3825.475136627      -4048.412679566      -3843.951492413    6.31486308300   -3.49214107900   -2.60784438300
  2026-10-08T06:00:00.000000      -2187.876016919      -4727.389588793      -4320.388614957    7.24746681400   -2.13121804700   -1.33801975000
  2026-10-08T06:04:00.000000       -389.438224527      -5058.879286533      -4478.330877795    7.64702911600   -0.61419171900    0.02994251900
  2026-10-08T06:08:00.000000       1437.624825558      -5018.568220755      -4306.181429422    7.48452895100    0.94814183600    1.39584393800
  2026-10-08T06:11:59.999999       3158.979879703      -4609.288446926      -3816.518034487    6.77142715900    2.44166508200    2.65958211900
  2026-10-08T06:15:59.999999       4647.876362790      -3860.868033167      -3045.233230162    5.55913986300    3.75686650000    3.72814503100
  2026-10-08T06:20:00.000000       5794.397367457      -2828.076968192      -2049.009975397    3.93577161300    4.79667414200    4.52235304300
  2026-10-08T06:24:00.000000       6513.614845551      -1586.755050437       -901.270691154    2.02026108200    5.48371493100    4.98279864900
  2026-10-08T06:27:59.999999       6752.029139190       -228.322920470        313.168695593   -0.04601867700    5.76640657600    5.07461540300
  2026-10-08T06:31:59.999999       6491.721406181       1146.967179318       1504.395159146   -2.10985523200    5.62325823200    4.79051284000
  2026-10-08T06:36:00.000000       5751.784174397       2437.519019813       2584.144612724   -4.01800728600    5.06463393600    4.15142894100
  2026-10-08T06:40:00.000000       4586.916666999       3547.997589093       3472.428727123   -5.62893436800    4.13200962700    3.20495372500
  2026-10-08T06:43:59.999999       3083.277614760       4396.442435427       4103.519762429   -6.82364635400    2.89461475500    2.02151871900
  2026-10-08T06:47:59.999999       1351.989264573       4920.308783963       4430.786869966   -7.51432233100    1.44393910700    0.68881079000
  2026-10-08T06:52:00.000000       -479.109177174       5081.001582345       4430.074572571   -7.65026587200   -0.11311994600   -0.69469841100
  2026-10-08T06:56:00.000000      -2274.850338102       4866.677854165       4101.453544937   -7.22150507300   -1.66187475900   -2.02681938900
  2026-10-08T06:59:59.999999      -3902.668237978       4293.117102732       3469.215026836   -6.25953165700   -3.08822859400   -3.20912923800
  2026-10-08T07:03:59.999999      -5242.338174353       3402.589248033       2580.107032260   -4.83512553100   -4.28687028600   -4.15407041200
  2026-10-08T07:08:00.000000      -6194.877854378       2260.797197007       1499.926629367   -3.05348765000   -5.16907208400   -4.79146081000
  2026-10-08T07:12:00.000000      -6689.950812673        952.056666038        308.669936603   -1.04665943200   -5.66945910800   -5.07394533500
  2026-10-08T07:15:59.999999      -6691.161286361       -426.968519378       -905.441609920    1.03640791200   -5.75120186900   -4.98079507600
  2026-10-08T07:19:59.999999      -6198.739721990      -1774.501787500      -2052.579080598    3.04138837000   -5.40877918400   -4.51941068100
  2026-10-08T07:24:00.000000      -5249.428016086      -2991.254923174      -3048.018945536    4.82029717100   -4.66825413500   -3.72461033800
  2026-10-08T07:28:00.000000      -3913.595342296      -3987.775444057      -3818.412809112    6.24263126200   -3.58495701000   -2.65573419400
  2026-10-08T07:31:59.999999      -2289.872509350      -4690.969788990      -4307.138554614    7.20475416400   -2.23897479500   -1.39190583700
  2026-10-08T07:35:59.999999       -497.812154428      -5049.335969347      -4478.344168695    7.63693225700   -0.72903557400   -0.02602166300
  2026-10-08T07:40:00.000000       1330.841331976      -5036.601686701      -4319.465006502    7.50780382100    0.83458508900    1.34190213100
  2026-10-08T07:44:00.000000       3061.647146449      -4653.585349965      -3842.104937181    6.82643334900    2.33771485900    2.61163681100
  2026-10-08T07:47:59.999999       4567.173188510      -3928.182724793      -3081.243506524    5.64185485900    3.67018046400    3.68976467500
  2026-10-08T07:51:59.999999       5736.284687642      -2913.470928609      -2092.793484165    4.04016311300    4.73364203200    4.49636256300
  2026-10-08T07:56:00.000000       6482.406269256      -1683.948228274       -949.599674655    2.13868610600    5.44903985200    4.97115691300
  2026-10-08T08:00:00.000000       6750.057065198       -330.151020479        263.870926632    0.07767405500    5.76270144800    5.07823651200
  2026-10-08T08:03:59.999999       6519.151265663       1048.018243188       1457.782791206   -1.99004596300    5.65080361900    4.80912689200
  2026-10-08T08:07:59.999999       5806.612480547       2348.753444788       2543.673919368   -3.91092815200    5.12143956000    4.18368939500
  2026-10-08T08:12:00.000000       4665.102114537       3475.978727373       3441.107729236   -5.54258875100    4.21389017200    3.24845512800
  2026-10-08T08:16:00.000000       3179.040633515       4346.489715764       4083.665341998   -6.76440816500    2.99547118600    2.07297219300
  2026-10-08T08:19:59.999999       1458.263415799       4896.104088917       4423.859511822   -7.48649860800    1.55632474800    0.74442325600
  2026-10-08T08:23:59.999999       -370.159011689       5084.332932339       4436.589663436   -7.65595368300    0.00254046600   -0.63898476500
  2026-10-08T08:28:00.000000      -2171.275085568       4897.299030637       4120.932533828   -7.26031910100   -1.55154048900   -1.97517987700
  2026-10-08T08:32:00.000000      -3812.115491977       4348.755388125       3500.210946870   -6.32856463800   -2.99137918000   -3.16539589700
  2026-10-08T08:35:59.999999      -5171.488394590       3479.124088507       2620.318146076   -4.92926047300   -4.21065770300   -4.12148513300
  2026-10-08T08:39:59.999999      -6148.949485620       2352.566138990       1546.368889695   -3.16574008300   -5.11912157400   -4.77244664900
  2026-10-08T08:44:00.000000      -6672.313883043       1052.273453063        357.896219417   -1.16869846000   -5.64944826100   -5.06989729300
  2026-10-08T08:48:00.000000      -6703.084882820       -325.709757297       -857.075293871    0.91363800900   -5.76257560600   -4.99195924900
  2026-10-08T08:51:59.999999      -6239.307363065      -1679.672624500      -2008.641979409    2.92692811400   -5.45064016000   -4.54491629700
  2026-10-08T08:55:59.999999      -5315.616360369      -2909.838115734      -3011.741873232    4.72256938000   -4.73746513600   -3.76254173600
  2026-10-08T09:00:00.000000      -4000.498721198      -3925.752805224      -3792.455866171    6.16878934900   -3.67635519000   -2.70326747700
  2026-10-08T09:04:00.000000      -2391.076666299      -4652.881077804      -4293.395968208    7.16014685100   -2.34579356300   -1.44553500500
  2026-10-08T09:08:00.000000       -605.871440581      -5037.958549337      -4477.816286977    7.62475017200   -0.84344821400   -0.08184501300
  2026-10-08T09:11:59.999999       1223.862462474      -5052.762947275      -4332.193955832    7.52894444100    0.72091483800    1.28792511200
  2026-10-08T09:15:59.999999       2963.616592182      -4696.102878489      -3867.167245683    6.87941247400    2.23310139900    2.56347701100
  2026-10-08T09:20:00.000000       4485.317302412      -3993.941935388      -3116.802909742    5.72285109600    3.58232292700    3.65099889900
  2026-10-08T09:24:00.000000       5676.654227985      -2997.634766167      -2136.228832555    4.14321949900    4.66908090200    4.46990509800
  2026-10-08T09:27:59.999999       6449.407398574      -1780.314208823       -997.703331698    2.25619585800    5.41254820900    4.95894940100
  2026-10-08T09:31:59.999999       6746.139630189       -431.610842772        214.651792135    0.20100336000    5.75701866900    5.08121760600
  2026-10-08T09:36:00.000000       6544.613719883        948.960253180       1411.094124010   -1.87007370300    5.67637988600    4.82710337200
  2026-10-08T09:40:00.000000       5859.567403999       2259.415526150       2502.974634169   -3.80321447300    5.17634726100    4.21530513800
  2026-10-08T09:43:59.999999       4741.632501133       3402.949620253       3409.407053172   -5.45505264100    4.29405283400    3.29136758800
  2026-10-08T09:47:59.999999       3273.490697452       4295.156731560       4063.310031689   -6.70354681600    3.09498036300    2.12401151600
  2026-10-08T09:52:00.000000       1563.650683222       4870.246234462       4416.350245024   -7.45677152100    1.66779852800    0.79976575200
  2026-10-08T09:56:00.000000       -261.611033823       5085.850598927       4442.469847950   -7.65949171500    0.11778985600   -0.58343432800
  2026-10-08T09:59:59.999999      -2067.568535870       4926.082679530       4139.764431920   -7.29689427500   -1.44097631000   -1.92346186500
  2026-10-08T10:03:59.999999      -3720.912603264       4402.683947470       3530.605828181   -6.39553194900   -2.89371472200   -3.12135971700
  2026-10-08T10:08:00.000000      -5099.526766376       3554.208259184       2660.026576055   -5.02164632700   -4.13312155000   -4.08839798000
  2026-10-08T10:12:00.000000      -6101.543208186       2443.252448824       1592.447690669   -3.27670238700   -5.06744462300   -4.75277658100
  2026-10-08T10:15:59.999999      -6652.953284640       1151.855380730        406.928184003   -1.28998820400   -5.62744588900   -5.06510427900
  2026-10-08T10:19:59.999999      -6713.177522154       -224.588123893       -808.721305542    0.79100298400   -5.77182742400   -5.00236523600
  2026-10-08T10:24:00.000000      -6278.082191272      -1584.472679395      -1964.539587800    2.81202455200   -5.49041625500   -4.56971221400
  2026-10-08T10:28:00.000000      -5380.187983796      -2827.569290980      -2975.141152536    4.62382011400   -4.80476875100   -3.79986517500
  2026-10-08T10:31:59.999999      -4086.093302802      -3862.461132840      -3766.047734430    6.09342469700   -3.76621078700   -2.75035171300
  2026-10-08T10:35:59.999999      -2491.382223557      -4613.210524783      -4279.115296530    7.11367318000   -2.45156822400   -1.49888666500
  2026-10-08T10:40:00.000000       -713.503530035      -5024.813388374      -4476.701187062    7.61053576900   -0.95735077500   -0.13752983200
  2026-10-08T10:44:00.000000       1116.812671591      -5067.095452005      -4344.316693055    7.54797729900    0.60723957000    1.23396483900
  2026-10-08T10:47:59.999999       2865.011433979      -4736.857079385      -3891.639450622    6.93032743300    2.12794136800    2.51515182300
  2026-10-08T10:51:59.999999       4402.416250196      -4058.131488890      -3151.835306287    5.80201250300    3.49340753800    3.61188023600
  2026-10-08T10:56:00.000000       5615.581328870      -3080.540027092      -2179.241636323    4.24483702300    4.60300530900    4.44294124700
  2026-10-08T11:00:00.000000       6414.681160781      -1875.824789875      -1045.514057357    2.37276142900    5.37423762200    4.94618241000
  2026-10-08T11:03:59.999999       6740.326230175       -532.677709346        165.584325014    0.32388893300    5.74930938900    5.08357193100
  2026-10-08T11:07:59.999999       6568.146412626        849.797100428       1364.401389652   -1.74993076600    5.69986752100    4.84442362000
  2026-10-08T11:12:00.000000       5910.706555514       2169.484801665       2462.117061232   -3.69473942700    5.22931729500    4.24630474200
  2026-10-08T11:16:00.000000       4816.589666204       3328.895320800       3377.406410035   -5.36626852900    4.37255933600    3.33371244000
  2026-10-08T11:19:59.999999       3366.725294621       4242.442746337       4042.526997225   -6.64094541400    3.19321024900    2.17457181800
  2026-10-08T11:23:59.999999       1668.283966739       4842.764084853       4408.323286595   -7.42499105600    1.77852614100    0.85484281500
  2026-10-08T11:28:00.000000       -153.307170298       5085.626623532       4447.794156748   -7.66086133500    0.23281315900   -0.52794208500
  2026-10-08T11:32:00.000000      -1963.583107148       4953.136687221       4158.044459017   -7.33128743600   -1.33008474600   -1.87165887300
  2026-10-08T11:35:59.999999      -3628.917209618       4455.035868576       3560.492625080   -6.46044987300   -2.79509137800   -3.07703266600
  2026-10-08T11:39:59.999999      -5026.324507606       3628.013506067       2699.319572973   -5.11237356800   -4.05409430800   -4.05483328700
  2026-10-08T11:44:00.000000      -6052.557781522       2533.066387275       1638.245972042   -3.38653334800   -5.01389716300   -4.73247041100
  2026-10-08T11:48:00.000000      -6631.817507044       1251.044313940        455.845444787   -1.41078751900   -5.60335909100   -5.05959058300
  2026-10-08T11:51:59.999999      -6721.454941006       -123.354981564       -760.308281882    0.66821949500   -5.77897179600   -5.01204133000
  2026-10-08T11:55:59.999999      -6315.157078282      -1488.668009354      -1920.206909986    2.69631648100   -5.52823142800   -4.59383076500
  2026-10-08T12:00:00.000000      -5443.320179468      -2744.260536629      -2938.159573096    4.52372609000   -4.87043552300   -3.83661997600
  2026-10-08T12:04:00.000000      -4170.624946482      -3797.784316113      -3739.136814218    6.01628277900   -3.85484859700   -2.79700062000
  2026-10-08T12:08:00.000000      -2591.090578870      -4571.925074251      -4264.252260027    7.06512012800   -2.55664869300   -1.55201860400
  2026-10-08T12:11:59.999999       -821.055009779      -5009.955008795      -4474.979370863    7.59412803300   -1.07114025000   -0.19323327400
  2026-10-08T12:15:59.999999       1009.325751626      -5079.758809798      -4355.862681251    7.56491773400    0.49310016100    1.17978823100
  2026-10-08T12:20:00.000000       2765.488471066      -4776.112761050      -3915.604658794    6.97935045700    2.02184234800    2.46646582200
  2026-10-08T12:24:00.000000       4318.176760693      -4121.099494516      -3186.465929569    5.87957956400    3.40311899000    3.57223781800
  2026-10-08T12:27:59.999999       5552.840502460      -3162.597402354      -2221.996201449    4.34533004400    4.53521000600    4.41531643600
  2026-10-08T12:31:59.999999       6378.083934291      -1970.926076189      -1093.234230717    2.48877178900    5.33402189900    4.93269510800
  2026-10-08T12:36:00.000000       6732.574915822       -633.796951841        116.436942186    0.44675758400    5.73968908000    5.08523588800
  2026-10-08T12:40:00.000000       6589.795890885        750.132947491       1317.467521889   -1.62931458700    5.72152897300    4.86108268700
  2026-10-08T12:43:59.999999       5960.136850362       2078.633071515       2420.866185927   -3.58528056200    5.28063589400    4.27670647300
  2026-10-08T12:47:59.999999       4890.130941343       3253.560566021       3344.884996056   -5.27605454100    4.44974327900    3.37559957900
  2026-10-08T12:52:00.000000       3458.925302636       4188.179013752       4021.129690386   -6.57663288700    3.29052510900    2.22480746100
  2026-10-08T12:56:00.000000       1772.320821447       4813.561957063       4399.616304636   -7.39125111500    1.88876750600    0.90971125200
  2026-10-08T12:59:59.999999        -45.111692965       5083.631078322       4452.414081546   -7.66017170100    0.34788829500   -0.47244041100
  2026-10-08T13:03:59.999999      -1859.218564157       4978.486988632       4175.647378697   -7.36369571400   -1.21868404100   -1.81963941600
  2026-10-08T13:08:00.000000      -3536.085530645       4505.858725114       3589.772849838   -6.52355968200   -2.69553097400   -3.03234981000
  2026-10-08T13:12:00.000000      -4951.879419301       3700.567681677       2738.104731545   -5.20153922100   -3.97366611700   -4.02079409000
  2026-10-08T13:15:59.999999      -6002.005584749       2622.018378727       1683.662602860   -3.49524258400   -4.95852614800   -4.71159003100
  2026-10-08T13:19:59.999999      -6608.911530785       1349.845891198        504.529472003   -1.53104067900   -5.57717108700   -5.05341812400
  2026-10-08T13:24:00.000000      -6727.910152625        -21.990271856       -711.965481049    0.54531955200   -5.78394021600   -5.02104257600
  2026-10-08T13:28:00.000000      -6350.513455706      -1392.220862933      -1875.788375403    2.57986267400   -5.56398229700   -4.61732181500
  2026-10-08T13:31:59.999999      -5504.985185033      -2659.845288981      -2900.953195536    4.42229413700   -4.93432329300   -3.87285478800
  2026-10-08T13:35:59.999999      -4254.071373148      -3731.624324811      -3711.897058231    5.93732528800   -3.94215375400   -2.84331015500
  2026-10-08T13:40:00.000000      -2690.190731727      -4528.901655658      -4248.999230131    7.01443038800   -2.66096132700   -1.60498098200
  2026-10-08T13:44:00.000000       -928.532968906      -4993.252410102      -4472.851504686    7.57544323400   -1.18481434500   -0.24897348600
  2026-10-08T13:47:59.999999        901.370571037      -5090.627715731      -4367.035030775    7.57964777000    0.37842777500    1.12537881800
  2026-10-08T13:51:59.999999       2664.998259322      -4813.776837161      -3939.271431100    7.02645594600    1.91460891000    2.41740626400
  2026-10-08T13:56:00.000000       4232.552821124      -4182.804777196      -3220.896647126    5.95559467400    3.31124513700    3.53214654100
  2026-10-08T14:00:00.000000       5488.396289690      -3243.819284091      -2264.671628545    4.44474091900    4.46546084800    4.38713382400
  2026-10-08T14:03:59.999999       6339.595042982      -2065.691218680      -1141.017300213    2.60431058700    5.29162148600    4.91859486800
  2026-10-08T14:07:59.999999       6722.898229067       -735.113037468         67.084120997    0.56981224500    5.72785138200    5.08634392600
  2026-10-08T14:12:00.000000       6609.634280876        649.757469438       1270.206627496   -1.50795012000    5.74115182100    4.87728940100
  2026-10-08T14:16:00.000000       6007.991071376       1986.615609628       2379.193257682   -3.47463500400    5.33021743300    4.30676949000
  2026-10-08T14:19:59.999999       4962.424190714       3176.684554435       3311.871628226   -5.18428982000    4.52554487800    3.41724214600
  2026-10-08T14:23:59.999999       3550.286683469       4132.095687015       3999.196919591   -6.51048210000    3.38692350200    2.27492583600
  2026-10-08T14:28:00.000000       1875.978235853       4782.384718330       4390.359619805   -7.35556286600    1.99862820000    0.96456755500
  2026-10-08T14:32:00.000000         63.175812636       5079.628891820       4456.486496737   -7.65749544200    0.46308914000   -0.41690394700
  2026-10-08T14:35:59.999999      -1754.289909091       5001.930330261       4192.724688649   -7.39419014200   -1.10658312800   -1.76746443500
  2026-10-08T14:39:59.999999      -3442.255945020       4554.999777970       3618.581761482   -6.58498766100   -2.59481051800   -2.98736653600
  2026-10-08T14:44:00.000000      -4876.072275130       3771.761990152       2776.506777147   -5.28936486800   -3.89174674000   -3.98633430800
  2026-10-08T14:48:00.000000      -5949.810188506       2709.996885443       1728.806720502   -3.60295648900   -4.90144611900   -4.69021912000
  2026-10-08T14:51:59.999999      -6584.166424219       1448.103554121        553.062668201   -1.65065340300   -5.54910494700   -5.04671275000
  2026-10-08T14:55:59.999999      -6732.423300224         79.298935727       -663.641042172    0.42261427400   -5.78689577900   -5.02947942100
  2026-10-08T15:00:00.000000      -6383.942629071      -1295.362479137      -1831.253899600    2.46309245500   -5.59771838900   -4.64026475600
  2026-10-08T15:04:00.000000      -5564.859767188      -2574.548060081      -2863.501721072    4.32004416200   -4.99633693900   -3.90856828500
  2026-10-08T15:08:00.000000      -4335.977654581      -3664.166150144      -3684.293098629    5.85710804700   -4.02787125400   -2.88914664400
  2026-10-08T15:11:59.999999      -2788.098029933      -4484.240894903      -4233.277623948    6.96211845800   -2.76404846800   -1.65755136300
  2026-10-08T15:15:59.999999      -1035.243740290      -4974.671336875      -4470.172023320    7.55484506800   -1.29772446700   -0.30441619500
  2026-10-08T15:20:00.000000        793.697917297      -5099.501190972      -4377.599940967    7.59229455900    0.26396051000    1.07113180500
  2026-10-08T15:24:00.000000       2564.286492072      -4849.462873443      -3962.309741564    7.07145638200    1.80702060300    2.36835166200
  2026-10-08T15:27:59.999999       4146.218235763      -4242.684798210      -3254.716241772    6.02966800900    3.21846818600    3.49191911800
  2026-10-08T15:31:59.999999       5422.800295059      -3323.488395188      -2306.780401045    4.54241801200    4.39434527100    4.35870493200
  2026-10-08T15:36:00.000000       6299.573917061      -2159.287598839      -1188.318811387    2.71846295900    5.24740698500    4.90402385300
  2026-10-08T15:40:00.000000       6711.426048224       -835.734902399         18.074060611    0.69208136000    5.71389968800    5.08677903200
  2026-10-08T15:43:59.999999       6627.570941323        549.551066054       1223.113887134   -1.38667516700    5.75854898400    4.89273478200
  2026-10-08T15:47:59.999999       6054.006743598       1894.241962431       2337.503366519   -3.36337846300    5.37768409200    4.33606430100
  2026-10-08T15:52:00.000000       5033.101409721       3098.976230539       3278.665737518   -5.09132076200    4.59952333300    3.45820484800
  2026-10-08T15:56:00.000000       3640.379545764       4074.785604614       3976.921919640   -6.44263439300    3.48186672400    2.32448662200
  2026-10-08T15:59:59.999999       1978.825837386       4749.688510176       4380.651130699   -7.31777347100    2.10753703000    1.01908069100
  2026-10-08T16:03:59.999999        171.183462117       5073.953093434       4460.055444678   -7.65255331100    0.57795417800   -0.36145881700
  2026-10-08T16:08:00.000000      -1649.096873513       5023.688981037       4209.300816994   -7.42244074500   -0.99423939300   -1.71518930600
  2026-10-08T16:12:00.000000      -3347.640476904       4602.589216601       3646.933968470   -6.64433809400   -2.49322245900   -2.94211112600
  2026-10-08T16:15:59.999999      -4799.021426248       3841.680558892       2814.539948045   -5.37548322900   -3.80841698700   -3.95140787900
  2026-10-08T16:19:59.999999      -5896.024408378       2797.088947421       1773.717088585   -3.70952329900   -4.84255919300   -4.66819636900
  2026-10-08T16:24:00.000000      -6557.635649379       1545.936920080        601.536004931   -1.76980538100   -5.51904222800   -5.03923068000
  2026-10-08T16:28:00.000000      -6735.122766139        180.642001903       -615.184631599    0.29969664100   -5.78788835900   -5.03709733800
  2026-10-08T16:31:59.999999      -6415.681458336      -1198.000807751      -1786.392721540    2.34552745700   -5.62968941900   -4.66241459900
  2026-10-08T16:35:59.999999      -5623.292540654      -2488.354268979      -2825.543441305    4.21653107300   -5.05683708800   -3.94359148300
  2026-10-08T16:40:00.000000      -4416.799420900      -3595.482167578      -3656.036551367    5.77518369200   -4.11238700800   -2.93447357700
  2026-10-08T16:44:00.000000      -2885.374337533      -4438.120912224      -4216.811101455    6.90777592600   -2.86641243000   -1.70986836100
  2026-10-08T16:47:59.999999      -1141.826437746      -4954.516827569      -4466.717196827    7.53210165200   -1.41039856400   -0.35985915500
  2026-10-08T16:51:59.999999        685.638084628      -5106.803648036      -4387.421272455    7.60281917800    0.14922975300    1.01662167600
  2026-10-08T16:56:00.000000       2462.697272011      -4883.704612470      -3984.696275457    7.11453122900    1.69864114900    2.31880146800
  2026-10-08T17:00:00.000000       4058.584512318      -4301.367657969      -3288.027515184    6.10217766600    3.12443775600    3.45099326600
  2026-10-08T17:03:59.999999       5355.591943617      -3402.304200569      -2348.566015758    4.63906361600    4.32164748900    4.32945722500
  2026-10-08T17:07:59.999999       6257.754799793      -2252.432141378      -1235.493232631    2.83207881100    5.20143682500    4.88864292900
  2026-10-08T17:12:00.000000       6698.085642148       -936.349767208        -31.006333538    0.81434536600    5.69800161700    5.08638143500
  2026-10-08T17:16:00.000000       6643.720763087        448.877601427       1175.760041066   -1.26472458700    5.77398117000    4.90744342300
  2026-10-08T17:19:59.999999       6098.473567163       1800.946716996       2295.397445464   -3.25082377600    5.42335532500    4.36481095100
  2026-10-08T17:23:59.999999       5102.609193757       3019.955979754       3244.936781248   -4.99649656100    4.67208461000    3.49883293500
  2026-10-08T17:28:00.000000       3729.795924359       4015.892687243       3954.075000647   -6.37259477400    3.57598455400    2.37397006400
  2026-10-08T17:32:00.000000       2081.539393358       4715.282220632       4370.377056703   -7.27767480100    2.21620372000    1.07372201400
  2026-10-08T17:35:59.999999        279.614099707       5066.579814934       4463.117069061   -7.64529746800    0.69317719000   -0.30564901900
  2026-10-08T17:39:59.999999      -1542.947996318       5043.912477155       4225.487474386   -7.44861207600   -0.88091425000   -1.66230364400
  2026-10-08T17:44:00.000000      -3251.619940501       4648.939486336       3675.066000638   -6.70204999900   -2.39017559300   -2.89607502100
  2026-10-08T17:48:00.000000      -4720.232691124       3910.756215937       2852.547732801   -5.46048251600   -3.72326397100   -3.91566626800
  2026-10-08T17:51:59.999999      -5840.299972537       2883.808229271       1818.791531797   -3.81553154400   -4.78158364600   -4.64540874000
  2026-10-08T17:55:59.999999      -6529.106463183       1643.918215155        650.344288768   -1.88902032400   -5.48676267900   -5.03110713500
  2026-10-08T18:00:00.000000      -6735.910488413        282.661561071       -566.260200418    0.17613269300   -5.78672470000   -5.04425785500
  2026-10-08T18:04:00.000000      -6445.727701128      -1099.463693703      -1740.976132253    2.22677701600   -5.65968917900   -4.68430597900
  2026-10-08T18:08:00.000000      -5680.378795533      -2400.557209517      -2786.996500888    4.11134679800   -5.11578707100   -3.97857907200
  2026-10-08T18:11:59.999999      -4496.708607135      -3524.891514305      -3627.201162998    5.69135619400   -4.19592669400   -2.97990398100
  2026-10-08T18:15:59.999999      -2982.207076719      -4389.920618933      -4199.797171314    6.85141978300   -2.96829828900   -1.76234191100
  2026-10-08T18:20:00.000000      -1248.462603117      -4932.234526008      -4462.764354148    7.50727626300   -1.52317764400   -0.41556541400
  2026-10-08T18:24:00.000000        577.038938262      -5112.072572786      -4396.816297282    7.61137739800    0.03383792000    0.96178663400
  2026-10-08T18:27:59.999999       2360.117980529      -4916.132359925      -4006.742603950    7.15583744200    1.58909816900    2.26885626500
  2026-10-08T18:31:59.999999       3969.574271108      -4358.571352198      -3321.099342348    6.17325390200    3.02879523200    3.40963778500
  2026-10-08T18:36:00.000000       5286.709089488      -3480.074365835      -2390.217760115    4.73468702100    4.24696717500    4.29975684800
  2026-10-08T18:40:00.000000       6214.082598770      -2345.039604987      -1282.643927862    2.94524648200    5.15324592400    4.87280737300
  2026-10-08T18:43:59.999999       6682.850631555      -1036.960489440        -80.162580082    0.93666990400    5.67991527600    5.08560720500
  2026-10-08T18:47:59.999999       6658.035909283        347.690571357       1128.240895082   -1.14231660400    5.78727856000    4.92177617200
  2026-10-08T18:52:00.000000       6141.275284317       1706.639329247       2253.038766101   -3.13731798000    5.46704591700    4.39322507400
  2026-10-08T18:56:00.000000       5170.732024631       2939.483519122       3210.887171464   -4.90030313900    4.74296203500    3.53922549800
  2026-10-08T18:59:59.999999       3818.204316739       3955.185825482       3930.861406023   -6.30077416400    3.66881730300    2.42331759300
  2026-10-08T19:03:59.999999       2183.707767332       4678.827182282       4359.724168556   -7.23555834400    2.32421656100    1.12838897800
  2026-10-08T19:08:00.000000        387.988797711       5057.074384231       4465.812871591   -7.63600986600    0.80834628400   -0.24977418400
  2026-10-08T19:12:00.000000      -1436.370272761       5062.057251489       4241.325560888   -7.47277315000   -0.76708395100   -1.60932886800
  2026-10-08T19:15:59.999999      -3154.704110919       4693.401494712       3702.877531790   -6.75790865500   -2.28605574400   -2.84988840100
  2026-10-08T19:19:59.999999      -4640.139215675       3978.260238605       2890.280392811   -5.54394745300   -3.63656704600   -3.87970086600
  2026-10-08T19:24:00.000000      -5782.948382905       2969.368740306       1863.651633102   -3.92040207900   -4.71874888300   -4.62235010500
  2026-10-08T19:28:00.000000      -6498.725941997       1741.211613839        699.007930650   -2.00750341700   -5.45242132300   -5.02266205400
  2026-10-08T19:31:59.999999      -6734.726155776        384.504693206       -517.396130607    0.05282559500   -5.78337556500   -5.05103343900
  2026-10-08T19:35:59.999999      -6473.804272161      -1000.580803748      -1695.522225037    2.10775965400   -5.68755421900   -4.70577070300
  2026-10-08T19:40:00.000000      -5735.617507292      -2311.919265812      -2748.303971766    4.00541020800   -5.17275569400   -4.01310147100
  2026-10-08T19:44:00.000000      -4575.012519733      -3453.011764477      -3598.111369091    5.60625913500   -4.27773904500   -3.02490668300
  2026-10-08T19:47:59.999999      -3077.792753309      -4340.070447100      -4182.440214281    6.79338723200   -3.06892696100   -1.81450099900
  2026-10-08T19:51:59.999999      -1354.282977928      -4908.058930851      -4458.398121959    7.48052854600   -1.63517967800   -0.47098946000
  2026-10-08T19:56:00.000000        468.762882310      -5115.327883950      -4405.740784595    7.61778990000   -0.08135668000    0.90712300500
  2026-10-08T20:00:00.000000       2257.343552302      -4946.573135265      -4028.293990573    7.19499228800    1.47915234800    2.21894904600
  2026-10-08T20:03:59.999999       3879.862552359      -4413.952781577      -3353.685690267    6.24228744200    2.93217596000    3.36814991200
  2026-10-08T20:07:59.999999       5216.670488351      -3556.321428747      -2431.435985106    4.82859290300    4.17079544400    4.26977014000
  2026-10-08T20:12:00.000000       6168.888878390      -2436.528970268      -1329.444033174    3.05709123200    5.10318712700    4.85656924200
  2026-10-08T20:16:00.000000       6665.836976364      -1136.939584536       -129.079200636    1.05820984900    5.65967324900    5.08432210500
  2026-10-08T20:19:59.999999       6670.458656046        246.608814007       1080.833438502   -1.02008469800    5.79838736300    4.93555472400
  2026-10-08T20:23:59.999999       6182.204786556       1611.923867354       2210.650665704   -3.02346162200    5.50865507300    4.42100791900
  2026-10-08T20:28:00.000000       5237.135102772       2858.125729606       3176.651115100   -4.80319518400    4.81196906700    3.57895556100
  2026-10-08T20:32:00.000000       3905.172351350       3893.185107594       3907.310595070   -6.22757659700    3.76011365000    2.47207342800
  2026-10-08T20:35:59.999999       2284.819614266       4640.752457719       4348.598305279   -7.19160424900    2.43108207700    1.18254656600
  2026-10-08T20:39:59.999999        495.789923985       5045.741876464       4467.942293443   -7.62459296700    0.92295186400   -0.19416054600
  2026-10-08T20:44:00.000000      -1329.849327673       5078.309121694       4256.557257898   -7.49478319700   -0.65325452600   -1.55644649900
  2026-10-08T20:48:00.000000      -3057.329878007       4736.032861715       3730.076522650   -6.81165021300   -2.18140858200   -2.80365615100
  2026-10-08T20:51:59.999999      -4559.098071361       4044.125349762       2927.430587014   -5.62546737900   -3.54879217000   -3.84351320700
  2026-10-08T20:55:59.999999      -5724.224718882       3053.610853524       1908.004357095   -4.02370941400   -4.65434325400   -4.59889840300
  2026-10-08T21:00:00.000000      -6466.656094650       1837.607197564        747.276788944   -2.12492839300   -5.41617713400   -5.01367864000
  2026-10-08T21:04:00.000000      -6731.667682586        485.930597806       -468.783271477   -0.07000442600   -5.77795887300   -5.05716871000
  2026-10-08T21:08:00.000000      -6499.963287059       -901.612284587      -1650.159130975    1.98861544100   -5.71330514200   -4.72653951500
  2026-10-08T21:11:59.999999      -5789.046323964      -2222.697784519      -2709.536173712    3.89870719700   -5.22772252000   -4.04695132900
  2026-10-08T21:15:59.999999      -4651.760665831      -3380.100014273      -3568.794311272    5.51982891900   -4.35784037500   -3.06932142600
  2026-10-08T21:20:00.000000      -3172.203384822      -4288.823024559      -4164.727874402    6.73353307800   -3.16825023200   -1.86619792600
  2026-10-08T21:24:00.000000      -1459.411256994      -4882.239165981      -4453.592842993    7.45161878800   -1.74645016300   -0.52619067800
  2026-10-08T21:27:59.999999        360.648650709      -5116.834176334      -4414.197747242    7.62196195800   -0.19639720400    0.85249569800
  2026-10-08T21:31:59.999999       2154.189633693      -4975.300048048      -4049.389704854    7.23190876000    1.36873777200    2.16889264800
  2026-10-08T21:36:00.000000       3789.259338291      -4467.808448773      -3385.876534952    6.30933390100    2.83449066700    3.32632488800
  2026-10-08T21:40:00.000000       5145.307165970      -3631.357435614      -2472.359158401    4.92089581300    4.09307142400    4.23927983200
  2026-10-08T21:43:59.999999       6122.049537145      -2527.227911912      -1376.084218737    3.16789409300    5.05120736000    4.83972268700
  2026-10-08T21:47:59.999999       6646.999418268      -1236.612536165       -177.983696886    1.17929584700    5.63733505900    5.08241758000
  2026-10-08T21:52:00.000000       6681.021497635        145.321127491       1033.289114376   -0.89768984300    5.80736070000    4.94872522800
  2026-10-08T21:56:00.000000       6221.389646549       1516.507916195       2167.989939437   -2.90883175700    5.54830694200    4.44827745900
  2026-10-08T21:59:59.999999       5302.037154686       2775.633056231       3142.031204641   -4.70484101500    4.87933867700    3.61826923200
  2026-10-08T22:03:59.999999       3990.986156376       3829.703211146       3883.286970667   -6.15274033300    3.85017599300    2.52051377000
  2026-10-08T22:08:00.000000       2385.202004296       4600.953639140       4336.942698771   -7.14578894600    2.53715462000    1.23652641800
  2026-10-08T22:12:00.000000        603.331214384       5032.548704203       4469.508724861   -7.61110411400    1.03723666900   -0.13862497700
  2026-10-08T22:15:59.999999      -1223.077967138       5092.696649857       4271.233816174   -7.51466127900   -0.53912572200   -1.50340799500
  2026-10-08T22:19:59.999999      -2959.218370418       4776.940140973       3756.782883211   -6.86348946500   -2.07592702900   -2.75708459500
  2026-10-08T22:24:00.000000      -4476.894764971       4108.517755392       2964.183667555   -5.70536807600   -3.45977430500   -3.80688666100
  2026-10-08T22:28:00.000000      -5663.990110274       3136.722591685       1952.074843761   -4.12574139800   -4.58832544500   -4.57492206800
  2026-10-08T22:31:59.999999      -6432.823948600       1933.297555012        795.395032887   -2.24154566600   -5.37801658500   -5.00412820700
  2026-10-08T22:35:59.999999      -6726.717557195        587.135256573       -420.183960746   -0.19257704400   -5.77045266500   -5.06273794900
  2026-10-08T22:40:00.000000      -6524.237236792       -802.360212612      -1604.679566718    1.86917091800   -5.73697250000   -4.74679797800
  2026-10-08T22:44:00.000000      -5840.723867695      -2132.708274898      -2670.535292326    3.79119528700   -5.28075671500   -4.08033790500
  2026-10-08T22:47:59.999999      -4727.009284322      -3305.987576724      -3539.140375925    5.43211464200   -4.43628798100   -3.11333841600
  2026-10-08T22:51:59.999999      -3265.471513005      -4236.024572354      -4146.594762619    6.67200721400   -3.26632593400   -1.91759634000
  2026-10-08T22:56:00.000000      -1563.834591223      -4854.625515880      -4448.307594897    7.42075082400   -1.85695785600   -0.58120053000
  2026-10-08T23:00:00.000000        252.744241136      -5116.431901925      -4422.147748053    7.62400732900   -0.31126021100    0.79788508000
  2026-10-08T23:03:59.999999       2050.741914384      -5002.143178858      -4069.995503263    7.26677313200    1.25796187300    2.11869598000
  2026-10-08T23:07:59.999999       3697.882304921      -4519.927239039      -3417.621623752    6.37444565400    2.73592866800    3.28426715100
  2026-10-08T23:12:00.000000       5072.733379637      -3704.930069826      -2512.904687034    5.01152253000    4.01396119200    4.20845708100
  2026-10-08T23:16:00.000000       6073.642953574      -2616.847306115      -1422.440720002    3.27742114400    4.99743494100    4.82242603600
  2026-10-08T23:19:59.999999       6626.351754959      -1335.670696767       -226.725052117    1.29965090400    5.61294775800    5.07996659700
  2026-10-08T23:23:59.999999       6689.668394878         44.143746346        985.771828750   -0.77544966500    5.81420639000    4.96131899000
  2026-10-08T23:28:00.000000       6258.688868834       1420.692585628       2125.216250782   -2.79378355000    5.58586429600    4.47496839300
  2026-10-08T23:32:00.000000       5365.223613347       2692.259129871       3107.166559061   -4.60550090700    4.94481488300    3.65707358000
  2026-10-08T23:35:59.999999       4075.378995028       3764.927817210       3858.906772941   -6.07644796900    3.93872079800    2.56853899100
  2026-10-08T23:39:59.999999       2484.554770474       4559.549158528       4324.842539957   -7.09817324500    2.64215130500    1.29019048200
  2026-10-08T23:44:00.000000        710.303752139       5017.552895711       4470.570004562   -7.59561040700    1.15094737200   -0.08329348800
  2026-10-08T23:48:00.000000      -1116.374702655       5105.202720260       4285.365693135   -7.53238300100   -0.42505553200   -1.45048486900
  2026-10-08T23:51:59.999999      -2860.651399697       4816.028595516       3782.935617854   -6.91315077000   -1.96984860500   -2.71044630900
  2026-10-08T23:55:59.999999      -4393.743265575       4171.309326842       3000.426048693   -5.78338292400   -3.36957143500   -3.76997665900
  2026-10-09T00:00:00.000000      -5602.402862163       3218.570248948       1995.722531441   -4.22630425600   -4.52071204600   -4.55050756900
  2026-10-09T00:04:00.000000      -6397.341398168       2028.144619757        843.211648219   -2.35716713900   -5.33797213200   -4.99402161500
  2026-10-09T00:08:00.000000      -6719.939513097        687.969456014       -371.743811075   -0.31466927300   -5.76090154600   -5.06767106600
  2026-10-09T00:11:59.999999      -6546.634524639       -702.982298493      -1559.197816757    1.74964006200   -5.75857850400   -4.76635904200
  2026-10-09T00:15:59.999999      -5890.611057293      -2042.113565116      -2631.365172035    3.68305955800   -5.33187410500   -4.11303700300
  2026-10-09T00:20:00.000000      -4800.678265093      -3230.836724856      -3509.156877691    5.34328171400   -4.51306938600   -3.15672066900
  2026-10-09T00:24:00.000000      -3357.479822433      -4181.829661280      -4127.991080009    6.60893972300   -3.36309364500   -1.96845711400
  2026-10-09T00:27:59.999999      -1667.408256723      -4825.353610766      -4442.437766063    7.38802836500   -1.96660360200   -0.63580194100
  2026-10-09T00:31:59.999999        145.219936912      -5114.222217551      -4429.432225835    7.62400811800   -0.42574614600    0.74354002700
  2026-10-09T00:36:00.000000       1947.168135648      -5027.152871829      -4089.892485031    7.29950174700    1.14701309000    2.06858207500
  2026-10-09T00:40:00.000000       3605.881089766      -4570.318497509      -3448.666504847    6.43756633100    2.63667536700    3.24205940500
  2026-10-09T00:43:59.999999       4999.087434227      -3776.990184495      -2552.807054475    5.10040389900    3.93376500800    4.17731924600
  2026-10-09T00:47:59.999999       6023.776730063      -2705.263039937      -1468.247605412    3.38548793400    4.94217530800    4.80465841200
  2026-10-09T00:52:00.000000       6603.943810516      -1433.926432885       -275.051997466    1.41899724500    5.58672952900    5.07687062200
  2026-10-09T00:56:00.000000       6696.381597303        -56.695712737        938.499857620   -0.65362915700    5.81903094800    4.97314943100
  2026-10-09T00:59:59.999999       6294.029351717       1324.726700787       2082.500263526   -2.67853540300    5.62139716100    4.50086630900
  2026-10-09T01:03:59.999999       5426.571865402       2608.262847440       3072.169909163   -4.50536246000    5.00840226500    3.69510420800
  2026-10-09T01:08:00.000000       4158.193215684       3699.103668272       3834.219486129   -5.99881210800    4.02562645500    2.61588216600
  2026-10-09T01:12:00.000000       2582.712075852       4516.755255053       4312.291321767   -7.04874605600    2.74597227000    1.34335723000
  2026-10-09T01:15:59.999999        816.549162123       5000.943995935       4471.081639604   -7.57803310800    1.26398092700   -0.02828611100
  2026-10-09T01:19:59.999999      -1009.879275292       5115.999720953       4298.896284597   -7.54789970500   -0.31111916200   -1.39766993200
  2026-10-09T01:24:00.000000      -2761.761093286       4853.435284189       3808.486983979   -6.96062356500   -1.86341109700   -2.66371782600
  2026-10-09T01:28:00.000000      -4309.752113898       4232.567685650       3036.108929129   -5.85930407300   -3.27846637600   -3.73278304000
  2026-10-09T01:31:59.999999      -5539.514524321       3299.165792410       2038.905230203   -4.32515104400   -4.45168259500   -4.52559696900
  2026-10-09T01:35:59.999999      -6360.208163636       2122.121521053        890.699275712   -2.47159581700   -5.29619604400   -4.98328711600
  2026-10-09T01:40:00.000000      -6711.289848516        788.372074899       -323.468283465   -0.43612469900   -5.74945641100   -5.07186877500
  2026-10-09T01:44:00.000000      -6567.078562126       -603.576537791      -1513.697111434    1.63015907700   -5.77826708700   -4.78513297500
  2026-10-09T01:47:59.999999      -5938.606227210      -1951.038518970      -2591.987848041    3.57436425800   -5.38116334100   -4.14496810200
  2026-10-09T01:51:59.999999      -4872.655595654      -3154.795220977      -3478.791306043    5.25336458400   -4.58828073700   -3.19941677300
  2026-10-09T01:56:00.000000      -3448.108585427      -4126.405030781      -4108.850797871    6.54436922900   -3.45861750700   -2.01872433400
  2026-10-09T02:00:00.000000      -1770.006392477      -4794.599480126      -4435.905196210    7.35345809600   -2.07540154100   -0.68995477900
  2026-10-09T02:03:59.999999         38.197956849      -5110.382112924      -4435.968942914    7.62193132500   -0.53985541000    0.68944741100
  2026-10-09T02:07:59.999999       1843.586101296      -5050.502158265      -4109.008521342    7.33007812800    1.03593592200    2.01849021500
  2026-10-09T02:12:00.000000       3513.358384058      -4619.143069230      -3478.953228088    6.49859098700    2.53676512500    3.19963626300
  2026-10-09T02:16:00.000000       4924.443033031      -3847.708538745      -2592.036285604    5.18746596600    3.85235650200    4.14567867900
  2026-10-09T02:19:59.999999       5972.538048674      -2792.673535498      -1513.530972142    3.49226139800    4.88535951800    4.78617327800
  2026-10-09T02:23:59.999999       6579.911232281      -1531.577698095       -323.041613184    1.53753215100    5.55872374600    5.07294562200
  2026-10-09T02:28:00.000000       6701.343127394       -157.387350620        891.354897764   -0.53202737200    5.82186287600    4.98407209700
  2026-10-09T02:32:00.000000       6327.649907694       1228.425400516       2039.692488510   -2.56279799800    5.65494113100    4.52587272000
  2026-10-09T02:35:59.999999       5486.395810495       2523.477310869       3036.882712378   -4.40409982400    5.07022723400    3.73237520000
  2026-10-09T02:39:59.999999       4239.817601078       3632.111920187       3809.079163997   -5.91953934200    4.11116576400    2.66264373700
  2026-10-09T02:44:00.000000       2680.117583979       4472.520465541       4299.170874220   -6.99732268500    2.84889884300    1.39613808600
  2026-10-09T02:48:00.000000        922.552026278       4982.747976832       4470.966800230   -7.55827083100    1.37669656900    0.02664433400
  2026-10-09T02:51:59.999999       -903.108754230       5125.197690902       4311.811802236   -7.56128590200   -0.19697086900   -1.34469855300
  2026-10-09T02:55:59.999999      -2662.101684130       4889.356673635       3833.484493891   -7.00614063700   -1.75623207900   -2.61662474100
  2026-10-09T03:00:00.000000      -4224.562672853       4292.577511970       3071.349471068   -5.93362131400   -3.18615718700   -3.69505386300
  2026-10-09T03:04:00.000000      -5475.085470968       3378.847573274       2081.790430138   -4.42277229800   -4.38108042500   -4.50001265300
  2026-10-09T03:08:00.000000      -6321.303337522       2215.600952481        938.067878789   -2.58536291300   -5.25253612000   -4.97174969900
  2026-10-09T03:11:59.999999      -6700.790119715        888.745118974       -275.119964595   -0.55757360500   -5.73602868900   -5.07529454000
  2026-10-09T03:15:59.999999      -6585.742984961       -503.727352148      -1467.946719874    1.51007272100   -5.79602434900   -4.80321346900
  2026-10-09T03:20:00.000000      -5985.036787397      -1859.080001127      -2552.208831926    3.46450025600   -5.42874981700   -4.17633611200
  2026-10-09T03:24:00.000000      -4943.406394304      -3077.501830029      -3447.909504818    5.16180478200   -4.66213283400   -3.24172703400
  2026-10-09T03:27:59.999999      -3537.951582059      -4069.457020543      -4089.130022820    6.47780141700   -3.55326393400   -2.06884726900
  2026-10-09T03:31:59.999999      -1872.319776140      -4762.177556914      -4428.785197986    7.31673564400   -2.18387481200   -0.74418761400
  2026-10-09T03:36:00.000000        -69.061311566      -5104.863943392      -4441.961828556    7.61769515000   -0.65420747400    0.63507298700
  2026-10-09T03:40:00.000000       1739.265224896      -5072.298721192      -4127.671117353    7.35865068200    0.92406100600    1.96792700300
  2026-10-09T03:43:59.999999       3419.651693448      -4666.667808516      -3508.920329713    6.55793813300    2.43556011700    3.15657484200
  2026-10-09T03:47:59.999999       4848.265920407      -3917.486121616      -2631.112801765    5.27330907600    3.76927122500    4.11330588100
  2026-10-09T03:52:00.000000       5919.532277967      -2879.586270142      -1558.842747522    3.59832965800    4.82654045600    4.76691334200
  2026-10-09T03:56:00.000000       6554.028490400      -1629.235792279       -371.244816296    1.65609363400    5.52857655500    5.06827172700
  2026-10-09T03:59:59.999999       6704.537936376       -258.581857313        843.833020505   -0.40980407400    5.82272691800    4.99438876900
  2026-10-09T04:03:59.999999       6359.706492473       1131.170973690       1996.374660967   -2.44597880000    5.68669940700    4.55036980700
  2026-10-09T04:08:00.000000       5544.978294884       2437.343371108       3000.978126254   -4.30124959100    5.13058498500    3.76928551700
  2026-10-09T04:12:00.000000       4320.625178912       3563.476578190       3783.260434932   -5.83834324700    4.19571925100    2.70925319200
  2026-10-09T04:15:59.999999       2777.187556704       4426.467875540       4285.360662836   -6.94383277500    2.95135552400    1.44897425400
  2026-10-09T04:19:59.999999       1028.719801918       4962.685066217       4470.195831668   -7.53642248800    1.48948401700    0.08179008800
  2026-10-09T04:24:00.000000       -795.679940773       5132.614573868       4324.144674226   -7.57270078000   -0.08218430200   -1.29132044500
  2026-10-09T04:28:00.000000      -2561.347680110       4923.709103854       3858.018807625   -7.04999917900   -1.64795595200   -2.56895734900
  2026-10-09T04:31:59.999999      -4137.924847123       4351.325621812       3106.274462160   -6.00665687700   -3.09238742300   -3.65667479200
  2026-10-09T04:35:59.999999      -5408.954988284       3457.654991551       2124.517696337   -4.51956445400   -4.30872919600   -4.47378521300
  2026-10-09T04:40:00.000000      -6280.548461649       2308.654262833        985.429838032   -2.69873338000   -5.20689515000   -4.95958404200
  2026-10-09T04:44:00.000000      -6688.415335595        989.192060902       -226.625258667   -0.67925231500   -5.72044553900   -5.07809078600
  2026-10-09T04:47:59.999999      -6602.670489803       -403.291421514      -1421.916289577    1.38909745400   -5.81169417900   -4.82081959000
  2026-10-09T04:51:59.999999      -6030.013163508      -1766.058580038      -2512.056326080    3.35318069200   -5.47448462400   -4.20741043400
  2026-10-09T04:56:00.000000      -5013.111550931      -2998.744965210      -3416.607890993    5.06831337800   -4.73453248800   -3.28394828200
  2026-10-09T05:00:00.000000      -3627.257987507      -4010.762208585      -4068.996107453    6.40895574600   -3.64702316700   -2.11911965500
  2026-10-09T05:03:59.999999      -1974.666028206      -4727.874388555      -4421.318568100    7.27757673300   -2.29213140100   -0.79882944300
  2026-10-09T05:07:59.999999       -176.930528292      -5097.499516476      -4447.736198702    7.61112621500   -0.76906060600    0.58005729100
  2026-10-09T05:12:00.000000       1633.806110877      -5092.451368920      -4146.287528341    7.38519025600    0.81101272500    1.91658375600
  2026-10-09T05:16:00.000000       3324.372211139      -4712.901740537      -3539.037668154    6.61572323100    2.33260579200    3.11266994300
  2026-10-09T05:19:59.999999       4770.211919109      -3986.447187551      -2670.542036380    5.35819664800    3.68400746000    4.08009487400
  2026-10-09T05:23:59.999999       5864.505208091      -2966.237033980      -1604.699100453    3.70415535200    4.76532457600    4.74691633400
  2026-10-09T05:28:00.000000       6526.142779990      -1727.210830814       -420.149531091    1.77504029900    5.49602051200    5.06302819000
  2026-10-09T05:32:00.000000       6705.900503571       -360.661327265        795.494218234   -0.28652833300    5.82130686500    5.00433319000
  2026-10-09T05:35:59.999999       6390.251327427       1032.531445719       1952.190618040   -2.32761131400    5.71660574400    4.57482046200
  2026-10-09T05:39:59.999999       5602.447790555       2349.435372323       2964.222136081   -4.19663427700    5.18954035600    3.80634347400
  2026-10-09T05:44:00.000000       4400.772038278       3492.782021378       3756.644416487   -5.75514779700    4.27932740000    2.75617807300
  2026-10-09T05:48:00.000000       2874.095440974       4378.199606009       4270.850469727   -6.88824065300    3.05347988200    1.50230042100
  2026-10-09T05:51:59.999999       1135.215781111       4940.398216546       4468.853109833   -7.51258956100    1.60250512900    0.13749950600
  2026-10-09T05:55:59.999999       -687.466993559       5137.924248853       4336.043751207   -7.58231255800    0.03334573400   -1.23736735900
  2026-10-09T06:00:00.000000      -2459.403836884       4956.192625908       3882.250784558   -7.09229486900   -1.53843832300   -2.52077249800
  2026-10-09T06:04:00.000000      -4049.761409074       4408.555627491       3141.019668946   -6.07848700500   -2.99697099100   -3.61779820800
  2026-10-09T06:08:00.000000      -5341.058681763       3535.372530710       2167.179180139   -4.61556739300   -4.23446896000   -4.44709545000
  2026-10-09T06:11:59.999999      -6237.891758561       2401.089968842       1032.829088806   -2.81174019300   -5.15925372200   -4.94702709900
  2026-10-09T06:15:59.999999      -6674.091047383       1089.503056768       -178.005922746   -0.80088241600   -5.70284793700   -5.08053774700
  2026-10-09T06:20:00.000000      -6617.679669894       -302.502662308      -1375.675461713    1.26778866300   -5.82532823700   -4.83807695400
  2026-10-09T06:24:00.000000      -6073.201405323      -1672.207265070      -2471.617488723    3.24111055700   -5.51829240200   -4.23819093100
  2026-10-09T06:27:59.999999      -5081.257376739      -2918.721454605      -3384.956562202    4.97367323400   -4.80523762400   -3.32594090000
  2026-10-09T06:31:59.999999      -3715.322002462      -3950.431266447      -4048.463962777    6.33861800700   -3.73940992300   -2.16921373500
  2026-10-09T06:36:00.000000      -2076.166613874      -4691.655675946      -4413.419941186    7.23663704000   -2.39945401800   -0.85337210500
  2026-10-09T06:40:00.000000       -284.404952032      -5088.055359122      -4453.063678514    7.60258436600   -0.88349453000    0.52505955200
  2026-10-09T06:43:59.999999       1528.260667984      -5110.492178832      -4164.465245833    7.40972218600    0.69781554500    1.86516089700
  2026-10-09T06:47:59.999999       3228.531814569      -4757.125176558      -3568.741261475    6.67157205100    2.22895707600    3.06863939500
  2026-10-09T06:52:00.000000       4691.149282513      -4053.628586066      -2709.595353740    5.44131801800    3.59752797200    4.04669777200
  2026-10-09T06:56:00.000000       5808.077973870      -3051.456140715      -1650.232806862    3.80850216800    4.70242529100    4.72665019100
  2026-10-09T06:59:59.999999       6496.552684001      -1824.205985599       -468.804062168    1.89294577100    5.46140694900    5.05745950000
  2026-10-09T07:03:59.999999       6705.367176219       -462.286285422        747.321933314   -0.16379644200    5.81758285500    5.01389458400
  2026-10-09T07:08:00.000000       6418.847266533        933.773878365       1908.069852875   -2.20910889900    5.74409491900    4.59882629800
  2026-10-09T07:12:00.000000       5658.084569469       2260.847147052       2927.432719160   -4.09121540500    5.24626650100    3.84304000600
  2026-10-09T07:15:59.999999       4479.338170316       3420.912793188       3729.913845545   -5.67066463400    4.36104435000    2.80277105600
  2026-10-09T07:19:59.999999       2969.789363726       4328.348623888       4256.148035939   -6.83087092300    3.15411374300    1.55532746600
  2026-10-09T07:24:00.000000       1240.980940699       4916.240554216       4467.265307726   -7.48657179400    1.71466540100    0.19308837800
  2026-10-09T07:28:00.000000       -579.445606993       5141.242234188       4347.689556960   -7.58963518000    0.14871217600   -1.18337478200
  2026-10-09T07:31:59.999999      -2357.106154307       4986.724410263       3906.257277025   -7.13236300000   -1.42842591800   -2.47239848300
  2026-10-09T07:35:59.999999      -3960.733330008       4464.027676630       3175.596963787   -6.14831108300   -2.90044009300   -3.57862846800
  2026-10-09T07:40:00.000000      -5271.860380768       3611.668330246       2209.754077570   -4.70995872000   -4.15854451300   -4.42003245300
  2026-10-09T07:44:00.000000      -6193.610243447       2492.556483271       1080.237327632   -2.92369330900   -5.10954193500   -4.93406087500
  2026-10-09T07:47:59.999999      -6657.960485687       1189.366354148       -129.281931574   -0.92205448700   -5.68300612900   -5.08259132200
  2026-10-09T07:51:59.999999      -6630.842895840       -201.623536677      -1329.234991432    1.14635252900   -5.83675286100   -4.85493270400
  2026-10-09T07:56:00.000000      -6114.641164509      -1577.754790121      -2430.880722659    3.12836420000   -5.56007670400   -4.26856507800
  2026-10-09T08:00:00.000000      -5147.875068543      -2837.645178227      -3352.913505199    4.87789225200   -4.87421799000   -3.36756089800
  2026-10-09T08:03:59.999999      -3802.176624750      -3888.676620941      -4027.457822916    6.26677786400   -3.83043570600   -2.21899640100
  2026-10-09T08:07:59.999999      -2176.853239855      -4653.734288913      -4404.980993574    7.19391027300   -2.50582244000   -0.90767804300
  2026-10-09T08:12:00.000000       -391.521830779      -5076.735564720      -4457.808668998    7.59205704300   -0.99745077700    0.47016609700
  2026-10-09T08:16:00.000000       1422.586204006      -5126.603025895      -4182.053353929    7.43220278400    0.58458349600    1.81369096500
  2026-10-09T08:19:59.999999       3132.078707704      -4799.492227810      -3597.886976505    6.72547205200    2.12473878200    3.02439278300
  2026-10-09T08:23:59.999999       4611.033016188      -4119.145603057      -2748.156359727    5.52272072200    3.51003344600    4.01298045400
  2026-10-09T08:28:00.000000       5750.215504234      -3135.302495940      -1695.362929435    3.91140290700    4.63812123500    4.70596126500
  2026-10-09T08:32:00.000000       6465.225400126      -1920.206631943       -517.172321586    2.00980952900    5.42506326700    5.05134053500
  2026-10-09T08:35:59.999999       6702.905156446       -563.356660449        699.296032461   -0.04162115700    5.81194084800    5.02284756300
  2026-10-09T08:39:59.999999       6445.436123388        835.097895790       1863.945039926   -2.09070035100    5.76956461300    4.62218017200
  2026-10-09T08:44:00.000000       5711.759258867       2171.848033612       2890.477078834   -3.98530063300    5.30093948700    3.87906230200
  2026-10-09T08:48:00.000000       4556.136780970       3348.159570411       3702.867284958   -5.58509102000    4.44091753800    2.84880942000
  2026-10-09T08:51:59.999999       3064.029726518       4277.211732223       4241.013338847   -6.77197671600    3.25324725000    1.60792375900
  2026-10-09T08:55:59.999999       1345.705822509       4890.485732478       4465.151211967   -7.45863156200    1.82574430400    0.24832690100
  2026-10-09T09:00:00.000000       -471.957754988       5142.769241254       4358.747097934   -7.59470411200    0.26358186300   -1.12951821500
  2026-10-09T09:04:00.000000      -2254.791999560       5015.426246345       3929.674830264   -7.17015033200   -1.31825925700   -2.42390851300
  2026-10-09T09:08:00.000000      -3871.155576559       4517.778352881       3209.640543298   -6.21599646000   -2.80315483700   -3.53911659000
  2026-10-09T09:11:59.999999      -5201.633891754       3686.490027539       2251.901452263   -4.80253040900   -4.08132659100   -4.39243576600
  2026-10-09T09:15:59.999999      -6147.915784443       2582.914406415       1127.361587561   -3.03427889500   -5.05809425600   -4.92044306300
  2026-10-09T09:20:00.000000      -6640.155380253       1288.579642626        -80.676048433   -1.04243712800   -5.66111449600   -5.08393497400
  2026-10-09T09:24:00.000000      -6642.216729431       -100.884574965      -1282.746755358    1.02509420600   -5.84599289600   -4.87111389700
  2026-10-09T09:27:59.999999      -6154.325445476      -1482.917002556      -2389.941766471    3.01515586200   -5.59970022000   -4.29833811900
  2026-10-09T09:31:59.999999      -5212.923209321      -2755.689009126      -3320.538690794    4.78103919000   -4.94127552300   -3.40871008000
  2026-10-09T09:36:00.000000      -3887.780730464      -3825.626694642      -4006.024726318    6.19338614600   -3.91995482400   -2.26845981500
  2026-10-09T09:40:00.000000      -2276.700468571      -4614.216897986      -4396.054853465    7.14932648400   -2.61118915800   -0.96179416500
  2026-10-09T09:43:59.999999       -498.268709694      -5063.639852092      -4462.034458798    7.57948739600   -1.11091214300    0.41534962300
  2026-10-09T09:47:59.999999       1316.778511896      -5140.883827043      -4199.121118477    7.45255753200    0.47130202900    1.76214005800
  2026-10-09T09:52:00.000000       3034.989778884      -4840.108470600      -3626.555563123    6.77734849800    2.01991602200    2.97987897100
  2026-10-09T09:56:00.000000       4529.824350529      -4183.120496313      -2786.322812897    5.60236534800    3.42140635300    3.97884206400
  2026-10-09T09:59:59.999999       5690.888742096      -3217.932075707      -1740.211513984    4.01298043100    4.57226725400    4.68476882000
  2026-10-09T10:03:59.999999       6432.169068809      -2015.398090537       -565.385992679    2.12579637200    5.38688115700    5.04465969800
  2026-10-09T10:08:00.000000       6698.568194951       -664.087032881        651.281587834    0.08023765500    5.80426514000    5.03119038200
  2026-10-09T10:12:00.000000       6470.146078590        736.271297603       1819.688502656   -1.97201396500    5.79300461400    4.64495309900
  2026-10-09T10:15:59.999999       5763.683605034       2082.229385442       2853.256771797   -3.87860638300    5.35374320600    3.91454742900
  2026-10-09T10:19:59.999999       4631.431677740       3274.362831198       3675.431139743   -5.49822915200    4.51914745200    2.89435652400
  2026-10-09T10:24:00.000000       3157.136821348       4224.682560384       4225.388884204   -6.71134228900    3.35115470100    1.66020168000
  2026-10-09T10:28:00.000000       1449.744029391       4863.099985244       4462.495061642   -7.42871982400    1.93606000100    0.30344124400
  2026-10-09T10:31:59.999999       -364.666384006       5142.543154140       4369.250341420   -7.59766396900    0.37820198200   -1.07565242800
  2026-10-09T10:35:59.999999      -2152.156452994       5042.383961068       3952.558554606   -7.20576586800   -1.20774196900   -2.37523312200
  2026-10-09T10:40:00.000000      -3780.756510805       4569.945929531       3243.219879173   -6.28172944300   -2.70490862200   -3.49922164000
  2026-10-09T10:44:00.000000      -5130.159119873       3760.019207430       2293.696834765   -4.89352365700   -4.00266563800   -4.36428943200
  2026-10-09T10:47:59.999999      -6100.653049428       2672.369531099       1174.282042128   -3.14379231300   -5.00485877700   -4.90614475300
  2026-10-09T10:51:59.999999      -6620.595195190       1387.347383410        -32.103749400   -1.16233996100   -5.63723032600   -5.08455667300
  2026-10-09T10:56:00.000000      -6651.792774636         -0.104540064      -1236.116408595    0.90369898400   -5.85320475100   -4.88656538400
  2026-10-09T11:00:00.000000      -6192.316020608      -1387.564822834      -2348.693745999    2.90123266400   -5.63743379300   -4.32745502500
  2026-10-09T11:03:59.999999      -5276.508641250      -2672.792878534      -3287.708619946    4.68297835100   -5.00668247300   -3.44930106000
  2026-10-09T11:07:59.999999      -3972.267663593      -3761.282046815      -3984.020245037    6.11834161200   -4.00819154900   -2.31753422200
  2026-10-09T11:12:00.000000      -2375.865790482      -4573.151862249      -4386.490440683    7.10279792200   -2.71574914900   -1.01574343200
  2026-10-09T11:16:00.000000       -604.817190239      -5048.868531143      -4465.607635546    7.56486740900   -1.22411222700    0.36049658000
  2026-10-09T11:19:59.999999       1210.679418377      -5153.486412606      -4215.563004690    7.47088630900    0.35779126000    1.71040763400
  2026-10-09T11:23:59.999999       2937.132421809      -4879.157356545      -3654.659842346    6.82729571300    1.91439112600    2.93502018500
  2026-10-09T11:28:00.000000       4447.413572488      -4245.754520401      -2824.030315726    5.68036048100    3.33160700300    3.94417738100
  2026-10-09T11:32:00.000000       5630.013624440      -3299.548116543      -1784.743876471    4.11333714700    4.50487636200    4.66292468500
  2026-10-09T11:35:59.999999       6397.331943796      -2109.975016323       -613.443224614    2.24105937600    5.34693840700    5.03731081900
  2026-10-09T11:39:59.999999       6692.332696159       -764.639066425        603.261836735    0.20184435700    5.79472613200    5.03884967300
  2026-10-09T11:44:00.000000       6492.959964016        637.170617132       1775.260750729   -1.85304190200    5.81456390300    4.66703986600
  2026-10-09T11:48:00.000000       5813.850556130       1991.898913537       2815.706535006   -3.77105652100    5.40482391600    3.94942102500
  2026-10-09T11:51:59.999999       4705.228963796       3199.476640460       3647.532753530   -5.41007013000    4.59595481600    2.93940386200
  2026-10-09T11:55:59.999999       3249.101545087       4170.761751168       4209.193516242   -6.64903320800    3.44797596000    1.71207771500
  2026-10-09T12:00:00.000000       1553.085751675       4834.117951045       4459.194592236   -7.39681655200    2.04578107900    0.35836387900
  2026-10-09T12:04:00.000000       -257.579136041       5140.636507685       4379.090245525   -7.59854616600    0.49270750300   -1.02175542300
  2026-10-09T12:08:00.000000      -2049.230007638       5067.691066314       3974.808723376   -7.23933708800   -1.09686094900   -2.32635487900
  2026-10-09T12:11:59.999999      -3689.585487925       4620.610086650       3276.231762704   -6.34551753000   -2.60577601900   -3.45897025500
  2026-10-09T12:15:59.999999      -5057.480868645       3832.324929856       2335.030337207   -4.98289759600   -3.92257755300   -4.33562705100
  2026-10-09T12:20:00.000000      -6051.854904681       2760.998903400       1220.881557265   -3.25219222900   -4.94977199300   -4.89120249700
  2026-10-09T12:24:00.000000      -6599.305925223       1485.764176419         16.311502925   -1.28174946200   -5.61126260500   -5.08446005100
  2026-10-09T12:27:59.999999      -6659.601918306        100.835023700      -1189.470768590    0.78212731000   -5.85827776500   -4.90131557000
  2026-10-09T12:31:59.999999      -6228.660526401      -1291.551973279      -2307.269437736    2.78648129600   -5.67315740900   -4.35594342300
  2026-10-09T12:36:00.000000      -5338.722217903      -2588.786867550      -3254.568873192    4.58348747500   -5.07040149800   -3.48942565000
  2026-10-09T12:40:00.000000      -4055.780852672      -3695.477433833      -3961.617410929    6.04142411000   -4.09520864900   -2.36632418100
  2026-10-09T12:43:59.999999      -2474.548323536      -4530.402223502      -4376.483461182    7.05408862200   -2.81967475400   -1.06962044700
  2026-10-09T12:47:59.999999       -711.420816063      -5032.334974968      -4468.748026787    7.54797625200   -1.33730627500    0.30549087100
  2026-10-09T12:52:00.000000       1103.990113129      -5164.404130355      -4231.634621667    7.48708273100    0.24363766400    1.65832319200
  2026-10-09T12:56:00.000000       2838.208318884      -4916.741251294      -3682.491453040    6.87540087700    1.80770004200    2.88970560000
  2026-10-09T12:59:59.999999       4363.535523329      -4307.256250134      -2861.588627247    5.75688413700    3.24021574100    3.90893764600
  2026-10-09T13:03:59.999999       5567.376982249      -3380.456730824      -1829.277619815    4.21274242800    4.43555600700    4.64041288500
  2026-10-09T13:08:00.000000       6360.580479531      -2204.333194235       -661.666262250    2.35601826800    5.30489307700    5.02928781500
  2026-10-09T13:12:00.000000       6684.185733264       -865.474090907        554.927557002    0.32375494100    5.78313179700    5.04594010800
  2026-10-09T13:15:59.999999       6513.997782121        537.315397754       1730.396041536   -1.73326035200    5.83425981700    4.68867519100
  2026-10-09T13:19:59.999999       5862.486431664       1900.396596200       2777.625655364   -3.66227983900    5.45429677800    3.98396163400
  2026-10-09T13:24:00.000000       4777.839042347       3123.071890895       3619.040766427   -5.32030449300    4.67151760500    2.98427456600
  2026-10-09T13:28:00.000000       3340.294025163       4115.080179299       4192.380605800   -6.58489492000    3.54402832700    1.76392136300
  2026-10-09T13:31:59.999999       1656.105623561       4803.247260220       4455.278653982   -7.36298056000    2.15519924500    0.41332810500
  2026-10-09T13:35:59.999999       -150.338697319       5136.832044652       4388.339654030   -7.59743651100    0.60745650300   -0.96767739600
  2026-10-09T13:40:00.000000      -1945.686490959       5091.219758461       3996.531025236   -7.27105935700   -0.98524997900   -2.27713684600
  2026-10-09T13:44:00.000000      -3597.383163122       4669.720223345       3308.813993762   -6.40771955100   -2.50552538700   -3.41825572400
  2026-10-09T13:47:59.999999      -4983.425614793       3903.382090720       2376.052165721   -5.07097514600   -3.84106199500   -4.30645045300
  2026-10-09T13:51:59.999999      -6001.406681321       2848.757583311       1267.294493328   -3.35962415700   -4.89296788900   -4.87573685500
  2026-10-09T13:56:00.000000      -6576.181225573       1583.753399915         64.666735191   -1.40060707400   -5.58333556600   -5.08383457400
  2026-10-09T14:00:00.000000      -6665.504328922        201.833403958      -1142.760370059    0.66059284300   -5.86128547300   -4.91556076800
  2026-10-09T14:03:59.999999      -6263.152536129      -1194.988317592      -2265.664960224    2.67124105900   -5.70686842800   -4.38397329100
  2026-10-09T14:07:59.999999      -5399.260912194      -2503.769637406      -3221.144904315    4.48301616900   -5.13231672900   -3.52914742000
  2026-10-09T14:12:00.000000      -4137.906821834      -3628.264435930      -3938.843233970    5.96310640000   -4.18073967200   -2.41479863000
  2026-10-09T14:16:00.000000      -2572.221613077      -4485.936158599      -4366.040872098    7.00364055800   -2.92253847200   -1.12327430100
  2026-10-09T14:19:59.999999       -817.464714564      -5013.893002525      -4471.411494945    7.52909750400   -1.44997512900    0.25059812000
  2026-10-09T14:23:59.999999        997.369849147      -5173.354945631      -4247.217108109    7.50119919400    0.12944527500    1.60622565100
  2026-10-09T14:28:00.000000       2738.858430495      -4952.438076994      -3709.852969514    6.92150463400    1.70038686900    2.84425459800
  2026-10-09T14:32:00.000000       4278.773521421      -4367.081333925      -2898.717359131    5.83159043200    3.14770436600    3.87349609100
  2026-10-09T14:35:59.999999       5503.447854316      -3460.013178716      -1873.444177740    4.31058067100    4.36465408000    4.61756362900
  2026-10-09T14:39:59.999999       6322.210894785      -2297.767122829       -709.623204720    2.46986543800    5.26089125400    5.02076708500
  2026-10-09T14:44:00.000000       6674.223461801       -965.883371123        506.725924160    0.44515533800    5.76937485700    5.05243577200
  2026-10-09T14:48:00.000000       6533.173087086        437.361601870       1685.517560664   -1.61337100900    5.85179004000    4.70969615200
  2026-10-09T14:51:59.999999       5909.357176239       1808.294883363       2739.388092057   -3.55281160000    5.50177841200    4.01792859800
  2026-10-09T14:55:59.999999       4848.907896663       3045.620661860       3590.260633000   -5.22936354100    4.74535415200    3.02862513300
  2026-10-09T15:00:00.000000       3430.284605753       4057.979401850       4175.167520034   -6.51912292100    3.63872726300    1.81536437800
  2026-10-09T15:04:00.000000       1758.359090627       4770.692084164       4450.885849784   -7.32719955300    2.26378191000    0.46805743800
  2026-10-09T15:08:00.000000        -43.382839852       5131.206110094       4397.071038424   -7.59425520000    0.72189136100   -0.91371696400
  2026-10-09T15:11:59.999999      -1841.920101461       5112.920615312       4017.721847938   -7.30065455600   -0.87335813000   -2.22790431600
  2026-10-09T15:15:59.999999      -3504.460962215       4717.141997628       3340.888574852   -6.46793860300   -2.40440966500   -3.37734694700
  2026-10-09T15:20:00.000000      -4908.209140526       3973.018972957       2416.638392782   -5.15739940400   -3.75820546400   -4.27686972100
  2026-10-09T15:24:00.000000      -5949.456503199       2935.456922298       1313.392155825   -3.46587474700   -4.83451716900   -4.85966947700
  2026-10-09T15:27:59.999999      -6551.336005953       1681.101011041        112.870519791   -1.51882993100   -5.55359978500   -5.08246112000
  2026-10-09T15:31:59.999999      -6669.597500255        302.630895356      -1096.011979067    0.53916571300   -5.86244053500   -4.92898879700
  2026-10-09T15:36:00.000000      -6295.870543097      -1098.179775012      -2223.826970601    2.55560144700   -5.73873549200   -4.41121058300
  2026-10-09T15:40:00.000000      -5458.183773195      -2418.075835396      -3187.307681662    4.38161697900   -5.19249318500   -3.56816577400
  2026-10-09T15:43:59.999999      -4218.703067340      -3559.987798091      -3915.504356540    5.88335347600   -4.26481884100   -2.46272733900
  2026-10-09T15:47:59.999999      -2668.953284874      -4440.103866852      -4354.925293081    6.95141581300   -3.02433379200   -1.17657467200
  2026-10-09T15:52:00.000000       -923.024837338      -4993.878450103      -4473.343686701    7.50821151700   -1.56201103500    0.19583339600
  2026-10-09T15:56:00.000000        890.738707321      -5180.642745275      -4262.064885921    7.51321587500    0.01536054000    1.55402500400
  2026-10-09T15:59:59.999999       2639.001106766      -4986.511042838      -3736.532909140    6.96559544800    1.59264575600    2.79846534300
  2026-10-09T16:03:59.999999       4193.049738358      -4425.445816475      -2935.271955817    5.90455859500    3.05427324000    3.83751351200
  2026-10-09T16:08:00.000000       5438.183035571      -3538.377278669      -1917.179017278    4.40704320500    4.29245992700    4.59408521900
  2026-10-09T16:12:00.000000       6282.219094649      -2390.361518457       -757.312400515    2.58272781800    5.21522187600    5.01148674700
  2026-10-09T16:15:59.999999       6662.477468130      -1065.893412784        458.597790726    0.56621776300    5.75364905600    5.05810048100
  2026-10-09T16:19:59.999999       6550.569236936        337.318481692       1640.518490043   -1.49309718600    5.86725548800    4.72995135700
  2026-10-09T16:24:00.000000       5954.625796694       1715.617772859       2700.860389058   -3.44226117300    5.54732359400    4.05126494900
  2026-10-09T16:28:00.000000       4918.709953840       2967.171945044       3561.064235823   -5.13674737700    4.81763738700    3.07255955200
  2026-10-09T16:31:59.999999       3519.457109941       3999.565540924       4157.465006137   -6.45130524800    3.73235007300    1.86661103100
  2026-10-09T16:35:59.999999       1860.319251694       4736.628136655       4445.987179422   -7.28911211600    2.37182865900    0.52285808400
  2026-10-09T16:40:00.000000         63.845830612       5124.020531432       4405.351330809   -7.58872179800    0.83644980400   -0.85937223600
  2026-10-09T16:44:00.000000      -1737.341022630       5133.166187542       4038.585881204   -7.32813463000   -0.76074283600   -2.17803904100
  2026-10-09T16:47:59.999999      -3410.261509953       4763.345488081       3372.805808089   -6.52641517100   -2.30204578000   -3.33567843100
  2026-10-09T16:51:59.999999      -4831.353491575       4041.793906672       2457.254948723   -5.24256788400   -3.67364055300   -4.24649570400
  2026-10-09T16:56:00.000000      -5895.637495946       3021.750642079       1359.708638552   -3.57149615400   -4.77400617400   -4.84284474200
  2026-10-09T17:00:00.000000      -6524.551686693       1778.558074037        161.459710006   -1.63708963500   -5.52166582400   -5.08046850400
  2026-10-09T17:03:59.999999      -6671.838804361        404.063624961      -1048.750704161    0.41704621200   -5.86144322600   -4.94196821600
  2026-10-09T17:07:59.999999      -6326.982267700      -1000.251843804      -2181.388918817    2.43863193000   -5.76876993800   -4.43817873600
  2026-10-09T17:12:00.000000      -5515.872289584      -2330.879648320      -3152.827947479    4.27848956400   -5.25132666100   -3.60709513800
  2026-10-09T17:16:00.000000      -4298.706521046      -3489.944209737      -3891.517326404    5.80165380600   -4.34802115500   -2.51069498600
  2026-10-09T17:19:59.999999      -2765.384382867      -4392.354263112      -4343.190165030    6.89705088700   -3.12577857200   -1.23008521800
  2026-10-09T17:23:59.999999      -1028.799901642      -4971.934042107      -4474.727055972    7.48520103800   -1.67427971300    0.14070375900
  2026-10-09T17:28:00.000000        783.395640314      -5186.119762046      -4276.467001802    7.52324142600   -0.09948148000    1.50132921300
  2026-10-09T17:32:00.000000       2537.984395545      -5019.016970962      -3762.899111295    7.00797479400    1.48363788700    2.75208457400
  2026-10-09T17:35:59.999999       4105.801850809      -4482.601517057      -2971.658681753    5.97620629900    2.95914141400    3.80090494400
  2026-10-09T17:39:59.999999       5371.138471774      -3615.984120147      -1960.901880117    4.50273379900    4.21823182700    4.56994768100
  2026-10-09T17:44:00.000000       6240.335352280      -2482.700565963       -805.138050676    2.69539557500    5.16744963600    5.00165278000
  2026-10-09T17:48:00.000000       6648.841079457      -1166.152619141        410.212075569    0.68749293600    5.73581724800    5.06329889000
  2026-10-09T17:51:59.999999       6566.185515656        236.525188719       1595.161118185   -1.37210751700    5.88066593800    4.74983561500
  2026-10-09T17:55:59.999999       5998.344309478       1621.721134454       2661.903248399   -3.33052871600    5.59103470400    4.08438351600
  2026-10-09T18:00:00.000000       4987.296670127       2887.099556145       3531.404562757   -5.04252212700    4.88841749300    3.11643108000
  2026-10-09T18:04:00.000000       3607.848373331       3939.230466924       4139.305440307   -6.38153478000    3.82504384000    1.91797915000
  2026-10-09T18:08:00.000000       1961.977367269       4700.496135904       4440.673206620   -7.24899870500    2.47956331300    0.57786107100
  2026-10-09T18:11:59.999999        171.260004812       5114.758039812       4413.267496656   -7.58115502500    0.95124622900   -0.80479747300
  2026-10-09T18:15:59.999999      -1632.096119465       5151.461536531       4059.148160216   -7.35367681900   -0.64730822300   -2.12788109100
  2026-10-09T18:20:00.000000      -3314.959511640       4807.859424615       3404.500231321   -6.58322839000   -2.19835093700   -3.29365018900
  2026-10-09T18:24:00.000000      -4753.042090382       4109.245931365       2497.737633216   -5.32645277700   -3.58737309900   -4.21574552100
  2026-10-09T18:27:59.999999      -5840.100743035       3107.161175212       1405.980244237   -3.67621737700   -4.71154637100   -4.82565410400
  2026-10-09T18:31:59.999999      -6495.883747585       1875.622858944        210.092087984   -1.75488446600   -5.48760578500   -5.07810781900
  2026-10-09T18:36:00.000000      -6672.144096778        505.621975582      -1001.358362278    0.29489994300   -5.85829343000   -4.95459860300
  2026-10-09T18:40:00.000000      -6356.217533417       -901.691391471      -2138.740892185    2.32119146400   -5.79673163100   -4.46482546800
  2026-10-09T18:43:59.999999      -5571.855919178      -2242.572538800      -3118.065366324    4.17439938100   -5.30827116700   -3.64574898700
  2026-10-09T18:47:59.999999      -4377.293954119      -3418.379543227      -3867.193946884    5.71854415100   -4.42973540400   -2.55849013600
  2026-10-09T18:52:00.000000      -2860.770837049      -4342.783301507      -4331.081792850    6.84102491700   -3.22619990100   -1.28344152300
  2026-10-09T18:56:00.000000      -1133.960399486      -4947.978284936      -4475.700961969    7.46026052200   -1.78601218300    0.08569957500
  2026-10-09T18:59:59.999999        676.188027256      -5189.527154168      -4290.440114267    7.53123683500   -0.21436574700    1.44867969100
  2026-10-09T19:03:59.999999       2436.613490754      -5049.527117670      -3788.833859379    7.04831875500    1.37405245300    2.70566350600
  2026-10-09T19:08:00.000000       4017.726426369      -4537.966864113      -3007.640835993    6.04599253200    2.86288452200    3.76412668100
  2026-10-09T19:12:00.000000       5302.853433412      -3692.124297793      -2004.268467633    4.59683559900    4.14243638700    4.54556957400
  2026-10-09T19:15:59.999999       6196.874450791      -2573.999908606       -852.676144972    2.80688478800    5.11770315400    4.99148143700
  2026-10-09T19:19:59.999999       6633.411061320      -1265.872228864        362.025576027    0.80813889000    5.71583996700    5.06810561600
  2026-10-09T19:24:00.000000       6579.915133868        135.753817672       1549.899801646   -1.25127100600    5.89192849000    4.76924933400
  2026-10-09T19:28:00.000000       6040.202315231       1527.337355015       2622.916983703   -3.21840413900    5.63266296800    4.11693924400
  2026-10-09T19:31:59.999999       5054.182793557       2806.064290998       3501.578989444   -4.94736929400    4.95733594800    3.15974080300
  2026-10-09T19:35:59.999999       3694.816650702       3877.516466282       4120.846249070   -6.31035119500    3.91614728700    1.96880222900
  2026-10-09T19:40:00.000000       2062.613057443       4662.658293082       4434.947695103   -7.20701011800    2.58620377000    0.63249824600
  2026-10-09T19:44:00.000000        278.126785015       5103.597908554       4420.705166037   -7.57153891000    1.06552926000   -0.75043809200
  2026-10-09T19:47:59.999999      -1526.896764228       5167.799454410       4079.189552281   -7.37708190600   -0.53385804500   -2.07785353200
  2026-10-09T19:51:59.999999      -3219.188382611       4850.487776318       3435.658145278   -6.63791626800   -2.09406992600   -3.25161426600
  2026-10-09T19:56:00.000000      -4673.771828981       4175.020775346       2537.707844067   -5.40842500200   -3.49996755000   -4.18480600800
  2026-10-09T20:00:00.000000      -5783.188624845       3191.222259277       1451.803113109   -3.77939729500   -4.64751578100   -4.80812380500
  2026-10-09T20:03:59.999999      -6465.524549281       1971.752160465        258.372797985   -1.87159434300   -5.45168473100   -5.07527650000
  2026-10-09T20:07:59.999999      -6670.558301120        606.716022783       -954.190659266    0.17331975900   -5.85309199800   -4.96664415500
  2026-10-09T20:12:00.000000      -6383.498594895       -803.090684997      -2096.167692067    2.20369965800   -5.82257487600   -4.49082870800
  2026-10-09T20:16:00.000000      -5625.972065091      -2153.727370805      -3083.223758810    4.06964609700   -5.36321241500   -3.68377093300
  2026-10-09T20:19:59.999999      -4454.240712947      -3345.822475103      -3842.644669639    5.63420357400   -4.50967917400   -2.60570209600
  2026-10-09T20:23:59.999999      -2954.878546358      -4291.839338510      -4318.624365186    6.78324132700   -3.32526299700   -1.33637930800
  2026-10-09T20:28:00.000000      -1238.302066489      -4922.387499113      -4476.248591897    7.43328414100   -1.89691701800    0.03094051600
  2026-10-09T20:32:00.000000        569.283536740      -5191.165575297      -4303.944249599    7.53698111500   -0.32898765000    1.39612153200
  2026-10-09T20:35:59.999999       2335.001973313      -5078.285089730      -3814.303873510    7.08642367500    1.26407467200    2.65912171200
  2026-10-09T20:39:59.999999       3928.891929707      -4591.743324965      -3043.209713663    6.11372033900    2.76566500200    3.72703436000
  2026-10-09T20:44:00.000000       5233.356274280      -3766.972413580      -2047.320331040    4.68926669400    4.06515265900    4.52070056900
  2026-10-09T20:48:00.000000       6151.861173919      -2664.409812573       -900.031100152    2.91722158400    5.06612047000    4.98072290900
  2026-10-09T20:51:59.999999       6616.220642433      -1365.171442966        313.874622319    0.92821674600    5.69379890500    5.07226651700
  2026-10-09T20:55:59.999999       6591.827019506         34.898834148       1504.518646723   -1.13034045500    5.90109808400    4.78803083200
  2026-10-09T21:00:00.000000       6080.337327921       1432.384854449       2583.668238622   -3.10560904900    5.67237081900    4.14893479700
  2026-10-09T21:04:00.000000       5119.569498159       2724.028667608       3471.363939401   -4.85103854400    5.02459985500    3.20256601300
  2026-10-09T21:08:00.000000       3780.622108428       3814.450651528       4101.900457757   -6.23757983400    4.00597765200    2.01930385900
  2026-10-09T21:11:59.999999       2162.502189767       4623.208077197       4428.671477437   -7.16312393300    2.69196115100    0.68692977700
  2026-10-09T21:15:59.999999        384.737823039       5090.677179981       4427.569775670   -7.55977342100    1.17949002600   -0.69603703900
  2026-10-09T21:20:00.000000      -1421.438265882       5182.373162771       4098.700152251   -7.39840530300   -0.42013397200   -2.02754266900
  2026-10-09T21:24:00.000000      -3122.681590931       4891.475605989       3466.368384212   -6.69070773700   -1.98903829400   -3.20917339900
  2026-10-09T21:27:59.999999      -4593.338680669       4239.390856280       2577.338173146   -5.48874938600   -3.41135095400   -4.15337419300
  2026-10-09T21:31:59.999999      -5724.762156421       3274.221731007       1497.413723865   -3.88132326600   -4.58185236900   -4.79003095800
  2026-10-09T21:36:00.000000      -6433.410070910       2067.251486637        306.581741915   -1.98757455800   -5.41383230600   -5.07185251600
  2026-10-09T21:40:00.000000      -6667.112125629        707.660920304       -906.956276969    0.05188892200   -5.84583710000   -4.97813248000
  2026-10-09T21:43:59.999999      -6408.948385378       -704.148086348      -2053.401528886    2.08582353000   -5.84640103600   -4.51633399800
  2026-10-09T21:47:59.999999      -5678.411568457      -2064.072425997      -3048.076983014    3.96399073300   -5.41629483400   -3.72136348400
  2026-10-09T21:52:00.000000      -4529.785674928      -3272.042295023      -3817.698855339    5.54849767200   -4.58806930300   -2.65259164600
  2026-10-09T21:56:00.000000      -3047.956118421      -4239.348047395      -4305.706792665    6.72372786100   -3.42318282700   -1.38910585600
  2026-10-09T21:59:59.999999      -1342.066413222      -4895.033885286      -4476.302588964    7.40428698900   -2.00719434800   -0.02377026800
  2026-10-09T22:03:59.999999        462.461898790      -5190.959524042      -4316.966818679    7.54066488900   -0.44354124600    1.34343224200
  2026-10-09T22:08:00.000000       2232.981334341      -5105.242379526      -3839.335078096    7.12250185200    1.15365379300    2.61235685500
  2026-10-09T22:12:00.000000       3839.178579316      -4643.892841815      -3078.404931144    6.17958197500    2.66744258200    3.68961777000
  2026-10-09T22:15:59.999999       5162.568803692      -3840.492612462      -2090.088789599    4.78014925400    3.98639493300    4.49539933800
  2026-10-09T22:19:59.999999       6105.237817592      -2753.892296084       -947.217567682    3.02646263900    5.01270198300    4.96944980700
  2026-10-09T22:24:00.000000       6597.218346301      -1464.011518888        265.763585905    1.04771835300    5.66973523900    5.07588649400
  2026-10-09T22:28:00.000000       6601.851894516        -65.991058839       1459.047363600   -1.00945121700    5.90817835100    4.80626406100
  2026-10-09T22:31:59.999999       6118.644667311       1336.902079088       2544.202300645   -2.99227626200    5.71006406000    4.18043222100
  2026-10-09T22:35:59.999999       5183.320176374       2641.008083992       3440.822404893   -4.75366084700    5.09011284400    3.24497017300
  2026-10-09T22:40:00.000000       3865.092838290       3750.022203971       4082.537235673   -6.16336322800    4.09441634400    2.06946777500
  2026-10-09T22:44:00.000000       2261.443978085       4582.112595547       4421.909039792   -7.11749242700    2.79675929100    0.74111857800
  2026-10-09T22:47:59.999999        490.845123210       5075.931842003       4433.895391541   -7.54604102100    1.29292131000   -0.64182964300
  2026-10-09T22:51:59.999999      -1315.985161522       5195.062306911       4117.641560999   -7.41757419800   -0.30635201700   -1.97726784700
  2026-10-09T22:56:00.000000      -3025.669455865       4930.669941961       3496.528910151   -6.74145738100   -1.88332961900   -3.16654280800
  2026-10-09T23:00:00.000000      -4511.942033638       4302.187248875       2616.485536603   -5.56731104900   -3.32159813600   -4.12158172000
  2026-10-09T23:03:59.999999      -5664.989871397       3355.965760490       1542.644717024   -3.98183334200   -4.51467850100   -4.77143695000
  2026-10-09T23:07:59.999999      -6399.661020304       2161.896262206        354.543240919   -2.10257295600   -5.37416822600   -5.06783669800
  2026-10-09T23:12:00.000000      -6661.854370881        808.212638287       -859.819033438   -0.06906505200   -5.83657470200   -4.98897006700
  2026-10-09T23:16:00.000000      -6432.538172841       -605.109308184      -2010.575871109    1.96787764700   -5.86818222100   -4.54119305100
  2026-10-09T23:19:59.999999      -5729.071583010      -1973.841036398      -3012.719222604    3.85773167200   -5.46743666400   -3.75833999800
  2026-10-09T23:23:59.999999      -4603.758430008      -3197.246345613      -3792.401716972    5.46167783500   -4.66476013700   -2.69893471800
  2026-10-09T23:28:00.000000      -3139.782972690      -4185.473777923      -4292.319088864    6.66267236800   -3.51976284500   -1.44139521000
  2026-10-09T23:32:00.000000      -1444.989462902      -4866.027764662      -4475.796861136    7.37343854700   -2.11657280200   -0.07817163300
  2026-10-09T23:35:59.999999        356.008533273      -5188.944945777      -4329.372622504    7.54226900100   -0.55771132400    1.29089669400
  2026-10-09T23:39:59.999999       2130.823210672      -5130.367730880      -3863.739432614    7.15649033200    1.04305599800    2.56552396600
  2026-10-09T23:44:00.000000       3748.842333801      -4694.309399218      -3113.010455137    6.24349271000    2.56859125900    3.65198171600
  2026-10-09T23:48:00.000000       5090.706866035      -3912.486337535      -2132.336137045    4.86925316500    3.90654523000    4.46974634900
  2026-10-09T23:51:59.999999       6057.150153216      -2842.162182133       -993.984672492    3.13425346900    4.95775779800    4.95766528800
  2026-10-09T23:55:59.999999       6576.461191098      -1562.047796473        217.932285362    1.16626927000    5.64381341500    5.07886918800
  2026-10-10T00:00:00.000000       6609.963100488       -166.546710509       1413.694352812   -0.88893087800    5.91323805900    4.82380904600
  2026-10-10T00:04:00.000000       6155.019273154       1241.263072391       2504.686779021   -2.87873116800    5.74572028000    4.21123048500
  2026-10-10T00:08:00.000000       5245.260625998       2557.354465553       3410.069842260   -4.65547677900    5.15370568000    3.28673826400
  2026-10-10T00:11:59.999999       3948.015965216       3684.530361248       4062.821986310   -6.08777171200    4.18123884200    2.11910835200
  2026-10-10T00:15:59.999999       2359.216245310       4539.615584162       4414.688072418   -7.07009959000    2.90036241700    0.79493454200
  2026-10-10T00:20:00.000000        596.245021740       5059.556506143       4439.693206184   -7.53026701100    1.40566118700   -0.58781925500
  2026-10-10T00:24:00.000000      -1210.733987062       5206.013317407       4136.026190462   -7.43457023000   -0.19277835300   -1.92703733900
  2026-10-10T00:27:59.999999      -2928.327060294       4968.142564316       3526.138277706   -6.78996204600   -1.77725622200   -3.12380760100
  2026-10-10T00:31:59.999999      -4429.692980279       4363.426129291       2655.133437858   -5.64382098200   -3.23085354000   -4.08946850300
  2026-10-10T00:36:00.000000      -5603.920441679       3436.452028214       1587.473872390   -4.08071781500   -4.44604191000   -4.75237473900
  2026-10-10T00:40:00.000000      -6364.279943309       2255.671450602        402.227960206   -2.21641696500   -5.33274328900   -5.06323900500
  2026-10-10T00:43:59.999999      -6654.750916144        908.338274394       -812.807198225   -0.18939676200   -5.82540233600   -4.99913083500
  2026-10-10T00:47:59.999999      -6454.203024189       -506.031901217      -1967.702661567    1.84995304400   -5.88802541700   -4.56530267800
  2026-10-10T00:52:00.000000      -5777.874476162      -1883.118219958      -2977.135248100    3.75091279700   -5.51678082600   -3.79459189400
  2026-10-10T00:56:00.000000      -4676.065397862      -3121.554856556      -3766.709752513    5.37382360000   -4.73987953500   -2.74459584100
  2026-10-10T00:59:59.999999      -3230.245121022      -4130.361282637      -4278.383110284    6.60015393200   -3.61507320200   -1.49309656600
  2026-10-10T01:03:59.999999      -1546.942461490      -4835.523421263      -4474.618033249    7.34078114900   -2.22506969200   -0.13212859200
  2026-10-10T01:08:00.000000        250.060387086      -5185.274023942      -4341.020343749    7.54184339600   -0.67145251700    1.23862103200
  2026-10-10T01:12:00.000000       2028.668931711      -5153.791481021      -3887.346478029    7.18833418900    0.93239532700    2.51874990000
  2026-10-10T01:15:59.999999       3657.996626612      -4743.105911606      -3146.835145776    6.30531646300    2.46911286800    3.61412649100
  2026-10-10T01:19:59.999999       5017.871231162      -3983.067905345      -2173.887914494    4.95659555900    3.82562167200    4.44362243600
  2026-10-10T01:24:00.000000       6007.706436109      -2929.319681943      -1040.190407380    3.24062774000    4.90139629400    4.94524442000
  2026-10-10T01:28:00.000000       6554.060777152      -1659.354519454        170.490361561    1.28387373300    5.61611957300    5.08104870900
  2026-10-10T01:31:59.999999       6616.279718782       -266.827361009       1368.525372855   -0.76870846100    5.91631308100    4.84045828500
  2026-10-10T01:35:59.999999       6189.611454066       1145.419178841       2465.140997024   -2.76479821800    5.77940293900    4.24115583200
  2026-10-10T01:40:00.000000       5305.586142014       2473.040796020       3379.085577484   -4.55629774900    5.21551018400    3.32771517600
  2026-10-10T01:44:00.000000       4029.626502517       3617.985540595       4042.701450820   -6.01067484800    4.26658999200    2.16809842700
  2026-10-10T01:47:59.999999       2456.093602515       4495.766242798       4406.930648434   -7.02076245900    3.00296578000    0.84834027600
  2026-10-10T01:51:59.999999        701.240926769       5041.652622333       4444.890048204   -7.51237462000    1.51792729600   -0.53395774900
  2026-10-10T01:56:00.000000      -1105.370126218       5215.386885267       4153.800791989   -7.44941245400   -0.07913141500   -1.87672501600
  2026-10-10T02:00:00.000000      -2830.370579599       5004.117464927       3555.189160593   -6.83647001000   -1.67059693300   -3.08073616800
  2026-10-10T02:03:59.999999      -4346.379975479       4423.363276923       2693.326329426   -5.71858044600   -3.13906703900   -4.05682582900
  2026-10-10T02:07:59.999999      -5541.408322404       3515.940876091       1631.999304119   -4.17824326900   -4.37591544000   -4.73258225100
  2026-10-10T02:12:00.000000      -6327.202559602       2348.847744727        449.798197284   -2.32951742200   -5.28952824700   -5.05782676900
  2026-10-10T02:16:00.000000      -6645.847170651       1008.312240914       -765.714763878   -0.30960718800   -5.81231303900   -5.00848656600
  2026-10-10T02:19:59.999999      -6474.113588443       -406.647362976      -1924.565530296    1.73153860000   -5.90598443200   -4.58869508400
  2026-10-10T02:23:59.999999      -5825.108860529      -1791.653893980      -2941.129371320    3.64303839600   -5.56440896800   -3.83025675900
  2026-10-10T02:28:00.000000      -4747.120963816      -3044.745233559      -3740.478853087    5.28440805700   -4.81361378300   -2.78988266700
  2026-10-10T02:32:00.000000      -3319.873228053      -4073.852086814      -4263.845061473    6.53574588300   -3.70945638200   -1.54464233800
  2026-10-10T02:35:59.999999      -1648.540008561      -4803.459590453      -4472.825008085    7.30604242300   -2.33314233300   -0.18614006600
  2026-10-10T02:39:59.999999        143.960062964      -5180.005948391      -4352.092773645    7.53929573300   -0.78530903200    1.18607491500
  2026-10-10T02:44:00.000000       1925.865153095      -5175.711051532      -3910.468561205    7.21819200700    0.82108124900    2.47149813600
  2026-10-10T02:48:00.000000       3566.056494245      -4790.614200356      -3180.310637597    6.36544836000    2.36850380300    3.57563760000
  2026-10-10T02:51:59.999999       4943.581148463      -4052.684777393      -2215.254487091    5.04263646300    3.74312817900    4.41675475600
  2026-10-10T02:55:59.999999       5956.567147134      -3015.936704698      -1086.402572932    3.34634059000    4.84312169200    4.93200196000
  2026-10-10T03:00:00.000000       6529.884601727      -1756.587363997        122.852121450    1.40143912600    5.58649084800    5.08248590100
  2026-10-10T03:04:00.000000       6620.867094212       -367.494482610       1322.991490040   -0.64805399300    5.91748963000    4.85644167900
  2026-10-10T03:08:00.000000       6222.643466802       1048.745097216       2425.081893138   -2.64987481500    5.81130480500    4.27052197200
  2026-10-10T03:11:59.999999       5364.651453225       2387.505330647       3347.477088579   -4.45563970200    5.27585880700    3.36833237600
  2026-10-10T03:15:59.999999       4110.372514297       3549.919292947       4021.896564456   -5.93178466500    4.35090750400    2.21694938000
  2026-10-10T03:20:00.000000       2552.560756245       4450.202699642       4398.479837385   -6.96945889700    3.10501535400    0.90179888000
  2026-10-10T03:24:00.000000        806.308636110       5021.965919720       4449.426859177   -7.49244891100    1.63017617100   -0.47985218800
  2026-10-10T03:27:59.999999       -999.459879907       5223.035983298       4171.000516660   -7.46236501800    0.03499467800   -1.82596812000
  2026-10-10T03:31:59.999999      -2731.440955645       5038.533910569       3583.785807160   -6.88132369400   -1.56303642600   -3.03711061600
  2026-10-10T03:36:00.000000      -4261.732056811       4482.005295693       2731.204880520   -5.79200104400   -3.04600326600   -4.02359027900
  2026-10-10T03:40:00.000000      -5477.283147484       3594.479777476       1676.353507391   -4.27478173700   -4.30418933400   -4.71217632700
  2026-10-10T03:43:59.999999      -6288.327106530       2441.495355053        497.353039236   -2.44210485300   -5.24441260400   -5.05172943900
  2026-10-10T03:47:59.999999      -6635.099592695       1108.234797549       -718.475172813   -0.42995423300   -5.79718836700   -5.01720368400
  2026-10-10T03:52:00.000000      -6492.285076833       -306.827972029      -1881.140751056    1.61238837400   -5.92195761400   -4.61156566800
  2026-10-10T03:56:00.000000      -5870.848806003      -1699.299620431      -2904.731383622    3.53386931600   -5.61024673000   -3.86557230700
  2026-10-10T03:59:59.999999      -4817.053774162      -2966.655674268      -3713.795658735    5.19320763300   -4.88591893600   -2.83502560200
  2026-10-10T04:03:59.999999      -3408.853617736      -4015.777562909      -4248.849137109    6.46918665100   -3.80291464800   -1.59629561500
  2026-10-10T04:08:00.000000      -1750.031239596      -4769.683069353      -4470.633576022    7.26899787100   -2.44092691500   -0.24053292100
  2026-10-10T04:12:00.000000         37.416122834      -5173.035084733      -4362.884485047    7.53448949300   -0.89953595800    1.13293794800
  2026-10-10T04:15:59.999999       1822.101254341      -5196.094700264      -3933.471858567    7.24603003600    0.70875450200    2.42349433500
  2026-10-10T04:19:59.999999       3472.719110956      -4836.899917830      -3213.861369411    6.42398598900    2.26631491000    3.53629395800
  2026-10-10T04:24:00.000000       4867.578363712      -4121.514114899      -2256.907798120    5.12768236500    3.65862957600    4.38901175500
  2026-10-10T04:28:00.000000       5903.552210789      -3102.274684239      -1133.099282085    3.45167056900    4.78262876600    4.91798221200
  2026-10-10T04:31:59.999999       6503.818501585      -1854.089629207         74.556620178    1.51929737100    5.55453060900    5.08327184400
  2026-10-10T04:35:59.999999       6623.725383741       -468.973470129       1276.675516049   -0.52640193700    5.91654218600    4.87206337000
  2026-10-10T04:40:00.000000       6254.235123316        950.792924178       2384.186251832   -2.53357425800    5.84144371600    4.29977143300
  2026-10-10T04:44:00.000000       5422.649524049       2300.309105551       3315.026345850   -4.35324065900    5.33480323100    3.40902851500
  2026-10-10T04:47:59.999999       4190.506077822       3479.916868070       4000.295595876   -5.85087497100    4.43436121200    2.26610136400
  2026-10-10T04:51:59.999999       2648.907962869       4402.567658181       4389.325730272   -6.91610477900    3.20678431800    0.95571598300
  2026-10-10T04:56:00.000000        911.740137882       5000.202570960       4453.383508579   -7.47055861800    1.74266672900   -0.42519217600
  2026-10-10T05:00:00.000000       -892.732547233       5228.731131620       4187.757007358   -7.47351637000    0.14990711200   -1.77462579000
  2026-10-10T05:03:59.999999      -2631.295094725       5071.247520430       3612.083065801   -6.92467064000   -1.45419210200   -2.99287913100
  2026-10-10T05:07:59.999999      -4175.551704453       4539.300741107       2768.928014325   -5.86431052300   -2.95127574500   -3.98976284900
  2026-10-10T05:12:00.000000      -5411.410590378       3672.100013766       1720.686941012   -4.37063787600   -4.23058885200   -4.69125923000
  2026-10-10T05:16:00.000000      -6247.584686905       2533.687394274        544.997476359   -2.55436191400   -5.19731768000   -5.04521730100
  2026-10-10T05:19:59.999999      -6622.448236172       1208.192052593       -671.053063174   -0.55035121000   -5.77995629000   -5.02555731000
  2026-10-10T05:23:59.999999      -6508.623891138       -206.464563551      -1837.458789736    1.49270080600   -5.93583075100   -4.63418817400
  2026-10-10T05:28:00.000000      -5914.940122842      -1605.915791511      -2868.028507100    3.42370505500   -5.65416845000   -3.90074071500
  2026-10-10T05:32:00.000000      -4885.625687078      -2887.113241826      -3686.784250763    5.10061349300   -4.95662411500   -2.88011505200
  2026-10-10T05:35:59.999999      -3496.851444253      -3955.916605723      -4233.524603065    6.40088299600   -3.89521538000   -1.64800094300
  2026-10-10T05:39:59.999999      -1850.987771096      -4733.904821167      -4468.137332078    7.22997927200   -2.54808986500   -0.29507307200
  2026-10-10T05:44:00.000000        -69.080665792      -5163.986611618      -4373.419855254    7.52763612600   -1.01375776100    1.07954936200
  2026-10-10T05:48:00.000000       1717.898953886      -5214.471900393      -3956.285155742    7.27189760500    0.59583303100    2.37520298300
  2026-10-10T05:51:59.999999       3378.491899668      -4881.389184071      -3247.291541545    6.48073457600    2.16297545900    3.49665310200
  2026-10-10T05:55:59.999999       4790.289255972      -4188.883461444      -2298.512409251    5.21123236700    3.57248775800    4.36096501600
  2026-10-10T06:00:00.000000       5848.941090372      -3187.598955133      -1179.820755796    3.55594158700    4.72008676500    4.90366757100
  2026-10-10T06:04:00.000000       6475.961690936      -1951.102577699         26.169798630    1.63659524700    5.52028674300    5.08380146300
  2026-10-10T06:08:00.000000       6624.722337237       -570.527495269       1230.205993981   -0.40474088800    5.91318591600    4.88741490400
  2026-10-10T06:11:59.999999       6284.050319871        852.196958916       2343.082762241   -2.41659960300    5.86931054300    4.32886220800
  2026-10-10T06:15:59.999999       5479.090033182       2211.964234426       3282.341725082   -4.24971942800    5.39181763300    3.44964591600
  2026-10-10T06:20:00.000000       4269.401063396       3408.344073576       3978.443310842   -5.76842912600    4.51624318900    2.31519659600
  2026-10-10T06:24:00.000000       2744.436523277       4353.043073476       4379.919400928   -6.86079767000    3.30750531200    1.00969650800
  2026-10-10T06:27:59.999999       1016.846659531       4976.380421522       4457.119552487   -7.44655358200    1.85478875300   -0.37035000700
  2026-10-10T06:31:59.999999       -785.819761912       5232.353984600       4204.345509479   -7.48255033300    0.26507293400   -1.72302925000
  2026-10-10T06:36:00.000000      -2530.468432897       5102.023347198       3640.278316396   -6.96603868800   -1.34449541600   -2.94835863100
  2026-10-10T06:40:00.000000      -4088.246317525       4594.928487887       2806.623533712   -5.93491330300   -2.85515096700   -3.95560597800
  2026-10-10T06:43:59.999999      -5344.053403391       3748.444890173       1765.075642006   -4.46523205500   -4.15514548800   -4.66998303100
  2026-10-10T06:47:59.999999      -6205.118052982       2625.081150395        592.780269541   -2.66588896800   -5.14812740000   -5.03837654400
  2026-10-10T06:52:00.000000      -6607.958927695       1307.862701102       -623.415238980   -0.67052462200   -5.76059274300   -5.03359235400
  2026-10-10T06:56:00.000000      -6523.127023965       -105.885689594      -1793.481554291    1.37276764300   -5.94764939700   -4.65645837300
  2026-10-10T06:59:59.999999      -5957.310685431      -1511.841020554      -2830.946839702    3.31284131300   -5.69619954900   -3.93557242300
  2026-10-10T07:03:59.999999      -4952.693558920      -2806.453727489      -3659.318326904    5.00692469000   -5.02568325500   -2.92491648900
  2026-10-10T07:08:00.000000      -3583.649160158      -3894.578414177      -4217.682787476    6.33115675700   -3.98617675100   -1.69947326200
  2026-10-10T07:12:00.000000      -1951.121024979      -4696.373214615      -4465.077225783    7.18924661000   -2.65430022400   -0.34946729500
  2026-10-10T07:15:59.999999       -175.188579373      -5153.009399241      -4383.370015293    7.51888274000   -1.12747764300    1.02619246700
  2026-10-10T07:19:59.999999       1613.618083887      -5230.861315022      -3978.522196721    7.29580133700    0.48289750900    2.32680294000
  2026-10-10T07:24:00.000000       3283.721383560      -4923.954413097      -3280.185411807    6.53560477200    2.05913484800    3.45680675800
  2026-10-10T07:28:00.000000       4712.021609672      -4254.501665943      -2339.637960801    5.29303325500    3.48540255700    4.33263541600
  2026-10-10T07:31:59.999999       5792.958258364      -3271.449290366      -1226.144785431    3.65870634300    4.65618263400    4.88894634300
  2026-10-10T07:35:59.999999       6446.415623640      -2047.011604314        -21.930052242    1.75276749500    5.48434006700    5.08382939200
  2026-10-10T07:40:00.000000       6623.809418837       -671.417480409       1183.895675921   -0.28378949600    5.90787991500    4.90220578900
  2026-10-10T07:44:00.000000       6311.844830540        753.770539626       2301.994194345   -2.29979846200    5.89501915800    4.35731830300
  2026-10-10T07:47:59.999999       5533.548874769       2123.267698489       3249.524464718   -4.14570855100    5.44669089400    3.48968265200
  2026-10-10T07:51:59.999999       4346.500180131       3335.930533253       3956.331509739   -5.68494607900    4.59621548900    2.36380841800
  2026-10-10T07:56:00.000000       2838.477532623       4302.256044103       4370.142751982   -6.80396109000    3.40663487400    1.06323913800
  2026-10-10T08:00:00.000000       1120.894804130       4950.964464261       4460.394544240   -7.42051765500    1.96578437300   -0.31579036100
  2026-10-10T08:03:59.999999       -679.443797641       5234.190685258       4220.436440832   -7.48931741400    0.37976434700   -1.67146261800
  2026-10-10T08:07:59.999999      -2429.626683463       5130.974052053       3667.995424228   -7.00510147700   -1.23463873800   -2.90364137900
  2026-10-10T08:12:00.000000      -4000.388350542       4648.845657063       2843.912124269   -6.00337155300   -2.75824734300   -3.92105866200
  2026-10-10T08:16:00.000000      -5275.664717869       3823.336538388       1809.169321629   -4.55800756400   -4.07834837600   -4.64817670200
  2026-10-10T08:19:59.999999      -6161.238828579       2715.404956694        640.405058584   -2.77607643000   -5.09711552800   -5.03093240500
  2026-10-10T08:23:59.999999      -6591.805889435       1406.939892656       -575.789199862   -0.78995289900   -5.73911142500   -5.04102723500
  2026-10-10T08:28:00.000000      -6535.863863621         -5.372915659      -1749.376385247    1.25293380900   -5.95723125000   -4.67817236500
  2026-10-10T08:32:00.000000      -5997.971959067      -1417.303150530      -2793.613156270    3.20141084000   -5.73609671200   -3.96993284800
  2026-10-10T08:35:59.999999      -5018.259205555      -2724.852349994      -3631.501081736    4.91209535500   -5.09290951000   -2.96936065400
  2026-10-10T08:39:59.999999      -3669.272815594      -3831.908285298      -4201.417629645    6.25986308300   -4.07573301500   -1.75070188500
  2026-10-10T08:44:00.000000      -2050.493865339      -4657.227244538      -4461.548320434    7.14665589300   -2.75956869000   -0.40372654500
  2026-10-10T08:48:00.000000       -281.010151436      -5140.251631993      -4392.834501235    7.50807060900   -1.24076854000    0.97283089100
  2026-10-10T08:51:59.999999       1509.124200210      -5245.432789586      -4000.296305503    7.31761340400    0.36984226100    2.27821608800
  2026-10-10T08:55:59.999999       3188.247668212      -4964.798030741      -3312.680808357    6.58851285700    1.95460874700    3.41661135200
  2026-10-10T09:00:00.000000       4632.615935348      -4318.626582014      -2380.464762916    5.37320690100    3.39713268800    4.30384002300
  2026-10-10T09:04:00.000000       5735.490769735      -3354.134457613      -1272.289081799    3.76021440100    4.59074645800    4.87370324200
  2026-10-10T09:08:00.000000       6415.136218764      -2142.159480821        -69.983609511    1.86814747400    5.44656492200    5.08326553500
  2026-10-10T09:11:59.999999       6621.040317155       -772.005483850       1137.488884430   -0.16306931200    5.90061115100    4.91641083700
  2026-10-10T09:15:59.999999       6337.790151244        655.177108347       2260.673669573   -2.18272602200    5.91880035000    4.38523057700
  2026-10-10T09:20:00.000000       5586.280858530       2033.949348314       3216.346079914   -4.04093868500    5.49971957300    3.52919952200
  2026-10-10T09:24:00.000000       4422.118457044       3262.477209941       3933.746237623   -5.60017893200    4.67458050700    2.41202311300
  2026-10-10T09:27:59.999999       2931.390619566       4250.087179406       4359.820291317   -6.74549516500    3.50452958400    1.11657075700
  2026-10-10T09:31:59.999999       1224.237323923       4923.920805348       4463.090093918   -7.39259998300    2.07597763400   -0.26131350900
  2026-10-10T09:36:00.000000       -573.291594250       5234.265414387       4235.941706194   -7.49397364700    0.49416740600   -1.61984158600
  2026-10-10T09:40:00.000000      -2328.498207617       5158.169876230       3695.166408224   -7.04206286000   -1.12444009000   -2.85865498900
  2026-10-10T09:43:59.999999      -3911.759599676       4701.156419015       2880.741099228   -6.06992430500   -2.66045489000   -3.88605921200
  2026-10-10T09:47:59.999999      -5206.086662518       3896.891579823       1852.930307026   -4.64921874300   -4.00020583000   -4.62577191900
  2026-10-10T09:52:00.000000      -6115.848626380       2804.761014961        687.856173726   -2.88517859700   -5.04440490600   -5.02278076100
  2026-10-10T09:56:00.000000      -6573.944797911       1505.483644393       -528.163115984   -0.90882195300   -5.71572137600   -5.04771609500
  2026-10-10T09:59:59.999999      -6546.827358478         95.076130130      -1705.093672047    1.13308926900   -5.96483874600   -4.69917059200
  2026-10-10T10:03:59.999999      -6036.925066542      -1322.360161520      -2755.937710171    3.08944501900   -5.77407119700   -4.00364967600
  2026-10-10T10:08:00.000000      -5082.309097372      -2642.402004421      -3603.200775581    4.81620481400   -5.15839607200   -3.01328858300
  2026-10-10T10:12:00.000000      -3753.689077254      -3768.011364736      -4184.568525173    6.18707362400   -4.16389206000   -1.80160293900
  2026-10-10T10:15:59.999999      -2149.056456938      -4616.573354912      -4457.379639025    7.10227707200   -2.86390205800   -0.45784093300
  2026-10-10T10:19:59.999999       -386.470066512      -5125.817897679      -4401.641314932    7.49532198000   -1.35358839200    0.91947924500
  2026-10-10T10:24:00.000000       1404.513308850      -5258.270333646      -4021.426468999    7.33740296900    0.25679213800    2.22949865200
  2026-10-10T10:28:00.000000       3092.176270017      -5003.967560192      -3344.586677208    6.63945932700    1.84957368800    3.37608863200
  2026-10-10T10:31:59.999999       4552.168230699      -4381.257991939      -2420.801639218    5.45165374800    3.30787066900    4.27454974400
  2026-10-10T10:35:59.999999       5676.610920503      -3435.618172357      -1318.075819371    3.86038884200    4.52389145200    4.85787520000
  2026-10-10T10:40:00.000000       6382.173160887      -2236.481478329       -117.824478196    1.98260377000    5.40709588300    5.08207324700
  2026-10-10T10:44:00.000000       6616.422935243       -872.201375680       1091.136044253   -0.04277359600    5.89143619700    4.92992749600
  2026-10-10T10:47:59.999999       6361.856106359        556.508556560       2219.241187524   -2.06547780100    5.94062585300    4.41245648600
  2026-10-10T10:51:59.999999       5637.244885368       1944.100882351       3182.898671223   -3.93543201000    5.55093734400    3.56809865500
  2026-10-10T10:56:00.000000       4496.204770211       3188.085676198       3910.752444278   -5.51418579500    4.75136406400    2.45969536000
  2026-10-10T11:00:00.000000       3023.128511280       4196.640861133       4348.976128813   -6.68530308800    3.60121786900    1.16952967300
  2026-10-10T11:03:59.999999       1326.853441856       4895.367793734       4465.202566881   -7.36269676800    2.18543554800   -0.20697882200
  2026-10-10T11:07:59.999999       -467.372687237       5232.712067048       4250.855374425   -7.49652650600    0.60832735800   -1.56816336700
  2026-10-10T11:12:00.000000      -2227.091079978       5183.741544308       3721.777829863   -7.07687447500   -1.01394793400   -2.81345044600
  2026-10-10T11:16:00.000000      -3822.350802583       4751.989538492       2917.087796288   -6.13449570200   -2.56174412700   -3.85064304300
  2026-10-10T11:19:59.999999      -5135.296126438       3969.254917047       1896.329941265   -4.73883696200   -3.92061670400   -4.60277653300
  2026-10-10T11:23:59.999999      -6068.925730419       2893.322623913        735.101353824   -2.99322455600   -4.98985524700   -5.01394030100
  2026-10-10T11:28:00.000000      -6554.371214272       1603.704868877       -480.572367093   -1.02726826900   -5.69027263900   -5.05368827000
  2026-10-10T11:32:00.000000      -6556.055117014        195.703246176      -1660.678402325    1.01301542300   -5.97035476600   -4.71949143300
  2026-10-10T11:35:59.999999      -6074.277477254      -1226.751905108      -2717.980249605    2.97659497000   -5.81011431800   -4.03680401800
  2026-10-10T11:39:59.999999      -5145.038592844      -2558.860798150      -3574.501629834    4.71888829100   -5.22228972700   -3.05680812700
  2026-10-10T11:44:00.000000      -3837.182833334      -3702.691814232      -4167.241939584    6.11241647500   -4.25090939400   -1.85227662400
  2026-10-10T11:48:00.000000      -2247.180324295      -4574.286700800      -4452.706267720    7.05577553400   -2.96764131400   -0.51195836500
  2026-10-10T11:51:59.999999       -492.010311184      -5109.682480045      -4409.971595283    7.48039351900   -1.46643120900    0.86590094400
  2026-10-10T11:55:59.999999       1299.313624335      -5269.482227503      -4042.153620773    7.35515485800    0.14315063100    2.18040886600
  2026-10-10T12:00:00.000000       2995.051708985      -5041.711147157      -3376.194223501    6.68859742700    1.74347591200    3.33506229800
  2026-10-10T12:04:00.000000       4470.272384695      -4442.771856117      -2460.977849776    5.52866076500    3.21711432400    4.24462399300
  2026-10-10T12:08:00.000000       5615.999822792      -3516.382525806      -1363.863440630    3.95965216000    4.45523441400    4.84133963000
  2026-10-10T12:11:59.999999       6347.334208449      -2330.536854219       -165.834556828    2.09675782900    5.36569562100    5.08021008400
  2026-10-10T12:15:59.999999       6609.921090176       -972.591574665       1044.462566026    0.07774221900    5.88036907500    4.94285342300
  2026-10-10T12:20:00.000000       6384.149009273        457.203195460       2177.356715856   -1.94752951700    5.96067412700    4.43919069600
  2026-10-10T12:24:00.000000       5686.661099651       1853.212481174       3148.897187722   -3.82874878200    5.60059145100    3.60664632000
  2026-10-10T12:27:59.999999       4569.071801221       3112.319966513       3887.140445295   -5.42665531300    4.82694650000    2.50718148400
  2026-10-10T12:31:59.999999       3114.043118509       4141.581529442       4337.483948259   -6.62335829400    3.69711146400    1.22241244000
  2026-10-10T12:36:00.000000       1429.095743772       4865.063416333       4466.663864559   -7.33082746700    2.29456877400   -0.15257156200
  2026-10-10T12:40:00.000000       -361.353013338       5229.392761278       4265.158674066   -7.49711029900    0.72266736000   -1.51622166700
  2026-10-10T12:43:59.999999      -2125.124298505       5207.644049416       3747.863028983   -7.10985553100   -0.90283640100   -2.76782236700
  2026-10-10T12:47:59.999999      -3731.966234938       4801.348313048       2953.019743825   -6.19743389100   -2.46202953400   -3.81472719800
  2026-10-10T12:52:00.000000      -5063.165558186       4040.434413247       1939.440928929   -4.82708185000   -3.83961194600   -4.57924434400
  2026-10-10T12:56:00.000000      -6020.378768801       2981.084447728        782.188789023   -3.10029000300   -4.93352757800   -5.00453634000
  2026-10-10T12:59:59.999999      -6533.000331613       1701.586175231       -433.002918433   -1.14526556000   -5.66280079800   -5.05910095700
  2026-10-10T13:03:59.999999      -6563.446353124        296.487597134      -1616.155430551    0.89281732200   -5.97378360300   -4.73930195600
  2026-10-10T13:08:00.000000      -6109.890846045      -1130.494222015      -2679.799589511    2.86306402600   -5.84417551500   -4.06951929500
  2026-10-10T13:12:00.000000      -5206.253982839      -2474.222705206      -3545.488008274    4.62038376300   -5.28444898000   -3.10000646300
  2026-10-10T13:15:59.999999      -3919.499035137      -3635.903443184      -4149.541233948    6.03615651900   -4.33657904000   -1.90276550400
  2026-10-10T13:19:59.999999      -2344.553059284      -4530.266810155      -4447.629248512    7.00734211900   -3.07054630700   -0.56602249700
  2026-10-10T13:24:00.000000       -597.287512909      -5091.682611409      -4417.903667892    7.46337559700   -1.57902089800    0.81222731900
  2026-10-10T13:28:00.000000       1193.874392592      -5278.841621682      -4062.521848228    7.37083148700    0.02915166600    2.13108793300
  2026-10-10T13:31:59.999999       2897.211055059      -5077.756142042      -3407.506671596    6.73584359300    1.63647437400    3.29374405600
  2026-10-10T13:35:59.999999       4387.232736373      -4502.860983055      -2500.937261416    5.60400941200    3.12498184000    4.21432972700
  2026-10-10T13:40:00.000000       5553.890070831      -3596.106569670      -1409.535939563    4.05765693200    4.38476874500    4.82433668700
  2026-10-10T13:44:00.000000       6310.755135497      -2424.022968059       -213.845667583    2.21017601100    5.32220526900    5.07785154800
  2026-10-10T13:47:59.999999       6601.573348674      -1072.927030888        997.672830113    0.19810730600    5.86713542400    4.95531888400
  2026-10-10T13:51:59.999999       6404.626834110        357.441981841       2135.251171200   -1.82917974200    5.97866566600    4.46551631900
  2026-10-10T13:56:00.000000       5734.414284939       1761.400404448       3114.583865291   -3.72121479500    5.64841306700    3.64484110100
  2026-10-10T14:00:00.000000       4640.533669499       3035.224247432       3863.138913550   -5.33783344400    4.90099566300    2.55438345300
  2026-10-10T14:03:59.999999       3203.907362583       4084.874204646       4325.546291715   -6.55976781500    3.79190812100    1.27511353200
  2026-10-10T14:07:59.999999       1530.706871094       4832.906889375       4467.645226628   -7.29712949400    2.40308973500   -0.09828432600
  2026-10-10T14:12:00.000000       -255.504721929       5224.133302062       4278.958615032   -7.49570566100    0.83691241200   -1.46433925300
  2026-10-10T14:16:00.000000      -2022.848334851       5229.653182417       3773.444806884   -7.14085163300   -0.79125429900   -2.72212683600
  2026-10-10T14:19:59.999999      -3640.813711701       4848.986634053       2988.483999556   -6.25855545800   -2.36135713900   -3.77857671100
  2026-10-10T14:23:59.999999      -4989.866160496       4110.168938902       1982.159939179   -4.91381420800   -3.75729465100   -4.55531864200
  2026-10-10T14:28:00.000000      -5970.340977194       3067.747204007        828.997327582   -3.20619805200   -4.87564888900   -4.99458961400
  2026-10-10T14:32:00.000000      -6509.907102105       1798.762416873       -385.568375289   -1.26249636600   -5.63359921100   -5.06386326400
  2026-10-10T14:35:59.999999      -6568.983486614        397.001010353      -1571.605400873    0.77293669200   -5.97532880500   -4.75842425100
  2026-10-10T14:39:59.999999      -6143.634519214      -1034.045900362      -2641.428142984    2.74933553400   -5.87629759100   -4.10156527800
  2026-10-10T14:44:00.000000      -5265.713477172      -2388.936570226      -3516.127916423    4.52113199900   -5.34477419500   -3.14259062100
  2026-10-10T14:48:00.000000      -4000.297554090      -3568.054335844      -4131.357232778    5.95868532500   -4.42066191200   -1.95273936700
  2026-10-10T14:51:59.999999      -2440.744783865      -4484.842839453      -4441.961497124    6.95730856800   -3.17218494600   -0.61970851400
  2026-10-10T14:55:59.999999       -701.807318773      -5072.025659752      -4425.173644150    7.44444446400   -1.69079190300    0.75876494700
  2026-10-10T15:00:00.000000       1088.710168639      -5286.410139669      -4082.201282969    7.38443400800   -0.08455311700    2.08177819800
  2026-10-10T15:04:00.000000       2799.143032585      -5112.005245711      -3438.153933885    6.78102358400    1.52921768600    3.25222612300
  2026-10-10T15:08:00.000000       4303.490463690      -4561.276725284      -2540.296461002    5.67746329800    3.03210024100    4.18369983800
  2026-10-10T15:11:59.999999       5490.644488899      -3674.390527560      -1454.706879327    4.15396332400    4.31309761000    4.80682331000
  2026-10-10T15:15:59.999999       6272.682390988      -2516.417450234       -261.507466093    2.32236743300    5.27703055800    5.07475402500
  2026-10-10T15:20:00.000000       6591.515333441      -1172.618280114        951.041108283    0.31791442700    5.85189864600    4.96695554600
  2026-10-10T15:24:00.000000       6423.346543632        257.827908757       2093.107077463   -1.71066903500    5.99453947500    4.49103846000
  2026-10-10T15:27:59.999999       5780.536133785       1669.236587653       3080.050996944   -3.61280363300    5.69423985500    3.68235117900
  2026-10-10T15:31:59.999999       4710.643670351       2957.331459162       3838.775075722   -5.24758296900    4.97334298100    2.60108114300
  2026-10-10T15:36:00.000000       3292.821734486       4027.004005070       4313.151561007   -6.49427980900    3.88538769300    1.32754758200
  2026-10-10T15:40:00.000000       1631.865892289       4799.335003267       4468.141718313   -7.26120950100    2.51084948800   -0.04395476800
  2026-10-10T15:43:59.999999       -149.565762426       5217.351593023       4292.320187325   -7.49204391300    0.95101798500   -1.41212781700
  2026-10-10T15:47:59.999999      -1919.952888265       5250.176931697       3798.691912800   -7.16971774700   -0.67921823500   -2.67590982300
  2026-10-10T15:52:00.000000      -3548.560442892       4895.321733274       3023.755173999   -6.31783515200   -2.25963127100   -3.74177844900
  2026-10-10T15:56:00.000000      -4915.079095833       4178.918317895       2024.853974445   -4.99919114300   -3.67339817100   -4.53064071900
  2026-10-10T15:59:59.999999      -5918.565351648       3153.852031202        875.963799639   -3.31139238300   -4.81582058900   -4.98389157800
  2026-10-10T16:03:59.999999      -6484.988089444       1895.873360675       -337.804005169   -1.37971641100   -5.60228098600   -5.06795280800
  2026-10-10T16:08:00.000000      -6572.778706280        497.951519635      -1526.575578791    0.65235900300   -5.97485898800   -4.77698377800
  2026-10-10T16:12:00.000000      -6175.873962610       -936.712982579      -2602.461221949    2.63435735900   -5.90671324100   -4.13320560600
  2026-10-10T16:15:59.999999      -5324.015150766      -2302.399344056      -3486.095752659    4.42025484600   -5.40373822300   -3.18493919400
  2026-10-10T16:19:59.999999      -4080.371533345      -3498.673376287      -4112.470023520    5.87923631300   -4.50379604400   -2.00270193800
  2026-10-10T16:24:00.000000      -2536.713921569      -4437.724164619      -4435.618377007    6.90513017500   -3.27342880300   -0.67363139300
  2026-10-10T16:28:00.000000       -806.619407887      -5050.642785564      -4431.850023707    7.42337615100   -1.80269199200    0.70485711300
  2026-10-10T16:31:59.999999        982.756564664      -5292.348702656      -4101.417163597    7.39605385600   -0.19893077700    2.03183935900
  2026-10-10T16:35:59.999999       2699.844327644      -5144.850566390      -3468.502933014    6.82453271300    1.42076120800    3.20997225400
  2026-10-10T16:40:00.000000       4218.166895190      -4618.631869251      -2579.544468329    5.74970847700    2.93757785300    4.15225525700
  2026-10-10T16:44:00.000000       5425.598905582      -3752.041276112      -1499.958085150    4.24964731700    4.23954742300    4.78856043200
  2026-10-10T16:47:59.999999       6232.716325550      -2608.641088874       -309.412780215    2.43438137700    5.22987520200    5.07102730100
  2026-10-10T16:51:59.999999       6579.581059483      -1272.628637110        904.025357918    0.43806716600    5.83458051900    4.97807046700
  2026-10-10T16:56:00.000000       6440.340189138        157.401128582       2050.475662348   -1.59126189300    6.00841876500    4.51623352000
  2026-10-10T17:00:00.000000       5825.206640886       1575.807426285       3044.976820109   -3.50299881700    5.73831564600    3.71973491900
  2026-10-10T17:03:59.999999       4779.694841795       2877.803916426       3813.864370246   -5.15547613800    5.04440571600    2.64786471500
  2026-10-10T17:07:59.999999       3381.151496330       3967.264540922       4300.251948168   -6.42673409400    3.97819469200    1.38022597300
  2026-10-10T17:12:00.000000       1732.944038307       4763.800223207       4468.202457445   -7.22316235500    2.61849778400    0.01070870200
  2026-10-10T17:16:00.000000        -43.196223505       5208.650198213       4305.339782630   -7.48627536800    1.06560757500   -1.35946437000
  2026-10-10T17:19:59.999999      -1816.145694549       5268.968417031       3823.718899543   -7.19670848100   -0.56612273400   -2.62913284400
  2026-10-10T17:23:59.999999      -3454.988915884       4940.235695652       3058.948010756   -6.37561870000   -2.15639332000   -3.70437722400
  2026-10-10T17:28:00.000000      -4838.663164366       4246.650793502       2067.609649310   -5.08348000900   -3.58766152300   -4.50541121500
  2026-10-10T17:32:00.000000      -5864.951963591       3239.412983601        923.116344769   -3.41594746100   -4.75390575100   -4.97270990700
  2026-10-10T17:35:59.999999      -6458.138774794       1992.956102138       -289.749297414   -1.49680391400   -5.56877730400   -5.07165912500
  2026-10-10T17:39:59.999999      -6574.669218826        599.395043520      -1481.178288924    0.53144260900   -5.97224749300   -4.79528152200
  2026-10-10T17:44:00.000000      -6206.347206316       -838.386570808      -2563.077012888    2.51855667000   -5.93513150700   -4.16470206800
  2026-10-10T17:48:00.000000      -5380.808447157      -2214.426672528      -3455.628091138    4.31808306800   -5.46107618400   -3.22728349900
  2026-10-10T17:51:59.999999      -4159.281017168      -3427.527573409      -4093.155539845    5.79823699800   -4.58578937500   -2.05270683400
  2026-10-10T17:55:59.999999      -2631.918067393      -4388.618311920      -4428.856367817    6.85116207800   -3.37397410500   -0.72759548100
  2026-10-10T18:00:00.000000       -911.118042955      -5027.170871005      -4438.124815619    7.40037715100   -1.91444997000    0.65085243300
  2026-10-10T18:04:00.000000        876.648029517      -5296.225777952      -4120.257035049    7.40571949900   -0.31367674700    1.98177937900
  2026-10-10T18:08:00.000000       2599.930046901      -5175.783544048      -3498.513124420    6.86617416700    1.31142891600    3.16752095200
  2026-10-10T18:11:59.999999       4131.804873143      -4674.341021091      -2618.505844859    5.82029908400    2.84172389600    4.12058177000
  2026-10-10T18:15:59.999999       5359.152088756      -3828.419080228      -1544.985141883    4.34399776400    4.16423021500    4.77000182700
  2026-10-10T18:20:00.000000       6191.085994126      -2700.054456848       -357.169604580    2.54555328400    5.18068461600    5.06698775000
  2026-10-10T18:24:00.000000       6565.834851030      -1372.324102236        857.082936733    0.55781207800    5.81517358900    4.98884501300
  2026-10-10T18:27:59.999999       6455.476855428         56.783718257       2007.824873112   -1.47180172700    6.02018013000    4.54100049400
  2026-10-10T18:31:59.999999       5868.097101591       1481.688068747       3009.778390031   -3.39261021400    5.78037191800    3.75668600100
  2026-10-10T18:36:00.000000       4847.162898635       2797.123923216       3788.729780616   -5.06231592200    5.11364534900    2.69424644000
  2026-10-10T18:40:00.000000       3468.215959204       3905.975523348       4287.043669189   -6.35760188300    4.06956050700    1.43262407800
  2026-10-10T18:43:59.999999       1833.177695153       4726.437911907       4467.907014887   -7.18324178100    2.72527627700    0.06523315800
  2026-10-10T18:47:59.999999         62.796513860       5197.977939533       4317.975370616   -7.47848696100    1.17986377500   -1.30689778300
  2026-10-10T18:52:00.000000      -1712.216265555       5285.775183045       3848.347791492   -7.22159521400   -0.45279878700   -2.58237222400
  2026-10-10T18:56:00.000000      -3360.798108185       4983.287798583       3093.751833700   -6.43138551200   -2.05236525700   -3.66687218200
  2026-10-10T18:59:59.999999      -4761.173254435       4312.771212249       2110.015246202   -5.16601691700   -3.50065470600   -4.47996647200
  2026-10-10T19:03:59.999999      -5809.885897234       3323.711355702        969.982359641   -3.51910764200   -4.69037011200   -4.96121658900
  2026-10-10T19:08:00.000000      -6429.549154197       2089.198697039       -241.893500370   -1.61290480000   -5.53339344700   -5.07495391300
  2026-10-10T19:12:00.000000      -6574.641724660        700.472228868      -1435.870897245    0.41099953700   -5.96757992800   -4.81308232000
  2026-10-10T19:15:59.999999      -6234.857121718       -739.929731941      -2523.659141029    2.40266261700   -5.96148636700   -4.19566574800
  2026-10-10T19:19:59.999999      -5435.726227120      -2125.838426968      -3424.996817570    4.21526920000   -5.51644391900   -3.26908646400
  2026-10-10T19:24:00.000000      -4236.540206639      -3355.315105316      -4073.554422473    5.71601602100   -4.66604674300   -2.10225867300
  2026-10-10T19:28:00.000000      -2725.817384530      -4338.080377535      -4421.716611270    6.79556577700   -3.47321387900   -0.78123718400
  2026-10-10T19:31:59.999999      -1014.741689859      -5002.005940509      -4443.952384631    7.37540991500   -2.02535207500    0.59709097400
  2026-10-10T19:35:59.999999        770.910400049      -5298.274935962      -4138.612863802    7.41320030800   -0.42816997900    1.93177900500
  2026-10-10T19:40:00.000000       2499.857119349      -5204.898592585      -3528.045253174    6.90560991600    1.20176721100    3.12495840900
  2026-10-10T19:44:00.000000       4044.767782288      -4728.383103408      -2657.040174109    5.88883955600    2.74494183600    4.08859488900
  2026-10-10T19:47:59.999999       5291.578691776      -3903.412984909      -1589.676926765    4.43664668800    4.08750259400    4.75099669600
  2026-10-10T19:51:59.999999       6147.971516872      -2790.468117695       -404.713852373    2.65546800500    5.12971551300    5.06237204600
  2026-10-10T19:56:00.000000       6550.371070141      -1471.480199231        810.204962904    0.67688422900    5.79375071600    4.99898291600
  2026-10-10T20:00:00.000000       6468.808194896        -43.784015021       1965.086302648   -1.35241241900    6.02991312000    4.56513815000
  2026-10-10T20:03:59.999999       5909.232379828       1387.141881101       2974.341059328   -3.28172406800    5.82049735900    3.79301664000
  2026-10-10T20:07:59.999999       4913.063258915       2715.577572207       3763.214886562   -4.96810542300    5.18118213700    2.74009803300
  2026-10-10T20:12:00.000000       3554.013998369       3843.444542035       4273.342184711   -6.28700789200    4.15950271000    1.48459995000
  2026-10-10T20:16:00.000000       1932.551144716       4687.537643535       4467.037928162   -7.14141686800    2.83105044900    0.11954267200
  2026-10-10T20:19:59.999999        168.412365066       5185.594899099       4330.019574987   -7.46862534800    1.29368528000   -1.25427858600
  2026-10-10T20:23:59.999999      -1608.167006785       5300.829556731       3872.417518259   -7.24442341000   -0.33939990200   -2.53540770600
  2026-10-10T20:28:00.000000      -3265.999972269       5024.667422384       3128.061773857   -6.48517280600   -1.94774043200   -3.62903039700
  2026-10-10T20:32:00.000000      -4682.624964192       4377.427230961       2152.024090792   -5.24680920900   -3.41251485900   -4.45405303300
  2026-10-10T20:35:59.999999      -5753.389037170       3406.872011492       1016.575736524   -3.62092891200   -4.62526289500   -4.94915612400
  2026-10-10T20:39:59.999999      -6399.269944679       2184.719821017       -194.166301576   -1.72820433000   -5.49613989300   -5.07762833900
  2026-10-10T20:44:00.000000      -6572.800521757        801.296198517      -1390.543207808    0.29079258400   -5.96090771900   -4.83027232300
  2026-10-10T20:48:00.000000      -6261.564768149       -641.239173391      -2484.077231642    2.28643238900   -5.98581968800   -4.22605805200
  2026-10-10T20:51:59.999999      -5488.990512506      -2036.547124470      -3394.076575647    4.11155225100   -5.56993720100   -3.31041777700
  2026-10-10T20:55:59.999999      -4312.423149889      -3281.983495603      -4053.565807811    5.63240189000   -4.74472967300   -2.15146106500
  2026-10-10T21:00:00.000000      -2818.728747832      -4286.091751252      -4414.123319926    6.73814210000   -3.57129481700   -0.83469658500
  2026-10-10T21:04:00.000000      -1117.849828112      -4975.178187039      -4449.311786294    7.34839874600   -2.13565388400    0.54327957200
  2026-10-10T21:08:00.000000        665.191915703      -5298.579781570      -4156.528156014    7.41857482700   -0.54258313300    1.88160317900
  2026-10-10T21:11:59.999999       2399.297705525      -5232.321616635      -3557.196009144    6.94297894300    1.09157986500    3.08207787700
  2026-10-10T21:15:59.999999       3956.774403522      -4780.926025697      -2695.284986619    5.95555068800    2.64709713300    4.05616371100
  2026-10-10T21:20:00.000000       5222.651110616      -3977.221243764      -1634.200063646    4.52784554600    4.00924681200    4.73144733100
  2026-10-10T21:24:00.000000       6103.214351296      -2880.105785960       -452.221408528    2.76443342300    5.07688857600    5.05721023200
  2026-10-10T21:27:59.999999       6533.096356420      -1570.327897939        763.234093865    0.79551708600    5.77030209700    5.00858654700
  2026-10-10T21:31:59.999999       6480.291229931       -144.537865291       1922.130618269   -1.23288139800    6.03757639900    4.58878893000
  2026-10-10T21:36:00.000000       5948.621507501       1291.928919829       2938.581597863   -3.17016156100    5.85872397400    3.82895424100
  2026-10-10T21:40:00.000000       4977.435467237       2632.942364550       3737.293757033   -4.87276616400    5.24710544800    2.78563839500
  2026-10-10T21:43:59.999999       3638.602516143       3779.479761018       4259.170835659   -6.21491683200    4.24819780500    1.53636360700
  2026-10-10T21:47:59.999999       2031.103319461       4646.949623367       4465.654851011   -7.09785148800    2.93595539300    0.17368466100
  2026-10-10T21:52:00.000000        273.661291497       5171.369425128       4341.521332298   -7.45674163300    1.40712638200   -1.20170410300
  2026-10-10T21:56:00.000000      -1503.988876014       5314.023773830       3895.959735024   -7.26518878900   -0.22576987300   -2.48827170100
  2026-10-10T21:59:59.999999      -3170.597281607       5064.303476288       3161.903737426   -6.53707088800   -1.84239697400   -3.59087258500
  2026-10-10T22:03:59.999999      -4603.045181468       4440.561321678       2193.654645141   -5.32594015100   -3.32324953200   -4.42770997900
  2026-10-10T22:08:00.000000      -5695.498419036       3488.829666946       1062.906791998   -3.72141946200   -4.55863923300   -4.93657777100
  2026-10-10T22:12:00.000000      -6367.326464809       2279.439976958       -146.572347941   -1.84259230200   -5.45705932700   -5.07973940400
  2026-10-10T22:15:59.999999      -6569.137057577        901.782456373      -1345.212918695    0.17098393000   -5.95222552100   -4.84690183800
  2026-10-10T22:19:59.999999      -6286.416938872       -542.397875536      -2444.362046923    2.17007909100   -6.00811582900   -4.25592129700
  2026-10-10T22:24:00.000000      -5540.493703113      -1946.625518876      -3362.898802366    4.00718068600   -5.62150869000   -3.35125705400
  2026-10-10T22:28:00.000000      -4386.761921113      -3207.588544918      -4033.210557717    5.54763784100   -4.82173914300   -2.20024871200
  2026-10-10T22:31:59.999999      -2910.422323189      -4232.680803571      -4406.076325533    6.67916150100   -3.66806970300   -0.88784538900
  2026-10-10T22:35:59.999999      -1220.155326312      -4946.666543530      -4454.156641875    7.31949303500   -2.24510204000    0.48965499100
  2026-10-10T22:40:00.000000        559.794690196      -5297.062448092      -4173.907725479    7.42188752900   -0.65670246700    1.83141355100
  2026-10-10T22:44:00.000000       2298.567518533      -5257.912864075      -3585.833626321    6.97831630100    0.98119481600    3.03904269200
  2026-10-10T22:47:59.999999       3868.128414129      -4831.744713049      -2733.064921353    6.02029350100    2.54854469300    4.02347631100
  2026-10-10T22:51:59.999999       5152.621100601      -4049.535110676      -1678.335343784    4.61729145400    3.92978922300    4.71150734100
  2026-10-10T22:56:00.000000       6056.977102176      -2968.590660735       -499.452385890    2.87203738200    5.02243359000    5.05152019700
  2026-10-10T23:00:00.000000       6514.077226951      -1668.451927482        716.404481473    0.91331671600    5.74493638300    5.01759986300
  2026-10-10T23:03:59.999999       6489.896368222       -245.045056518       1879.172885139   -1.11363403200    6.04319903100    4.61183039000
  2026-10-10T23:07:59.999999       5986.134101028       1196.469025642       2902.673657998   -3.05829500900    5.89490363100    3.86429829600
  2026-10-10T23:12:00.000000       5040.074391663       2549.584396099       3711.090132379   -4.77654344800    5.31115007500    2.83065880700
  2026-10-10T23:16:00.000000       3721.730892855       3714.379977358       4244.606909583   -6.14146494000    4.33534714300    1.58773121600
  2026-10-10T23:19:59.999999       2128.569363633       4604.903014359       4463.798082753   -7.05254163900    3.03972836900    0.22756129400
  2026-10-10T23:23:59.999999        378.272014173       5155.467807175       4352.499682338   -7.44288155800    1.51988054200   -1.14928481300
  2026-10-10T23:28:00.000000      -1399.947579045       5325.436954716       3918.954600098   -7.28376657800   -0.11229738400   -2.44117415400
  2026-10-10T23:32:00.000000      -3074.798785265       5102.198192058       3195.213053547   -6.58677573600   -1.73655908200   -3.55254612800
  2026-10-10T23:35:59.999999      -4522.573731276       4502.144061888       2234.815820760   -5.40316136100   -3.23292549600   -4.40101554300
  2026-10-10T23:39:59.999999      -5636.301736351       3569.541393182       1108.868013103   -3.82037782900   -4.49054830200   -4.92352177200
  2026-10-10T23:44:00.000000      -6333.763000621       2373.303505799        -99.219278958   -1.95590752500   -5.41622950900   -5.08126475200
  2026-10-10T23:48:00.000000      -6563.655287698       1001.854171092      -1299.969719913    0.05173648500   -5.94163550100   -4.86284086900
  2026-10-10T23:51:59.999999      -6309.387559097       -443.510868157      -2404.562477669    2.05369489200   -6.02850185400   -4.28505373100
  2026-10-10T23:55:59.999999      -5590.186394432      -1856.212216667      -3331.462846331    3.90225683200   -5.67128555300   -3.39138408500
  2026-10-11T00:00:00.000000      -4459.483422591      -3132.292778417      -4012.432582642    5.46182764700   -4.89715693000   -2.24838937100
  2026-10-11T00:04:00.000000      -3000.804143512      -4178.020849462      -4397.463948190    6.61870415100   -3.76355878500   -0.94046215700
  2026-10-11T00:08:00.000000      -1321.543676346      -4916.643766323      -4458.325679270    7.28878480300   -2.35365665000    0.43641366100
  2026-10-11T00:11:59.999999        454.853099402      -5293.871355670      -4190.539406312    7.42316797200   -0.77037213200    1.78143756200
  2026-10-11T00:15:59.999999       2197.787895189      -5281.784830317      -3613.698319535    7.01151639600    0.87072446800    2.99598234300
  2026-10-11T00:20:00.000000       3778.934041468      -4880.926390429      -2770.110934845    6.08305569500    2.44941589900    3.99051250000
  2026-10-11T00:24:00.000000       5081.594725024      -4120.398217434      -1721.822555515    4.70497066700    3.84935566000    4.69112394300
  2026-10-11T00:27:59.999999       6009.352501347      -3055.908955561       -546.165108430    2.97818099400    4.96658705200    5.04518909100
  2026-10-11T00:31:59.999999       6493.377889345      -1765.788488251        669.917324207    1.03016841600    5.71782660700    5.02580550700
  2026-10-11T00:36:00.000000       6497.668641690       -345.211132851       1836.353030298   -0.99470096700    6.04688999200    4.63400746600
  2026-10-11T00:40:00.000000       6021.812061190       1100.882982545       2866.699259363   -2.94612245100    5.92913374600    3.89880738300
  2026-10-11T00:43:59.999999       5101.023419722       2465.645392996       3684.629479016   -4.67943114100    5.37337424500    2.87493468200
  2026-10-11T00:47:59.999999       3803.449714787       3648.291757011       4229.620850769   -6.06655971700    4.42096171700    1.63849270200
  2026-10-11T00:52:00.000000       2225.027017473       4561.551810306       4461.404901981   -7.00539692300    3.14241142100    0.28107674400
  2026-10-11T00:56:00.000000        482.344639364       5138.058097575       4362.879413949   -7.42694306800    1.63203924900   -1.09701316300
  2026-10-11T00:59:59.999999      -1295.936076709       5335.260321171       3941.345589973   -7.30021427100    0.00108049300   -2.39396937800
  2026-10-11T01:03:59.999999      -2978.525501462       5138.537187622       3227.971122594   -6.63441079500   -1.63035138500   -3.51389654700
  2026-10-11T01:08:00.000000      -4441.145666368       4562.322319173       2275.531425699   -5.47848997400   -3.14170161100   -4.37377177400
  2026-10-11T01:12:00.000000      -5575.744495207       3649.122475155       1154.537085954   -3.91788738900   -4.42109736000   -4.90975158700
  2026-10-11T01:15:59.999999      -6298.554538708       2466.399933400        -51.978761376   -2.06830278500   -5.37374712300   -5.08200902300
  2026-10-11T01:19:59.999999      -6556.378416554       1101.579029111      -1254.649140807   -0.06718663100   -5.92922427800   -4.87799772700
  2026-10-11T01:24:00.000000      -6330.554319497       -344.525777198      -2364.502824367    1.93705885100   -6.04703187100   -4.31346241300
  2026-10-11T01:28:00.000000      -5638.205354867      -1765.266554003      -3299.607409511    3.79650012600   -5.71932096500   -3.43091383800
  2026-10-11T01:31:59.999999      -4530.789541230      -3056.079245893      -3991.111798339    5.37471570500   -4.97111529000   -2.29609477800
  2026-10-11T01:35:59.999999      -3090.129306853      -4122.133609460      -4388.223699573    6.55657311300   -3.85794022700   -0.99281158800
  2026-10-11T01:40:00.000000      -1422.312195598      -4885.177641277      -4461.826290264    7.25613567500   -2.46153345800    0.38323753900
  2026-10-11T01:44:00.000000        350.047664157      -5289.133018355      -4206.513723309    7.42238685600   -0.88386015500    1.73130193000
  2026-10-11T01:47:59.999999       2096.652495420      -5304.127031098      -3640.970050729    7.04269518000    0.75992798200    2.95255030000
  2026-10-11T01:51:59.999999       3688.915568111      -4928.718999244      -2806.676168237    6.14396105300    2.34943500600    3.95698273400
  2026-10-11T01:56:00.000000       5009.340603952      -4190.141941999      -1764.991161312    4.79121561200    3.76754680300    4.66997176800
  2026-10-11T02:00:00.000000       5960.225924986      -3142.476051959       -592.750914578    3.08345796300    4.90908900200    5.03805158700
  2026-10-11T02:03:59.999999       6471.026309484      -1862.790686831        623.365530463    1.14662912200    5.68888759500    5.03321550700
  2026-10-11T02:07:59.999999       6503.761193791       -445.499819768       1793.279670231   -0.87557822700    6.04862697200    4.65541809500
  2026-10-11T02:12:00.000000       6055.933936538       1004.711860304       2830.302675365   -2.83313114000    5.96150854400    3.93269547900
  2026-10-11T02:16:00.000000       5160.677198886       2380.706115632       3657.621807759   -4.58098264900    5.43401618200    2.91880119100
  2026-10-11T02:19:59.999999       3884.241857080       3580.869721779       4214.018953941   -5.98994279300    4.50538895500    1.68907688000
  2026-10-11T02:23:59.999999       2321.002924785       4516.638661228       4458.376458995   -6.95627363200    3.24439852400    0.33462704800
  2026-10-11T02:28:00.000000        586.421954431       5118.984100692       4372.665461527   -7.40898333300    1.74403769300   -1.04444479300
  2026-10-11T02:32:00.000000      -1191.445108325       5343.439527374       3963.233267679   -7.31474079300    0.11478276200   -2.34631753200
  2026-10-11T02:35:59.999999      -2881.334215236       5173.371230370       3260.345393846   -6.68033403500   -1.52330000500   -3.47470833700
  2026-10-11T02:39:59.999999      -4358.424692268       4621.250135502       2315.996928658   -5.55240726500   -3.04922142300   -4.34594550300
  2026-10-11T02:44:00.000000      -5513.597053211       3727.800630365       1200.106839021   -4.01436523100   -4.35001017600   -4.89530569500
  2026-10-11T02:48:00.000000      -6261.574341703       2559.025080750         -4.668579522   -2.18024980700   -5.32934729700   -5.08205623500
  2026-10-11T02:51:59.999999      -6547.294343116       1201.301476688      -1209.102222130   -0.18624797600   -5.91482886900   -4.89253317600
  2026-10-11T02:55:59.999999      -6350.018281985       -245.070493195      -2324.082028603    1.81969619900   -6.06363668400   -4.34138175900
  2026-10-11T03:00:00.000000      -5684.762355524      -1673.410872486      -3267.293384068    3.68947631600   -5.76565038700   -3.47012838500
  2026-10-11T03:04:00.000000      -4600.995079832      -2978.584925873      -3969.280498118    5.28588036600   -5.04372109800   -2.34369745600
  2026-10-11T03:08:00.000000      -3178.808106744      -4064.700559128      -4378.479211103    6.49240691000   -3.95148117700   -1.04530970900
  2026-10-11T03:11:59.999999      -1522.941528554      -4852.032147399      -4464.884196926    7.22131897000   -2.56914504800    0.32970428400
  2026-10-11T03:15:59.999999        244.861044450      -5282.724111157      -4222.152989510    7.41946571900   -0.99768789300    1.68063007000
  2026-10-11T03:20:00.000000       1994.642107497      -5324.952399030      -3668.054851502    7.07194213100    0.64819715000    2.90843083400
  2026-10-11T03:24:00.000000       3597.603043037      -4975.283359394      -2843.232241952    6.20332627500    2.24799792800    3.92266554700
  2026-10-11T03:27:59.999999       4935.482714774      -4259.055020713      -1808.339918515    4.87641339900    3.68390678300    4.64804390600
  2026-10-11T03:31:59.999999       5909.307445927      -3228.689870897       -639.699598062    3.18825170400    4.84945294500    5.03017296300
  2026-10-11T03:36:00.000000       6446.854709209      -1959.967698950        576.288097262    1.26333801100    5.65776193300    5.04004839100
  2026-10-11T03:40:00.000000       6508.158874008       -546.462784195       1749.571255395   -0.75570919700    6.04838479400    4.67646674000
  2026-10-11T03:43:59.999999       6088.592822175        907.414475460       2793.200766463   -2.71893323000    5.99211026800    3.96636770300
  2026-10-11T03:47:59.999999       5219.213668289       2294.257346378       3629.880307369   -4.48088251400    5.49327343800    2.96265040200
  2026-10-11T03:52:00.000000       3964.347196745       3511.666940666       4197.701548050   -5.91143772400    4.58895103200    1.73983048100
  2026-10-11T03:56:00.000000       2416.754993891       4469.797948091       4454.692523210   -6.90518624200    3.34602112500    0.38849579900
  2026-10-11T03:59:59.999999        690.747819986       5097.959415641       4381.884277557   -7.38906330500    1.85621474200   -0.99146225100
  2026-10-11T04:03:59.999999      -1086.249406362       5349.778384138       3984.667979967   -7.32745837900    0.22922151500   -2.29813308000
  2026-10-11T04:08:00.000000      -2783.037375028       5206.598780033       3292.406062624   -6.72475331000   -1.41506335400   -3.43490311300
  2026-10-11T04:12:00.000000      -4274.281731401       4678.899489179       2356.297575177   -5.62519004800   -2.95519857100   -4.31751111600
  2026-10-11T04:15:59.999999      -5449.800497346       3805.601406188       1245.646399589   -4.11006364200   -4.27713549100   -4.88033919100
  2026-10-11T04:19:59.999999      -6222.801671621       2651.232874343         42.731823957   -2.29181016100   -5.28289705000   -5.08161567900
  2026-10-11T04:24:00.000000      -6536.391331928       1301.125841255      -1163.357045705   -0.30549472900   -5.89821311300   -4.90669408800
  2026-10-11T04:28:00.000000      -6367.774186459       -144.986453032      -2283.392461267    1.70159751000   -6.07808866100   -4.36907389400
  2026-10-11T04:31:59.999999      -5729.851137344      -1580.436432440      -3234.674663307    3.58120219100   -5.81006717100   -3.50926732200
  2026-10-11T04:35:59.999999      -4670.090719112      -2899.557374154      -3947.145401365    5.19532177700   -5.11481860200   -2.39138851100
  2026-10-11T04:40:00.000000      -3266.833703131      -4005.436312680      -4368.473448356    6.42618558900   -4.04406640600   -1.09807248000
  2026-10-11T04:44:00.000000      -1623.434977858      -4816.904397233      -4467.766009895    7.18428692600   -2.67647034100    0.27572689900
  2026-10-11T04:47:59.999999        139.283224875      -5274.347364092      -4237.736984532    7.41438710200   -1.11191739500    1.62941172700
  2026-10-11T04:51:59.999999       1891.744828034      -5343.985140569      -3695.219868979    7.09924055100    0.53541841100    2.86373716000
  2026-10-11T04:56:00.000000       3504.974869194      -5020.376176638      -2880.004763867    6.26109268600    2.14495232300    3.88779681800
  2026-10-11T05:00:00.000000       4859.980781501      -4326.939402654      -1852.031838841    4.96049964900    3.59820699400    4.62562167900
  2026-10-11T05:03:59.999999       5856.547629635      -3314.403587461       -687.094772734    3.29250377100    4.78750952600    5.02193108200
  2026-10-11T05:07:59.999999       6420.775934989      -2057.212420173        528.690743565    1.38005339300    5.62422438000    5.04662483400
  2026-10-11T05:12:00.000000       6510.729868962       -648.069048424       1705.298347920   -0.63517334200    6.04582351400    4.69743358300
  2026-10-11T05:16:00.000000       6119.643147074        808.959703025       2755.540866957   -2.60363068600    6.02076212100    4.00014888600
  2026-10-11T05:19:59.999999       5276.444398775       2206.228060486       3601.616587389   -4.37935842600    5.55094112700    3.00667828300
  2026-10-11T05:23:59.999999       4043.532456094       3440.550555976       4180.917522709   -5.83114793000    4.67136385600    1.79087900500
  2026-10-11T05:28:00.000000       2512.044168298       4420.841473247       4450.627976576   -6.85212645400    3.44712176700    0.44277070500
  2026-10-11T05:32:00.000000        795.087259361       5074.763786558       4390.824070827   -7.36715815900    1.96844430500   -0.93804333500
  2026-10-11T05:35:59.999999       -980.571714560       5354.027422903       4005.926948718   -7.33827074600    0.34427462700   -2.24953457900
  2026-10-11T05:39:59.999999      -2683.818514337       5237.945711019       3324.384485489   -6.76743277300   -1.30569587500   -3.39472152900
  2026-10-11T05:44:00.000000      -4188.835718209       4734.996000263       2396.606195534   -5.69656429300   -2.85960658700   -4.28870466600
  2026-10-11T05:48:00.000000      -5384.412351593       3882.265994440       1291.283027340   -4.20479499300   -4.20239312300   -4.86502248100
  2026-10-11T05:51:59.999999      -6182.257784214       2742.764731013         90.305889824   -2.40281833300   -5.23449091700   -5.08086701200
  2026-10-11T05:55:59.999999      -6523.627506090       1400.744637694      -1117.362804668   -0.42454801600   -5.87963015200   -4.92052331800
  2026-10-11T06:00:00.000000      -6383.671961903        -44.635657950      -2242.372775363    1.58328128000   -6.09059471700   -4.39643921700
  2026-10-11T06:04:00.000000      -5773.182816987      -1486.739089889      -3201.650678939    3.47230798900   -5.85265532700   -3.54811832100
  2026-10-11T06:08:00.000000      -4737.620987698      -2819.391308277      -3924.542672014    5.10378523200   -5.18428362700   -2.43884150400
  2026-10-11T06:11:59.999999      -3353.571532696      -3944.672479776      -4357.947307229    6.35862993300   -4.13529371800   -1.15064354100
  2026-10-11T06:15:59.999999      -1722.997422239      -4779.994357437      -4470.091312445    7.14562850900   -2.78280775800    0.22186138300
  2026-10-11T06:20:00.000000         34.215621885      -5264.004200999      -4252.749831303    7.40746334000   -1.22561899300    1.57819830500
  2026-10-11T06:24:00.000000       1788.905490185      -5360.984222536      -3721.824087172    7.12462113400    0.42267725400    2.81895881900
  2026-10-11T06:27:59.999999       3411.941568207      -5063.483375578      -2916.243800259    6.31692797200    2.04146448000    3.85278065000
  2026-10-11T06:31:59.999999       4783.618109351      -4393.002023023      -1895.237486330    5.04274120500    3.51158677300    4.60294488200
  2026-10-11T06:36:00.000000       5802.508761070      -3398.573539893       -734.081118659    3.39514989400    4.72418336200    5.01331391900
  2026-10-11T06:40:00.000000       6393.073553079      -2153.291706974        481.403727917    1.49550902500    5.58892166200    5.05274808900
  2026-10-11T06:43:59.999999       6511.426208971       -748.974738742       1661.214904531   -0.51543401400    6.04115607000    4.71784275200
  2026-10-11T06:47:59.999999       6148.707823273        710.672346416       2717.932497959   -2.48844807700    6.04712753300    4.03336887600
  2026-10-11T06:52:00.000000       5331.739373334       2117.823257991       3573.278383414   -4.27732367200    5.60642096600    3.05022022900
  2026-10-11T06:56:00.000000       4120.969425674       3368.559929733       4163.945138656   -5.74979504000    4.75180822800    1.84145870200
  2026-10-11T06:59:59.999999       2605.911412596       4370.573720098       4446.270492035   -6.79740519400    3.54658690600    0.49667448800
  2026-10-11T07:03:59.999999        898.462032211       5049.932483397       4399.410010454   -7.34316170400    2.07963660600   -0.88475961300
  2026-10-11T07:08:00.000000       -875.330333723       5356.467186770       4026.823720392   -7.34680466800    0.45892195200   -2.20087121500
  2026-10-11T07:12:00.000000      -2584.487474329       5267.465521735       3356.039883358   -6.80783771700   -1.19607778500   -3.35429086400
  2026-10-11T07:15:59.999999      -4102.748932191       4789.402323314       2436.669474171   -5.76583660100   -2.76312300100   -4.25950555500
  2026-10-11T07:19:59.999999      -5317.918444533       3957.525708524       1336.779954361   -4.29778045900   -4.12617776700   -4.84922746400
  2026-10-11T07:24:00.000000      -6140.248894453       2833.303375904        137.859375966   -2.51260322500   -5.18417818600   -5.07962688300
  2026-10-11T07:28:00.000000      -6509.175291296       1499.858789451      -1071.273270036   -0.54297334400   -5.85890604000   -4.93387328100
  2026-10-11T07:31:59.999999      -6397.807793067         55.731766919      -2201.145793505    1.46494817900   -6.10093011800   -4.42335139100
  2026-10-11T07:35:59.999999      -5814.830832411      -1392.519586868      -3168.316650981    3.36279101500   -5.89322927300   -3.58657283900
  2026-10-11T07:40:00.000000      -4803.680293940      -2738.252732335      -3901.543665777    5.01112307400   -5.25203126200   -2.48597582300
  2026-10-11T07:44:00.000000      -3439.156572612      -3882.566897149      -4346.959291397    6.28956548600   -4.22516816100   -1.20298742800
  2026-10-11T07:47:59.999999      -1821.807417249      -4741.467011717      -4471.912766317    7.10514877800   -2.88821341200    0.16810830100
  2026-10-11T07:51:59.999999        -70.561541105      -5251.878217840      -4267.251881790    7.39853831700   -1.33888096400    1.52692670000
  2026-10-11T07:56:00.000000       1685.867907762      -5376.159152578      -3747.951997702    7.14796165800    0.30983044200    2.77395272700
  2026-10-11T08:00:00.000000       3318.236341510      -5104.859411400      -2952.080746582    6.37089071200    1.93732737000    3.81738677300
  2026-10-11T08:03:59.999999       4706.165070543      -4457.541426142      -1938.140011223    5.12336225900    3.42389541500    4.57982286200
  2026-10-11T08:07:59.999999       5747.025883411      -3481.523265207       -780.882280152    3.49649667300    4.65940842600    5.00415273900
  2026-10-11T08:12:00.000000       6363.670322845      -2248.536403964        434.162181596    1.61014100500    5.55188616500    5.05827256200
  2026-10-11T08:16:00.000000       6510.281884922       -849.478679185       1617.033679095   -0.39604546800    6.03463586700    4.73765949000
  2026-10-11T08:19:59.999999       6175.900309784        612.334562971       2680.083579292   -2.37315947200    6.07157260400    4.06598540400
  2026-10-11T08:23:59.999999       5385.254570696       2028.906409269       3544.560234498   -4.17461594000    5.66000998500    3.09323014900
  2026-10-11T08:28:00.000000       4196.849237743       3295.628498547       4146.485178725   -5.66729410000    4.83059700800    1.89167648300
  2026-10-11T08:32:00.000000       2698.542288504       4319.005124469       4441.354814567   -6.74116406200    3.64472118200    0.55033978000
  2026-10-11T08:35:59.999999       1001.008742712       5023.526690415       4407.391311246   -7.31727156300    2.18989737400   -0.83160724800
  2026-10-11T08:39:59.999999       -770.428706495       5357.175936559       4047.112082826   -7.35321777300    0.57322278900   -2.15210060000
  2026-10-11T08:44:00.000000      -2484.985143397       5295.241377064       3387.137730582   -6.84613234200   -1.08622974200   -3.31354335200
  2026-10-11T08:48:00.000000      -4016.000113145       4842.187292405       2476.274575664   -5.83316505000   -2.66585688200   -4.22980676300
  2026-10-11T08:51:59.999999      -5250.333549438       4031.411051390       1381.954608886   -4.38914460700   -4.04869676500   -4.83279566200
  2026-10-11T08:55:59.999999      -6096.809866573       2922.819056264        185.253893956   -2.62119743700   -5.13221468200   -5.07767572400
  2026-10-11T09:00:00.000000      -6493.069261056       1598.383091264      -1025.169783379   -0.66074223100   -5.83626126300   -4.94651225500
  2026-10-11T09:04:00.000000      -6410.195841743        155.986882063      -2159.738807285    1.34673349500   -6.10922592200   -4.44960129600
  2026-10-11T09:08:00.000000      -5854.771284930      -1297.923179524      -3134.656069374    3.25281477300   -5.93178164400   -3.62446836600
  2026-10-11T09:11:59.999999      -4868.210542426      -2656.274229304      -3878.102279812    4.91745148700   -5.31797213700   -2.53270913200
  2026-10-11T09:15:59.999999      -3523.510210420      -3819.229922732      -4335.452185275    6.21905423000   -4.31361174800   -1.25508939400
  2026-10-11T09:20:00.000000      -1919.771305578      -4701.416870705      -4473.172495464    7.06293634000   -2.99262606900    0.11447431500
  2026-10-11T09:24:00.000000       -174.933418780      -5238.044332317      -4281.176376419    7.38766950000   -1.45159752200    1.47566096000
  2026-10-11T09:27:59.999999       1582.753710701      -5389.555351460      -3773.521607733    7.16926125600    0.19701398600    2.72877104800
  2026-10-11T09:31:59.999999       3223.971612387      -5144.513045490      -2987.423163051    6.42289215400    1.83268998000    3.78164340900
  2026-10-11T09:36:00.000000       4627.707097521      -4520.543416233      -1980.650439278    5.20227865300    3.33517646600    4.55621459600
  2026-10-11T09:40:00.000000       5690.173315545      -3563.232230406       -827.412516151    3.59649570200    4.59320624200    4.99446476600
  2026-10-11T09:43:59.999999       6332.620339815      -2342.923529676        387.056775172    1.72383667900    5.51309170800    5.06319891000
  2026-10-11T09:47:59.999999       6507.331295067       -949.576668093       1572.840994733   -0.27703602500    6.02614398700    4.75685712800
  2026-10-11T09:52:00.000000       6201.266526497        513.923541442       2642.077811060   -2.25766877300    6.09403950900    4.09802328100
  2026-10-11T09:56:00.000000       5437.054491730       1939.456553981       3515.552053955   -4.07118367300    5.71174349400    3.13570080400
  2026-10-11T09:59:59.999999       4271.255576916       3221.741554378       4128.614880990   -5.58349698100    4.90775658000    1.94145623200
  2026-10-11T10:03:59.999999       2790.064928998       4266.138242288       4435.948663048   -6.68322068300    3.74163582300    0.60377537700
  2026-10-11T10:08:00.000000       1102.888215904       4995.581845583       4414.850983222   -7.28943662700    2.29938976000   -0.77849324500
  2026-10-11T10:12:00.000000       -665.708195599       5356.221537934       4066.884926689   -7.35751456500    0.68726193100   -2.10323697400
  2026-10-11T10:15:59.999999      -2385.147379876       5321.365686577       3417.766273220   -6.88228579200   -0.97600683100   -3.27250147400
  2026-10-11T10:19:59.999999      -3928.425957770       4893.483505072       2515.502489926   -5.89858260900   -2.56763068900   -4.19963802300
  2026-10-11T10:24:00.000000      -5181.507660924       4104.100043035       1426.884993371   -4.47900114300   -3.96976263000   -4.81574691300
  2026-10-11T10:28:00.000000      -6051.831838111       3011.532611541        232.560785407   -2.72882317700   -5.07843995900   -5.07504111300
  2026-10-11T10:31:59.999999      -6475.262581961       1696.564255389       -978.989337993   -0.77813130200   -5.81162006000   -4.95846478900
  2026-10-11T10:35:59.999999      -6420.870684339        256.385769159      -2118.096029655    1.22825011300   -6.11550368000   -4.47522960700
  2026-10-11T10:40:00.000000      -5893.134476415      -1202.714958249      -3100.622497542    3.14198945900   -5.96848497900   -3.66185089000
  2026-10-11T10:44:00.000000      -4931.428795622      -2573.271180412      -3854.179318075    4.82241763800   -5.38234371500   -2.57906190100
  2026-10-11T10:47:59.999999      -3606.929970502      -3754.540089171      -4323.397393598    6.14677975600   -4.40089991700   -1.30702584600
  2026-10-11T10:51:59.999999      -2017.257262729      -4659.796719874      -4473.871908421    7.01871772800   -3.09640513000    0.06077911300
  2026-10-11T10:56:00.000000       -279.317769000      -5222.556108773      -4294.577911582    7.37475315000   -1.56423604600    1.42416002300
  2026-10-11T11:00:00.000000       1479.141857156      -5401.337522098      -3798.640331157    7.18857744100    0.08379507300    2.68322131700
  2026-10-11T11:03:59.999999       3128.751359539      -5182.706890591      -3022.421079649    6.47308682500    1.72716595300    3.74537889700
  2026-10-11T11:07:59.999999       4547.899837131      -4582.352511243      -2022.957264036    5.27974906700    3.24513538500    4.53196733200
  2026-10-11T11:12:00.000000       5631.680502504      -3644.105799302       -873.899788733    3.69553711700    4.52537839300    4.98410076400
  2026-10-11T11:16:00.000000       6299.759249963      -2436.883333000        339.836610384    1.83705856700    5.47254213800    5.06748515700
  2026-10-11T11:19:59.999999       6502.512191568      -1049.674615625       1528.384062144   -0.15802733800    6.01585024100    4.77544702500
  2026-10-11T11:23:59.999999       6224.825260663        415.081657397       2603.669158554   -2.14165829600    6.11473988900    4.12952474600
  2026-10-11T11:28:00.000000       5487.232151248       1849.172206127       3486.028478954   -3.96675081000    5.76191056600    3.17777465200
  2026-10-11T11:32:00.000000       4344.323862301       3146.679685800       4110.148956802   -5.49835242800    4.98364774600    1.99095317700
  2026-10-11T11:35:59.999999       2880.613709957       4211.829745836       4429.890811860   -6.62357665700    3.83761858900    0.65704813900
  2026-10-11T11:39:59.999999       1204.232175296       4966.027863873       4421.644940501   -7.25969476100    2.40841711900   -0.72533508400
  2026-10-11T11:44:00.000000       -561.057338938       5353.598139304       4086.026331216   -7.35986245200    0.80127303900   -2.05413765400
  2026-10-11T11:48:00.000000      -2284.915214214       5345.866470297       3447.835360339   -6.91653647300   -0.86537792700   -3.23110603300
  2026-10-11T11:51:59.999999      -3840.012277573       4943.311314015       2554.267297580   -5.96220615400   -2.46849201500   -4.16900985500
  2026-10-11T11:55:59.999999      -5111.444821670       4175.601427793       1471.473262852   -4.56736193700   -3.88941539200   -4.79815334000
  2026-10-11T12:00:00.000000      -6005.310123241       3099.449108994        279.666603967   -2.83542543900   -5.02285011200   -5.07178848200
  2026-10-11T12:04:00.000000      -6455.735845134       1794.416606284       -932.858887104   -0.89508732100   -5.78493170200   -4.96979662800
  2026-10-11T12:08:00.000000      -6429.793852496        356.955535550      -2076.360413080    1.10959116200   -6.11967978300   -4.50028710900
  2026-10-11T12:11:59.999999      -5929.863251016      -1106.841928706      -3066.371022086    3.03036970000   -6.00320202500   -3.69877499700
  2026-10-11T12:15:59.999999      -4993.271714248      -2489.158672427      -3829.949043285    4.72604315400   -5.44502682400   -2.62512979800
  2026-10-11T12:20:00.000000      -3689.352232048      -3688.385249318      -4310.985032569    6.07271719000   -4.48694680900   -1.35883584900
  2026-10-11T12:24:00.000000      -2114.212037627      -4616.481433391      -4474.206716389    6.97242672600   -3.19951055300    0.00701953200
  2026-10-11T12:27:59.999999       -383.684124946      -5205.284507916      -4307.651985825    7.35966607500   -1.67682594800    1.37241507100
  2026-10-11T12:31:59.999999       1375.038294762      -5411.401504140      -3823.505650328    7.20584517100   -0.02999747900    2.63731850500
  2026-10-11T12:36:00.000000       3032.570473817      -5219.382241301      -3057.258430649    6.52144243300    1.62056187500    3.70869050400
  2026-10-11T12:40:00.000000       4466.729765075      -4642.958991525      -2065.216463662    5.35572554600    3.15354998300    4.50719600000
  2026-10-11T12:43:59.999999       5571.525182809      -3724.194540454       -920.471354989    3.79359711200    4.45563431500    4.97317876600
  2026-10-11T12:47:59.999999       6265.070885475      -2530.545104608        292.404665079    1.94989081200    5.42989299200    5.07128274200
  2026-10-11T12:52:00.000000       6495.840115832      -1149.979574819       1483.608635770   -0.03885086000    6.00348612600    4.79364554400
  2026-10-11T12:56:00.000000       6246.629434788        315.555560361       2564.861596673   -2.02501225300    6.13353704200    4.16073750300
  2026-10-11T12:59:59.999999       5535.859637932       1757.772721822       3456.046049178   -3.86124714400    5.81040625000    3.21964495400
  2026-10-11T13:03:59.999999       4416.147099379       3070.142407210       4091.189196392   -5.41175265000    5.05823351000    2.04036145700
  2026-10-11T13:08:00.000000       2970.299120947       4155.787250851       4423.329185198   -6.56224686600    3.93275962600    0.71031364900
  2026-10-11T13:12:00.000000       1305.137474362       4934.591854695       4427.936753782   -7.22808004500    2.51706094300   -0.67214412300
  2026-10-11T13:15:59.999999       -456.383035608       5349.067101980       4104.686403527   -7.36026532900    0.91544940100   -2.00489221400
  2026-10-11T13:19:59.999999      -2184.201447754       5368.557608255       3477.474587013   -6.94893811400   -0.75410528900   -3.18942634400
  2026-10-11T13:24:00.000000      -3750.697596461       4991.533059090       2592.685694483   -6.02421000400   -2.36832871300   -4.13799024700
  2026-10-11T13:28:00.000000      -5040.122723807       4245.776522105       1515.816251933   -4.65435217300   -3.80776441500   -4.78010299300
  2026-10-11T13:31:59.999999      -5957.233134367       3186.382070494        326.641722936   -2.94093400300   -4.96570576500   -5.06803384800
  2026-10-11T13:35:59.999999      -6434.434132036       1891.688924334       -886.734495515   -1.01133122200   -5.75644303500   -4.98060044200
  2026-10-11T13:40:00.000000      -6436.826218602        457.396703019      -2034.505216177    0.99117830300   -6.12192074500   -4.52483099000
  2026-10-11T13:44:00.000000      -5964.701172980      -1010.629999203      -3031.878906813    2.91849457500   -6.03598402400   -3.73520567500
  2026-10-11T13:47:59.999999      -5053.343124216      -2404.258920037      -3805.364717645    4.62893613500   -5.50591916200   -2.67074800500
  2026-10-11T13:51:59.999999      -3770.231305486      -3621.039130377      -4298.119153894    5.99749099600   -4.57143409400   -1.41027027700
  2026-10-11T13:56:00.000000      -2209.952391907      -4571.639507636      -4474.008043547    6.92457049800   -3.30140737300   -0.04645359200
  2026-10-11T14:00:00.000000       -487.251124290      -5186.250888085      -4320.139008908    7.34271084400   -1.78867230500    1.32082667700
  2026-10-11T14:03:59.999999       1271.263072996      -5419.585054254      -3847.764264866    7.22107404200   -0.14355824900    2.59141742900
  2026-10-11T14:07:59.999999       2936.226332323      -5254.187648285      -3091.505134011    6.56776492300    1.51365097200    3.67188092300
  2026-10-11T14:12:00.000000       4384.912894381      -4701.826834150      -2106.926908745    5.42971554400    3.06117533100    4.48218301600
  2026-10-11T14:16:00.000000       5510.266583944      -3802.796121197       -966.579437375    3.88989035500    4.38458292000    4.96177647200
  2026-10-11T14:19:59.999999       6228.911833984      -2623.088985380        245.297092256    2.06145079300    5.38549650000    5.07441546000
  2026-10-11T14:23:59.999999       6487.464891967      -1249.624296582       1438.987107784    0.07967748100    5.98908873400    4.81110618400
  2026-10-11T14:28:00.000000       6266.656941214        216.187261173       2526.028970289   -1.90832876200    6.15022118100    4.19121650100
  2026-10-11T14:32:00.000000       5582.795919829       1666.034828352       3425.873047698   -3.75509222400    5.85690291200    3.26087198600
  2026-10-11T14:35:59.999999       4486.502665818       2992.809780603       4071.898515498   -5.32393882900    5.13102525100    2.08925865500
  2026-10-11T14:39:59.999999       3058.871230171       4098.559335868       4416.338980508   -6.49919666000    4.02648018000    0.76328864800
  2026-10-11T14:44:00.000000       1405.383526289       4901.691973583       4433.760255258   -7.19445306200    2.62481588400   -0.61900211200
  2026-10-11T14:48:00.000000       -351.866378282       5342.922878930       4122.888934142   -7.35852248300    1.02928312600   -1.95551625700
  2026-10-11T14:51:59.999999      -2083.128961184       5389.628732760       3506.706400224   -6.97919831800   -0.64254468000   -3.14745414700
  2026-10-11T14:55:59.999999      -3660.532129103       5038.277500825       2630.789330339   -6.08429329200   -2.26727894200   -4.10649032400
  2026-10-11T15:00:00.000000      -4967.536900981       4314.751881061       1559.981511076   -4.73986499500   -3.72471045800   -4.76140673800
  2026-10-11T15:04:00.000000      -5907.606710591       3272.498015575        373.608600731   -3.04556706100   -4.90681258800   -5.06353241400
  2026-10-11T15:08:00.000000      -6411.450025384       1988.582416345       -840.435871525   -1.12733462000   -5.72607815000   -4.99063125800
  2026-10-11T15:11:59.999999      -6442.191112185        557.906637459      -1992.293766438    0.87241944500   -6.12233199900   -4.54864327300
  2026-10-11T15:15:59.999999      -5998.015007642       -913.923355300      -2996.867127454    2.80578337500   -6.06704629900   -3.77102099300
  2026-10-11T15:20:00.000000      -5112.151146912      -2318.469868166      -3780.133687431    4.53049615200   -5.56527981600   -2.71594120300
  2026-10-11T15:24:00.000000      -3850.217818634      -3552.479681087      -4284.535300043    5.92053620900   -4.65476838100   -1.46153370400
  2026-10-11T15:27:59.999999      -2305.242944760      -4525.357939753      -4473.079511006    6.87477268500   -3.40257407700   -0.10000196100
  2026-10-11T15:31:59.999999       -590.847681468      -5165.658523155      -4331.944482802    7.32372630800   -1.90027043400    1.26891432800
  2026-10-11T15:36:00.000000       1166.974667766      -5426.215537281      -3871.445630558    7.23434514600   -0.25742080100    2.54498018700
  2026-10-11T15:40:00.000000       2838.925815694      -5287.575517587      -3125.324790478    6.61237130000    1.40591745900    3.63435245900
  2026-10-11T15:43:59.999999       4301.777299283      -4759.529291678      -2148.395819054    5.50242131400    2.96755270100    4.45637307000
  2026-10-11T15:47:59.999999       5447.430991200      -3880.565967554      -1012.633767822    3.98529746000    4.31200517400    4.94960481600
  2026-10-11T15:52:00.000000       6191.013158017      -2715.206471824        198.056022197    2.17259407500    5.33925205800    5.07677560900
  2026-10-11T15:56:00.000000       6477.324534824      -1349.309326953       1394.060726632    0.19840750100    5.97267569600    4.82791837600
  2026-10-11T15:59:59.999999       6285.041228507        116.293066546       2486.758993196   -1.79083376800    6.16490874100    4.22124401900
  2026-10-11T16:03:59.999999       5628.357127719       1573.315066681       3395.178919728   -3.64751439900    5.90164194500    3.30186549200
  2026-10-11T16:08:00.000000       4555.881962361       2914.128409920       4052.060228442   -5.23427776300    5.20254335500    2.13816095400
  2026-10-11T16:12:00.000000       3146.940004190       4039.739251342       4408.824972341   -6.43405848300    4.11943635500    0.81645541900
  2026-10-11T16:15:59.999999       1505.646626695       4867.082540071       4439.131812981   -7.15859505500    2.73237477100   -0.56544647100
  2026-10-11T16:19:59.999999       -246.802421357       5335.099191554       4140.765917689   -7.35463855400    1.14355801000   -1.90550934100
  2026-10-11T16:24:00.000000      -1981.026525081       5409.193593558       3535.783390783   -7.00761788000   -0.52999691600   -3.10471574300
  2026-10-11T16:28:00.000000      -3568.941403795       5083.808922480       2668.923252387   -6.14292025400   -2.16478158100   -4.07422461700
  2026-10-11T16:31:59.999999      -4893.229090851       4382.908761905       1604.353122817   -4.82436870900   -3.63982596900   -4.74201289300
  2026-10-11T16:35:59.999999      -5856.079701264       3358.269871752        420.934079024   -3.14972741200   -4.84582946200   -5.05847344200
  2026-10-11T16:40:00.000000      -6386.517115496       2085.646452063       -793.666287074   -1.24340344700   -5.69354509200   -5.00029047900
  2026-10-11T16:44:00.000000      -6445.686117785        659.105256809      -1949.544786707    0.75305349600   -6.12061468500   -4.57228049100
  2026-10-11T16:47:59.999999      -6029.671986941       -816.046415338      -2961.302046973    2.69192301000   -6.09627599200   -3.80686302000
  2026-10-11T16:51:59.999999      -5169.623063529      -2231.126722117      -3754.370903815    4.43057212300   -5.62328102100   -2.76127008900
  2026-10-11T16:56:00.000000      -3929.253120497      -3482.089845216      -4270.455902347    5.84185184300   -4.73716284100   -1.51296929800
  2026-10-11T17:00:00.000000      -2400.025833237      -4477.081743252      -4471.707614280    6.82304080200   -3.50333371900   -0.15381287400
  2026-10-11T17:03:59.999999       -694.406358193      -5143.039057438      -4343.374732052    7.30276608400   -2.01199042500    1.21670028500
  2026-10-11T17:07:59.999999       1062.253223905      -5430.909488146      -3894.831050529    7.24569003400   -0.37191794500    2.49818323500
  2026-10-11T17:12:00.000000       2740.749730643      -5319.239897633      -3158.938566600    6.65523689500    1.29705416500    3.59644975600
  2026-10-11T17:16:00.000000       4217.378821698      -4815.833884990      -2189.750825653    5.57366433000    2.87234928100    4.43016394400
  2026-10-11T17:19:59.999999       5383.035719473      -3957.364273561      -1058.670213244    4.07971698900    4.23749356200    4.93704790300
  2026-10-11T17:23:59.999999       6151.374720532      -2806.830319169        150.749411432    2.28319086500    5.29099067200    5.07881523200
  2026-10-11T17:28:00.000000       6465.356661272      -1448.993097709       1348.989539855    0.31697731100    5.95417151400    4.84439503000
  2026-10-11T17:32:00.000000       6301.618738860         15.897154090       2447.266997751   -1.67300084800    6.17752344800    4.25097618200
  2026-10-11T17:35:59.999999       5672.249054890       1479.614130683       3364.202186947   -3.53914284100    5.94446171900    3.34264542100
  2026-10-11T17:39:59.999999       4623.842713044       2834.032307694       4031.897675561   -5.14330807700    5.27241694800    2.18694810600
  2026-10-11T17:44:00.000000       3233.954806216       3979.170280401       4400.977769957   -6.36724564900    4.21127951100    0.86964576100
  2026-10-11T17:48:00.000000       1605.282121710       4830.521926190       4444.179398532   -7.12088184900    2.83935451800   -0.51185084300
  2026-10-11T17:51:59.999999       -141.904429783       5325.247436530       4158.329862401   -7.34875613500    1.25777766100   -1.85543956700
  2026-10-11T17:55:59.999999      -1878.606289135       5426.785398332       3564.569076207   -7.03403499400   -0.41693942500   -3.06185459400
  2026-10-11T18:00:00.000000      -3476.569220619       5127.553207151       2706.804305895   -6.19971775300   -2.06126227700   -4.04177018700
  2026-10-11T18:04:00.000000      -4817.731533917       4449.572954560       1648.523582033   -4.90731798200   -3.55353593600   -4.72238388500
  2026-10-11T18:08:00.000000      -5803.027305244       3442.921855650        468.120058759   -3.25264693100   -4.78314524000   -5.05312349200
  2026-10-11T18:11:59.999999      -6359.807920454       2182.029777503       -746.958103803   -1.35864676800   -5.65906897600   -5.00959151600
  2026-10-11T18:15:59.999999      -6447.266620261        760.103045430      -1906.765721812    0.63401688400   -6.11687025300   -4.59551247300
  2026-10-11T18:20:00.000000      -6059.394432955       -717.882333598      -2925.603051028    2.57789472200   -6.12347988700   -3.84226223600
  2026-10-11T18:24:00.000000      -5225.265680285      -2143.020028091      -3728.371768263    4.32992032800   -5.67935736800   -2.80619950200
  2026-10-11T18:27:59.999999      -4006.696083630      -3410.511858357      -4256.057344043    5.76195776100   -4.81797031800   -1.56410635800
  2026-10-11T18:31:59.999999      -2493.550207940      -4427.279990267      -4469.947262495    6.76972529800   -3.60286707100   -0.20734444600
  2026-10-11T18:36:00.000000       -797.134993230      -5118.654563391      -4354.362200349    7.27986258700   -2.12297848200    1.16464418600
  2026-10-11T18:40:00.000000        957.875000399      -5433.728950105      -3917.750408688    7.25492654200   -0.48622375000    2.45142063000
  2026-10-11T18:43:59.999999       2642.401429079      -5349.050691709      -3192.097690665    6.69595047400    1.18781110500    3.55840731300
  2026-10-11T18:47:59.999999       4132.309233016      -4870.444563012      -2230.702482621    5.64292838600    2.77621429200    4.40367816300
  2026-10-11T18:52:00.000000       5317.523418115      -4032.747709137      -1104.384097094    4.17241921700    4.16159831700    4.92409866900
  2026-10-11T18:56:00.000000       6110.256034164      -2897.421493287        103.658859177    2.39251078300    5.24094480000    5.08036579600
  2026-10-11T18:59:59.999999       6451.668678866      -1548.098166960       1304.011920233    0.43481817700    5.93371344800    4.86034102000
  2026-10-11T19:03:59.999999       6316.362118521        -84.395398812       2407.731846616   -1.55537266900    6.18813684800    4.28009609700
  2026-10-11T19:08:00.000000       5714.327392444       1385.538392889       3333.031041302   -3.43039102700    5.98533284200    3.38279698800
  2026-10-11T19:12:00.000000       4690.142644621       2753.115456397       4011.399252533   -5.05146341600    5.34051307100    2.23516883800
  2026-10-11T19:15:59.999999       3319.583366755       3917.379740949       4392.667111922   -6.29900559700    4.30159173300    0.92237587500
  2026-10-11T19:19:59.999999       1703.927284722       4792.426339828       4448.682335505   -7.08134978700    2.94527982200   -0.45847364600
  2026-10-11T19:24:00.000000        -37.536452171       5313.667964270       4175.316374024   -7.34089153300    1.37144009300   -1.80544358800
  2026-10-11T19:28:00.000000      -1776.226317577       5442.573833977       3592.774419970   -7.05835515000   -0.30394054000   -3.01893288700
  2026-10-11T19:31:59.999999      -3383.733661958       5169.546412367       2744.139350905   -6.25444248700   -1.95723740300   -4.00908006400
  2026-10-11T19:35:59.999999      -4741.297622145       4514.675429383       1692.224039091   -4.98842765000   -3.46619052700   -4.70236522300
  2026-10-11T19:40:00.000000      -5748.640368987       3526.320290370        514.947029207   -3.35411763000   -4.71897197200   -5.04724752200
  2026-10-11T19:44:00.000000      -6331.474831521       2277.555361462       -700.471045817   -1.47293504000   -5.62280410100   -5.01827782400
  2026-10-11T19:47:59.999999      -6447.058549318        860.698190609      -1864.054237484    0.51538245600   -6.11113278400   -4.61808544200
  2026-10-11T19:51:59.999999      -6087.306201275       -619.632153190      -2889.816109589    2.46364592300   -6.14863689700   -3.87703767100
  2026-10-11T19:56:00.000000      -5279.223542115      -2054.347594990      -3702.144435621    4.22845390500   -5.73351347000   -2.85059034900
  2026-10-11T20:00:00.000000      -4082.717426487      -3337.934454096      -4241.315186554    5.68068600500   -4.89710927500   -1.61483641800
  2026-10-11T20:03:59.999999      -2586.041511723      -4376.130370239      -4467.773861982    6.71459471700   -3.70119262100   -0.26070831300
  2026-10-11T20:07:59.999999       -899.293416472      -5092.693197637      -4364.917319993    7.25492448300   -2.23326139000    1.11259647700
  2026-10-11T20:12:00.000000        853.555709408      -5434.870193571      -3940.256176191    7.26197716900   -0.60041960800    2.40448400600
  2026-10-11T20:16:00.000000       2543.594751974      -5377.231637091      -3224.906008613    6.73456692000    1.07807526400    3.52002346200
  2026-10-11T20:19:59.999999       4046.303559099      -4923.610186981      -2271.403789770    5.71033526600    2.67903369200    4.37670039500
  2026-10-11T20:23:59.999999       5250.677689585      -4106.997486983      -1149.977260330    4.26370089800    4.08418085000    4.91057807900
  2026-10-11T20:28:00.000000       6067.520798313      -2987.283520796         56.551504248    2.50089699300    5.18906997500    5.08134393400
  2026-10-11T20:32:00.000000       6436.205406697      -1646.938319012       1258.881670951    0.55228986500    5.91123792300    4.87573422500
  2026-10-11T20:35:59.999999       6329.315553841       -184.908195424       2367.922771215   -1.43752291100    6.19675813400    4.30876431400
  2026-10-11T20:39:59.999999       5754.731591511       1290.782581311       3301.487704384   -3.32090344100    6.02438851600    3.42258175400
  2026-10-11T20:44:00.000000       4755.001730064       2671.112970484       3990.450686100   -4.95842058400    5.40706776200    2.28312661400
  2026-10-11T20:48:00.000000       3404.098128835       3854.173011308       4383.858140297   -6.22926396300    4.39069799600    0.97494582200
  2026-10-11T20:51:59.999999       1801.856971056       4752.669042800       4452.658028317   -7.03997475000    3.05038631900   -0.40515146600
  2026-10-11T20:55:59.999999         66.588030490       5300.296668295       4191.789295941   -7.33099016200    1.48485625800   -1.75527218200
  2026-10-11T21:00:00.000000      -1673.607793846       5456.578400673       3620.529072176   -7.08072034900   -0.19065556700   -2.97568423800
  2026-10-11T21:04:00.000000      -3290.205622372       5209.878523673       2781.113909961   -6.30735516700   -1.85248398100   -3.97597693200
  2026-10-11T21:08:00.000000      -4663.761428814       4578.343169232       1735.672240541   -5.06794671300   -3.37768039100   -4.68185372100
  2026-10-11T21:11:59.999999      -5692.809432912       3608.613408364        561.644701473   -3.45434838000   -4.65323167300   -5.04084614300
  2026-10-11T21:15:59.999999      -6301.453629768       2372.390411772       -653.986958309   -1.58644713200   -5.58467339400   -5.02644697900
  2026-10-11T21:20:00.000000      -6445.037087150        961.071064069      -1821.227041155    0.39701700900   -6.10339652500   -4.64019329500
  2026-10-11T21:24:00.000000      -6113.400290379       -521.124162020      -2853.807357942    2.34915927300   -6.17180159300   -3.91138570400
  2026-10-11T21:27:59.999999      -5331.482943841      -1964.952596920      -3675.599408180    4.12623478200   -5.78581338700   -2.89461643900
  2026-10-11T21:31:59.999999      -4157.278061962      -3264.219521125      -4226.178460749    5.59819913900   -4.97466732100   -1.66529231000
  2026-10-11T21:36:00.000000      -2677.413595866      -4323.505619153      -4465.151332384    6.65784752700   -3.79830856900   -0.31389819500
  2026-10-11T21:40:00.000000      -1000.759805615      -5065.024893473      -4375.000932169    7.22807351200   -2.34283819100    1.06054941800
  2026-10-11T21:43:59.999999        749.458808515      -5434.197102842      -3962.308568501    7.26704478700   -0.71441023900    2.35741755300
  2026-10-11T21:47:59.999999       2444.528026258      -5403.608924992      -3257.301879584    6.77116187900    0.96802859600    3.48142343300
  2026-10-11T21:52:00.000000       3959.560959537      -4975.112083603      -2311.756472021    5.77582523900    2.58100701700    4.34940951400
  2026-10-11T21:56:00.000000       5182.664993995      -4179.844599895      -1195.309880433    4.35333223400    4.00543906700    4.89662883500
  2026-10-11T21:59:59.999999       6023.273502177      -3076.109117521          9.589920365    2.60807824700    5.13549639500    5.08180789200
  2026-10-11T22:03:59.999999       6419.001580543      -1745.179300008       1213.769804976    0.66906077700    5.88684233500    4.89058782300
  2026-10-11T22:08:00.000000       6340.423735069       -285.301169988       2328.000598323   -1.31982654400    6.20333528500    4.33689506600
  2026-10-11T22:12:00.000000       5793.322321250       1195.658809045       3269.710384684   -3.21099797600    6.06144430500    3.46189632000
  2026-10-11T22:15:59.999999       4818.212521641       2588.287149699       3969.164944425   -4.86443225000    5.47185109000    2.33070352300
  2026-10-11T22:19:59.999999       3487.244463778       3789.753665642       4374.630630289   -6.15813581100    4.47834813400    1.02722982800
  2026-10-11T22:24:00.000000       1898.792936972       4711.397039424       4456.158948536   -6.99690096800    3.15443569500   -0.35202473100
  2026-10-11T22:28:00.000000        170.160089121       5285.206966757       4207.748872144   -7.31909138200    1.59765819500   -1.70521141200
  2026-10-11T22:31:59.999999      -1571.035611138       5468.788673467       3647.764226058   -7.10090912300   -0.07736694700   -2.93235730100
  2026-10-11T22:35:59.999999      -3196.212547014       5248.493167243       2817.612727725   -6.35822501000   -1.74711887400   -3.94259748000
  2026-10-11T22:40:00.000000      -4585.300363328       4640.500478279       1778.729092608   -5.14569716200   -3.28807692500   -4.66092518300
  2026-10-11T22:44:00.000000      -5635.670313213       3689.706544503        608.065091050   -3.55316874500   -4.58601350300   -5.03391876300
  2026-10-11T22:47:59.999999      -6269.836619336       2466.415392522       -607.644757055   -1.69898139000   -5.54478501800   -5.03401010400
  2026-10-11T22:51:59.999999      -6441.246451329       1061.077558822      -1778.387752785    0.27910201700   -6.09374859400   -4.66163928800
  2026-10-11T22:56:00.000000      -6137.680895159       -422.520482787      -2817.627385505    2.23459459100   -6.19304927700   -3.94508085500
  2026-10-11T23:00:00.000000      -5382.010240152      -1875.011239973      -3648.731274212    4.02341635100   -5.83629524000   -2.93803844200
  2026-10-11T23:03:59.999999      -4230.309118451      -3189.546296906      -4210.584242071    5.51462961900   -5.05062481500   -1.71523692400
  2026-10-11T23:07:59.999999      -2767.566285443      -4269.575724401      -4461.962655603    6.59961560400   -3.89415036700   -0.36669811900
  2026-10-11T23:12:00.000000      -1101.401973160      -5035.791156748      -4384.440757565    7.19942862400   -2.45153238200    1.00875783200
  2026-10-11T23:16:00.000000        645.725057676      -5431.802894963      -3983.676078705    7.27009135800   -0.82800656900    2.31041916200
  2026-10-11T23:19:59.999999       2345.337483483      -5428.232379553      -3289.023769697    6.80574762600    0.85787220700    3.44267396100
  2026-10-11T23:23:59.999999       3872.225554285      -5024.938002032      -2351.490314601    5.83941192200    2.48244796400    4.32181692300
  2026-10-11T23:28:00.000000       5113.617883014      -4251.197853331      -1240.114948482    4.44121650900    3.92571060400    4.88221800100
  2026-10-11T23:32:00.000000       5977.608745642      -3163.731642980        -36.976136334    2.71385114300    5.08049549800    5.08163945500
  2026-10-11T23:35:59.999999       6400.100213194      -1842.601248087       1168.887726180    0.78493111800    5.86069142100    4.90470082800
  2026-10-11T23:39:59.999999       6349.686446836       -385.318731208       2288.126882768   -1.20246090900    6.20799359100    4.36425790500
  2026-10-11T23:44:00.000000       5830.059652892       1100.442989575       3237.798570009   -3.10083143200    6.09654557000    3.50047192500
  2026-10-11T23:48:00.000000       4879.702183953       2504.906941761       3947.577495376   -4.76960314600    5.53476931400    2.37762771400
  2026-10-11T23:51:59.999999       3568.939537325       3724.368456889       4364.967162005   -6.08563450900    4.56444736700    1.07904934500
  2026-10-11T23:55:59.999999       1994.655310231       4668.831609075       4459.132118229   -6.95206301300    3.25732311400   -0.29919364300
  2026-10-12T00:00:00.000000        273.115480107       5268.601136206       4223.135735018   -7.30518990000    1.70975932100   -1.65523442000
  2026-10-12T00:04:00.000000      -1468.582677897       5479.368556693       3674.430387330   -7.11897564000    0.03567544200   -2.88893364600
  2026-10-12T00:08:00.000000      -3101.820804525       5285.479883401       2853.587260213   -6.40692662300   -1.64145624200   -3.90891900000
  2026-10-12T00:11:59.999999      -4505.943759713       4701.171173238       1821.358338498   -5.22151747900   -3.19760973100   -4.63950221000
  2026-10-12T00:15:59.999999      -5577.219488629       3769.573342061        654.191520400   -3.65046101500   -4.51751740300   -5.02637786000
  2026-10-12T00:20:00.000000      -6236.595961941       2559.559218380       -561.435407963   -1.81046855500   -5.50332507300   -5.04085823100
  2026-10-12T00:24:00.000000      -6435.644765027       1160.601712014      -1735.505214693    0.16170185800   -6.08235027300   -4.68232847400
  2026-10-12T00:27:59.999999      -6160.097379571       -323.966590837      -2781.224982647    2.11995537100   -6.21247241900   -3.97805292700
  2026-10-12T00:31:59.999999      -5430.758254451      -1784.692123022      -3621.477010402    3.91998448400   -5.88505926000   -2.98081878600
  2026-10-12T00:36:00.000000      -4301.766165989      -3114.102799114      -4194.459678831    5.42997549400   -5.12505001000   -1.76463335100
  2026-10-12T00:40:00.000000      -2856.455747253      -4214.539608513      -4458.128693635    6.53987976900   -3.98873348500   -0.41909529600
  2026-10-12T00:43:59.999999      -1201.183835728      -5005.192615200      -4393.161339970    7.16895099100   -2.55934666100    0.95717287000
  2026-10-12T00:47:59.999999        542.386012458      -5427.885390336      -4004.301463489    7.27111147400   -0.94117033100    2.26340518000
  2026-10-12T00:52:00.000000       2246.041509882      -5451.288634001      -3320.035109855    6.83822542600    0.74763557800    3.40367441700
  2026-10-12T00:56:00.000000       3784.289954145      -5073.286462362      -2390.605787655    5.90103947600    2.38321741900    4.29369332000
  2026-10-12T00:59:59.999999       5043.548032048      -4321.291340582      -1284.453886964    4.52754573100    3.84487506500    4.86709735600
  2026-10-12T01:03:59.999999       5930.593032417      -3250.401378157        -83.258677846    2.81844558200    5.02403723200    5.08066199400
  2026-10-12T01:08:00.000000       6379.622396605      -1939.464810112       1124.084995093    0.90013538300    5.83273646300    4.91794204200
  2026-10-12T01:12:00.000000       6357.291150891       -485.234181679       2248.126161042   -1.08510033700    6.21068484000    4.39079086400
  2026-10-12T01:15:59.999999       5865.215123708       1004.860586150       3205.576882339   -2.99003265800    6.12973941100    3.53835547500
  2026-10-12T01:19:59.999999       4939.832110883       2420.728473796       3925.535140077   -4.67357984400    5.59602281300    2.42404462500
  2026-10-12T01:24:00.000000       3649.617867977       3657.823794536       4354.749026427   -6.01148495200    4.64923609400    1.13055925000
  2026-10-12T01:28:00.000000       2089.934850138       4624.849863835       4461.512071838   -6.90529632500    3.35938825500   -0.24637175000
  2026-10-12T01:31:59.999999        375.961402587       5250.441203158       4237.952691366   -7.28928292600    1.82153486800   -1.60506480100
  2026-10-12T01:35:59.999999      -1365.758603834       5488.380059581       3700.595704058   -7.13507595400    0.14893764300   -2.84511764500
  2026-10-12T01:40:00.000000      -3006.609105609       5321.014558198       2889.174330460   -6.45386690600   -1.53506937000   -3.87471246300
  2026-10-12T01:44:00.000000      -4425.372916356       4760.616545715       1863.742189601   -5.29583408200   -3.10597561100   -4.61741495500
  2026-10-12T01:47:59.999999      -5517.245015552       3848.548580721        700.246421591   -3.74671882400   -4.44742014200   -5.01807251800
  2026-10-12T01:51:59.999999      -6201.652400733       2652.228392754       -515.118779839   -1.92148457300   -5.46002415200   -5.04699626300
  2026-10-12T01:56:00.000000      -6428.295518901       1260.109445922      -1692.352822287    0.04418763800   -6.06900834400   -4.70239337900
  2026-10-12T02:00:00.000000      -6180.863010796       -224.968911940      -2744.418002024    2.00462955200   -6.23002879300   -4.01053143300
  2026-10-12T02:03:59.999999      -5478.083487668      -1693.503361869      -3593.720454258    3.81534325800   -5.93215750200   -3.02328738100
  2026-10-12T02:07:59.999999      -4372.146400880      -3037.430831843      -4177.786128457    5.34367518300   -5.19818226900   -1.81395363600
  2026-10-12T02:12:00.000000      -2944.699263001      -4158.020282802      -4453.752946848    6.47822522600   -4.08249864400   -0.47162365800
  2026-10-12T02:16:00.000000      -1300.800055358      -4972.976874856      -4401.394106100    7.13641399400   -2.66687002200    0.90527075400
  2026-10-12T02:19:59.999999        438.717477311      -5422.347754886      -4024.536280173    7.27008763300   -1.05460132900    2.21589981900
  2026-10-12T02:23:59.999999       2145.944815654      -5472.855015958      -3350.792393711    6.86885056300    0.63658823300    3.36403543800
  2026-10-12T02:28:00.000000       3695.147017294      -5120.397687571      -2429.631320847    5.96114351600    2.28270853000    4.26486509100
  2026-10-12T02:32:00.000000       4971.950014852      -4390.507081167      -1328.875597217    4.61275726000    3.76231525100    4.85123793500
  2026-10-12T02:35:59.999999       5881.858281869      -3336.647797894       -129.796814875    2.92258488900    4.96557750100    5.07900511800
  2026-10-12T02:39:59.999999       6357.388540117      -2036.385268751       1078.881477056    1.01544483900    5.80280684300    4.93065085400
  2026-10-12T02:44:00.000000       6363.220607002       -585.676259032       2207.607396893   -0.96715063100    6.21144309200    4.41688260100
  2026-10-12T02:48:00.000000       5898.903795064        908.304710772       3172.747723700   -2.87809666100    6.16118803700    3.57595712100
  2026-10-12T02:51:59.999999       4998.819677264       2335.202140531       3902.842286670   -4.57601032000    5.65590701500    2.47037769600
  2026-10-12T02:55:59.999999       3729.557356726       3589.654861507       4343.883421085   -5.93554181600    4.73309691300    1.18217515100
  2026-10-12T03:00:00.000000       2184.926983547       4579.079931794       4463.287660435   -6.85657890600    3.46103167000   -0.19330363500
  2026-10-12T03:04:00.000000        478.995863921       5230.458171934       4252.246304495   -7.27140684100    1.93344921400   -1.55446233800
  2026-10-12T03:08:00.000000      -1262.295313197       5495.663650934       3726.359857954   -7.14939474400    0.26282776100   -2.80073086800
  2026-10-12T03:11:59.999999      -2910.359856343       5355.024307504       2924.504838586   -6.49928689500   -1.42761806800   -3.83987981200
  2026-10-12T03:15:59.999999      -4343.440322859       4818.839327155       1906.017473319   -5.36896405800   -3.01290481300   -4.59473624600
  2026-10-12T03:20:00.000000      -5455.661733302       3926.686576291        746.333097458   -3.84212966400   -4.37554802300   -5.00918363600
  2026-10-12T03:24:00.000000      -6164.959987712       2744.527183101       -468.631492668   -2.03221982300   -5.41462434100   -5.05257693200
  2026-10-12T03:27:59.999999      -6419.205439372       1359.765153155      -1648.916015642   -0.07365507800   -6.05348135900   -4.72206693800
  2026-10-12T03:31:59.999999      -6200.037319458       -125.305576014      -2707.253654931    1.88839418700   -6.24548690000   -4.04280157100
  2026-10-12T03:36:00.000000      -5524.102393428      -1601.172364794      -3565.579211023    3.70924580100   -5.97742467200   -3.06574502200
  2026-10-12T03:40:00.000000      -4441.626509971      -2959.229921243      -4160.753076817    5.25546391900   -5.26993813900   -1.86349211700
  2026-10-12T03:43:59.999999      -3032.541967140      -4099.711140883      -4449.099422867    6.41435473100   -4.17549485700   -0.52461852400
  2026-10-12T03:47:59.999999      -1400.559419760      -4938.870961902      -4409.487039187    7.10159379700   -2.77432817600    0.85270393700
  2026-10-12T03:52:00.000000        334.367112675      -5414.989280311      -4044.805516783    7.26690097600   -1.16867413300    2.16762225600
  2026-10-12T03:56:00.000000       2044.681423605      -5492.834568180      -3381.774306641    6.89761459500    0.52424642300    3.32359216500
  2026-10-12T03:59:59.999999       3604.443200540      -5166.300912259      -2469.072153861    6.01985274800    2.18035692500    4.23526167700
  2026-10-12T04:03:59.999999       4898.528195824      -4459.005701602      -1373.885469682    4.69718041300    3.67755464500    4.83473476900
  2026-10-12T04:08:00.000000       5831.178145394      -3422.727807950       -177.058058857    3.02650565500    4.90474948800    5.07687162800
  2026-10-12T04:12:00.000000       6333.234534477      -2133.715288698       1032.864515335    1.13120180500    5.77048122700    4.94310187500
  2026-10-12T04:15:59.999999       6367.406738435       -687.069377690       2166.252705180   -0.84823502200    6.21012034600    4.44302411400
  2026-10-12T04:19:59.999999       5931.118438706        810.341701389       3139.115632397   -2.76488765900    6.19090546200    3.61376861900
  2026-10-12T04:24:00.000000       5056.681146947       2247.893291533       3879.414410760   -4.47682292200    5.71443765400    2.51708164100
  2026-10-12T04:28:00.000000       3808.790404229       3519.444141668       4332.391440715   -5.85775117900    4.81616557500    1.23430798000
  2026-10-12T04:31:59.999999       2279.660862567       4531.145575568       4464.567656730   -6.80598565300    3.56242466000   -0.13967208000
  2026-10-12T04:35:59.999999        582.219862093       5208.312672053       4266.178944910   -7.25168865100    2.04563465600   -1.50331418500
  2026-10-12T04:40:00.000000      -1158.208190778       5500.912251085       3751.885304377   -7.16195640300    0.37751053500   -2.75586642200
  2026-10-12T04:44:00.000000      -2813.090723224       5387.246301549       2959.707959679   -6.54318356000   -1.31892561200   -3.80460060600
  2026-10-12T04:47:59.999999      -4260.158679061       4875.614613304       1948.267297168   -5.44089362000   -2.91825522000   -4.57165096700
  2026-10-12T04:51:59.999999      -5392.485096709       4003.779512758        792.482843091   -3.93669066700   -4.30192687100   -4.99996247300
  2026-10-12T04:56:00.000000      -6126.503491760       2836.211762539       -422.005791420   -2.14237417400   -5.36738216100   -5.05785060600
  2026-10-12T05:00:00.000000      -6408.251715184       1459.264137461      -1605.265939422   -0.19127290800   -6.03599474800   -4.74143758700
  2026-10-12T05:03:59.999999      -6217.342234794        -25.327097647      -2669.809688902    1.77197580500   -6.25898662900   -4.07481471200
  2026-10-12T05:07:59.999999      -5568.346565890      -1508.067307322      -3537.103310942    3.60254618100   -6.02084577200   -3.10800360600
  2026-10-12T05:12:00.000000      -4509.524693138      -2879.833755913      -4143.341753252    5.16624520800   -5.34004972300   -1.91287067100
  2026-10-12T05:16:00.000000      -3119.091549708      -4039.849184563      -4444.037493243    6.34910002700   -4.26717315500   -0.57751995900
  2026-10-12T05:19:59.999999      -1499.397011625      -4902.944782366      -4417.157399650    7.06507184000   -2.88089424100    0.80015368500
  2026-10-12T05:23:59.999999        230.505800146      -5405.657064669      -4064.658954326    7.26183394600   -1.28236228500    2.11928101400
  2026-10-12T05:28:00.000000       1943.442756959      -5510.809353812      -3412.360151916    6.92440673000    0.41177495400    3.28304828600
  2026-10-12T05:32:00.000000       3513.289458084      -5210.293017843      -2508.147649841    6.07659743300    2.07735751900    4.20549880000
  2026-10-12T05:35:59.999999       4824.198784893      -4525.809697446      -1418.577790524    4.77977867600    3.59163464300    4.81798718800
  2026-10-12T05:39:59.999999       5779.186095805      -3507.448442160       -224.067245357    3.12889896800    4.84230500400    5.07444304600
  2026-10-12T05:44:00.000000       6307.446362761      -2230.119892297        987.020858645    1.24582353000    5.73616669000    4.95518227900
  2026-10-12T05:48:00.000000       6369.757002292       -788.054406582       2124.972701808   -0.72982768300    6.20652247800    4.46875329200
  2026-10-12T05:51:59.999999       5961.455396940        712.238736438       3105.470185718   -2.65153725000    6.21836482300    3.65124572800
  2026-10-12T05:55:59.999999       5112.763786586       2159.922107546       3855.895084895   -4.37695477100    5.77087852700    2.56345960800
  2026-10-12T06:00:00.000000       3886.477290911       3448.094523804       4320.731893074   -5.77869147500    4.89738002900    1.28615714300
  2026-10-12T06:04:00.000000       2373.223660204       4481.680826361       4465.632576948   -6.75358771900    3.66246674100   -0.08614103500
  2026-10-12T06:08:00.000000        684.740794901       5184.386613684       4279.890428707   -7.22988879200    2.15707621000   -1.45212187500
  2026-10-12T06:11:59.999999      -1054.307234159       5504.276562925       3777.218034407   -7.17232421300    0.49207982000   -2.71082013000
  2026-10-12T06:15:59.999999      -2715.482991599       5417.632687484       2994.773661341   -6.58492839500   -1.20970815700   -3.76904029100
  2026-10-12T06:20:00.000000      -4176.044827813       4930.755683428       1990.456958531   -5.51089814000   -2.82246533400   -4.54821478800
  2026-10-12T06:24:00.000000      -5328.062262989       4079.576465502        838.659707851   -4.02974634300   -4.22665522100   -4.99037227800
  2026-10-12T06:27:59.999999      -6086.498421242       2927.036984157       -375.266225906   -2.25152810500   -5.31818684900   -5.06276780400
  2026-10-12T06:31:59.999999      -6395.575179561       1558.389551471      -1561.415099186   -0.30844636500   -6.01644324700   -4.76043875100
  2026-10-12T06:36:00.000000      -6232.885155467         74.773401141      -2632.074312000    1.65544342100   -6.27045301800   -4.10645794100
  2026-10-12T06:40:00.000000      -5610.917231271      -1414.370643303      -3508.251419839    3.49523234700   -6.06239273000   -3.14992362200
  2026-10-12T06:43:59.999999      -4575.949164895      -2799.423813288      -4125.479645500    5.07598940900   -5.40852858100   -1.96196707200
  2026-10-12T06:47:59.999999      -3204.461480710      -3978.616068571      -4438.464730608    6.28243379100   -4.35751858400   -0.63021081400
  2026-10-12T06:52:00.000000      -1597.433754436      -4865.372184398      -4424.281299910    7.02683853700   -2.98651846300    0.74768266300
  2026-10-12T06:56:00.000000        127.010932818      -5394.506125205      -4083.963442472    7.25486170200   -1.39556912100    2.07087555700
  2026-10-12T06:59:59.999999       1842.105689423      -5526.912896496      -3442.432256407    6.94926522400    0.29926446200    3.24228455100
  2026-10-12T07:03:59.999999       3421.583638576      -5252.479851621      -2546.773589748    6.13150101700    1.97385806100    4.17542787600
  2026-10-12T07:08:00.000000       4748.890322452      -4590.980864054      -1462.906907405    4.86068506700    3.50478412400    4.80082707800
  2026-10-12T07:12:00.000000       5725.842450383      -3590.808388029       -270.826346296    3.22990274300    4.77852758100    5.07148549400
  2026-10-12T07:15:59.999999       6280.020017105      -2325.520284889        941.294373391    1.35944581500    5.70023049900    4.96668771200
  2026-10-12T07:19:59.999999       6370.275380303       -888.451137360       2083.666701667   -0.61202418400    6.20107885700    4.49385669400
  2026-10-12T07:24:00.000000       5989.879280912        614.254046916       3071.643953353   -2.53823129100    6.24379447200    3.68809626300
  2026-10-12T07:28:00.000000       5166.994339469       2071.585456882       3832.058957335   -4.27654693400    5.82534500400    2.60933461600
  2026-10-12T07:31:59.999999       3962.500122525       3375.928305336       4308.649257413   -5.69860672400    4.97682148700    1.33760922900
  2026-10-12T07:35:59.999999       2465.426501420       4431.005516565       4466.187397388   -6.69967000400    3.76101272900   -0.03292842200
  2026-10-12T07:40:00.000000        786.325205906       5158.942746705       4293.040117820   -7.20612403000    2.26750110800   -1.40101933400
  2026-10-12T07:44:00.000000       -950.846181683       5505.950034461       3801.996019595   -7.18054830400    0.60621456700   -2.66563255800
  2026-10-12T07:47:59.999999      -2617.795220558       5446.294670572       3029.344686641   -6.62451121500   -1.10033181000   -3.73312753000
  2026-10-12T07:51:59.999999      -4091.348162335       4984.281129328       2032.259062567   -5.57890367500   -2.72593469000   -4.52425177200
  2026-10-12T07:56:00.000000      -5262.610327846       4153.999947987        884.589413594   -4.12110893100   -4.15011849100   -4.98015232500
  2026-10-12T08:00:00.000000      -6045.110240480       3016.847101861       -328.615895363   -2.35944978800   -5.26729069700   -5.06701451500
  2026-10-12T08:03:59.999999      -6381.282146440       1656.942952330      -1517.497915395   -0.42490833200   -5.99491235900   -4.77880989100
  2026-10-12T08:07:59.999999      -6246.712039238        174.796882566      -2594.129871512    1.53902070900   -6.27980394800   -4.13755201100
  2026-10-12T08:12:00.000000      -5651.821377029      -1320.247197089      -3479.073263035    3.38740623200   -6.10189992500   -3.19142592600
  2026-10-12T08:16:00.000000      -4640.897061983      -2718.126437878      -4107.208255380    4.98468132400   -5.47523761100   -2.01078628400
  2026-10-12T08:19:59.999999      -3288.657779338      -3916.116333709      -4432.430716787    6.21431488900   -4.44647667700   -0.68273966700
  2026-10-12T08:23:59.999999      -1694.683267988      -4826.248580060      -4430.917145297    6.98684618500   -3.09116822000    0.69527034400
  2026-10-12T08:28:00.000000         23.851790935      -5381.626594219      -4102.783478816    7.24591693100   -1.50828653300    2.02236852800
  2026-10-12T08:32:00.000000       1740.622941052      -5541.234431944      -3472.065361919    6.97210746100    0.18670592800    3.20125065100
  2026-10-12T08:35:59.999999       3329.258952918      -5292.963398970      -2585.042645336    6.18450703500    1.86975039000    4.14494739500
  2026-10-12T08:39:59.999999       4672.540699131      -4654.655953652      -1506.986518527    4.93998513500    3.41684044800    4.78319629600
  2026-10-12T08:44:00.000000       5671.109646743      -3672.982000792       -317.455916383    3.32963088600    4.71326813600    5.06799658100
  2026-10-12T08:48:00.000000       6250.952409054      -2420.132783218        895.562893890    1.47227100300    5.66248940000    4.97762588200
  2026-10-12T08:51:59.999999       6369.026676993       -988.511771738       2042.224217339   -0.49447406200    6.19369435900    4.51842740600
  2026-10-12T08:55:59.999999       6016.535716636        516.140180158       3037.558000428   -2.42468195900    6.26729818500    3.72444515400
  2026-10-12T09:00:00.000000       5219.580125313       1982.663123090       3807.846795006   -4.17534516400    5.87796046600    2.65476115500
  2026-10-12T09:04:00.000000       4037.135203560       3302.761593268       4296.102673145   -5.61722334800    5.05469478800    1.38879180200
  2026-10-12T09:08:00.000000       2556.593107498       4378.996739539       4466.235800853   -6.64412609200    3.85835603300    0.02019200200
  2026-10-12T09:11:59.999999        887.296793807       5131.928655506       4305.676010359   -7.18046119300    2.37716141100   -1.34989514900
  2026-10-12T09:15:59.999999       -847.513203807       5505.933285338       3826.285435414   -7.18666791200    0.72014977800   -2.62023863200
  2026-10-12T09:20:00.000000      -2519.732683772       5473.294463100       3063.499579861   -6.66205378700   -0.99054183900   -3.69682869900
  2026-10-12T09:24:00.000000      -4005.812314432       5036.309131247       2073.755638106   -5.64510121400   -2.62845322800   -4.49974919200
  2026-10-12T09:27:59.999999      -5195.929485987       4227.209913366        930.358266993   -4.21105576700   -4.07218001200   -4.96927841800
  2026-10-12T09:31:59.999999      -6002.211674762       3105.823074325       -281.965246567   -2.46644967000   -5.21466335800   -5.07058250100
  2026-10-12T09:36:00.000000      -6365.324208209       1755.104360693      -1473.414975180   -0.54102260800   -5.97146621900   -4.79650673200
  2026-10-12T09:40:00.000000      -6258.858539222        274.890983896      -2555.867388980    1.42238569800   -6.28723191200   -4.16804647100
  2026-10-12T09:43:59.999999      -5691.158104612      -1225.601524527      -3449.444133409    3.27884898800   -6.13958152300   -3.23242703800
  2026-10-12T09:47:59.999999      -4704.515087977      -2635.894231550      -4088.384835967    4.89214292600   -5.54036033300   -2.05928293500
  2026-10-12T09:52:00.000000      -3371.868522266      -3852.342667411      -4425.792398624    6.14458445200   -4.53422721400   -0.73515902900
  2026-10-12T09:56:00.000000      -1791.362228008      -4785.619097346      -4436.945521052    6.94502583000   -3.19508776000    0.64278733300
  2026-10-12T09:59:59.999999        -79.188906957      -5367.120570312      -4121.029028432    7.23504410800   -1.62072284600    1.97366113300
  2026-10-12T10:03:59.999999       1638.790451361      -5553.916571210      -3501.190202400    6.99299917000    0.07395767500    3.15985385500
  2026-10-12T10:08:00.000000       3236.130249410      -5331.914320992      -2622.911440267    6.23572169300    1.76494702300    4.11394049300
  2026-10-12T10:12:00.000000       4594.993415222      -4717.018779287      -1550.804911177    5.01780789100    3.32776340700    4.76493863700
  2026-10-12T10:15:59.999999       5614.872466585      -3754.155728463       -363.974932504    3.42827458600    4.64656538600    5.06388115900
  2026-10-12T10:19:59.999999       6220.168010552      -2514.118141658        849.789861577    1.58441958500    5.62309219000    4.98792120200
  2026-10-12T10:24:00.000000       6365.956808235      -1088.364744181       2000.584104420   -0.37709782600    6.18450417900    4.54236172700
  2026-10-12T10:28:00.000000       6041.396740099        417.799605210       3003.131053528   -2.31074939200    6.28901206000    3.76024216300
  2026-10-12T10:31:59.999999       5270.520454681       1893.103385127       3783.174253443   -4.07329393100    5.92895298200    2.69973953300
  2026-10-12T10:35:59.999999       4110.380220097       3228.591210053       4282.998115546   -5.53454184300    5.13115302500    1.43962295700
  2026-10-12T10:40:00.000000       2646.734051542       4325.687268125       4465.665932526   -6.58689186000    3.95466754300    0.07317103100
  2026-10-12T10:44:00.000000        987.673490149       5103.414894776       4317.684549071   -7.15291662300    2.48619818900   -1.29870580200
  2026-10-12T10:47:59.999999       -744.311885451       5504.320798262       3849.982103356   -7.19081231900    0.83390669300   -2.57463290300
  2026-10-12T10:51:59.999999      -2421.319728238       5498.715281050       3097.129330390   -6.69757612600   -0.88040171200   -3.66016942000
  2026-10-12T10:56:00.000000      -3919.457853048       5086.913362314       2114.831891452   -5.70945304500   -2.53003781700   -4.47474185400
  2026-10-12T11:00:00.000000      -5128.027533321       4299.284641171        975.842190640   -4.29952610000   -3.99279201200   -4.95778555200
  2026-10-12T11:03:59.999999      -5957.798696891       3194.058442648       -235.443071006   -2.57249731900   -5.16021670100   -5.07347262200
  2026-10-12T11:07:59.999999      -6347.695162370       1852.991150571      -1429.300256181   -0.65678912900   -5.94598704100   -4.81355593000
  2026-10-12T11:12:00.000000      -6269.326991490        375.207317211      -2517.425412570    1.30545638700   -6.29258444100   -4.19797615100
  2026-10-12T11:16:00.000000      -5728.965173107      -1130.250091410      -3419.518945879    3.16936317600   -6.17534677300   -3.27302957100
  2026-10-12T11:19:59.999999      -4766.890472746      -2552.533701712      -4069.191070530    4.79814844300   -5.60389427300   -2.10755050900
  2026-10-12T11:23:59.999999      -3454.240824263      -3787.113882994      -4418.753311448    6.07297740300   -4.62086631500   -0.78755956100
  2026-10-12T11:28:00.000000      -1887.685053271      -4743.333794826      -4442.594097014    6.90109583500   -3.29846691100    0.59011118700
  2026-10-12T11:32:00.000000       -182.386203076      -5350.906175527      -4138.963545953    7.22204774000   -1.73325791700    1.92459183600
  2026-10-12T11:35:59.999999       1536.307134980      -5564.981795244      -3530.101248814    7.01190057600   -0.03943362200    3.11800910000
  2026-10-12T11:39:59.999999       3141.899494394      -5369.462484376      -2660.687514865    6.28519174800    1.65900995900    4.08237428400
  2026-10-12T11:44:00.000000       4515.970987165      -4778.306433252      -1594.675582893    5.09430149700    3.23710650100    4.74604937600
  2026-10-12T11:48:00.000000       5556.906479174      -3834.675422340       -410.698827308    3.52615757700    4.57797047300    5.05915678000
  2026-10-12T11:51:59.999999       6187.541189852      -2607.916230017        803.680973175    1.69636640600    5.58171651300    4.99772008000
  2026-10-12T11:55:59.999999       6361.057935859      -1188.500414647       1958.502777132   -0.25941999800    6.17339369900    4.56591824600
  2026-10-12T12:00:00.000000       6064.554647875        318.729553500       2968.185261227   -2.19606684000    6.30893658200    3.79577289000
  2026-10-12T12:04:00.000000       5319.991981575       1802.410831180       3757.936106366   -3.97006002800    5.97841185000    2.74460055900
  2026-10-12T12:08:00.000000       4182.479675686       3152.966346399       4269.315990784   -5.45037129100    5.20646914400    1.49045815000
  2026-10-12T12:11:59.999999       2736.113022396       4270.696781469       4464.526317192   -6.52794089700    4.05023389300    0.12621261600
  2026-10-12T12:15:59.999999       1087.726054009       5073.099512661       4329.153670245   -7.12347681600    2.59499286600   -1.24731777000
  2026-10-12T12:20:00.000000       -640.978030844       5500.905954630       3873.204584800   -7.19307917700    0.94789291600   -2.52868392400
  2026-10-12T12:24:00.000000      -2322.340893846       5522.440155587       3130.380316424   -6.73136817800   -0.76962352000   -3.62306839800
  2026-10-12T12:27:59.999999      -3832.143158588       5136.017758859       2155.640580913   -5.77225210400   -2.43062801900   -4.44925839500
  2026-10-12T12:31:59.999999      -5058.817602752       4370.140124141       1021.173381277   -4.38666254800   -3.91206137300   -4.94581602000
  2026-10-12T12:36:00.000000      -5911.792801715       3281.438222646       -188.957276250   -2.67753684900   -5.10409609400   -5.07588023800
  2026-10-12T12:40:00.000000      -6328.283707078       1950.452216005      -1385.109743033   -0.77199212600   -5.91861323300   -4.83014838700
  2026-10-12T12:43:59.999999      -6277.936750003        475.565334517      -2478.803032442    1.18859310500   -6.29596192800   -4.22749041800
  2026-10-12T12:47:59.999999      -5764.958453397      -1034.388882358      -3389.319143748    3.05944258600   -6.20920610000   -3.31326824700
  2026-10-12T12:52:00.000000      -4827.613919934      -2468.224565248      -4049.643880849    4.70325348400   -5.66570582800   -2.15553466700
  2026-10-12T12:56:00.000000      -3535.227871609      -3720.558029562      -4411.302380663    6.00004164300   -4.70608605400   -0.83975284000
  2026-10-12T12:59:59.999999      -1982.988517863      -4699.430668510      -4447.792953073    6.85546949000   -3.40085997800    0.53753759900
  2026-10-12T13:03:59.999999       -285.001581243      -5332.895102381      -4156.437387022    7.20712114900   -1.84529880400    1.87550870100
  2026-10-12T13:08:00.000000       1433.928361413      -5574.198384664      -3558.569437412    7.02880000500   -0.15288735900    3.07604546300
  2026-10-12T13:12:00.000000       3047.295847020      -5405.236807413      -2698.054844363    6.33267605600    1.55251585100    4.05062808300
  2026-10-12T13:15:59.999999       4436.109293758      -4838.013047154      -1638.196403605    5.16892038200    3.14539398700    4.72683147300
  2026-10-12T13:19:59.999999       5497.687645000      -3913.925195488       -457.171367287    3.62250598600    4.50785682000    5.05395049300
  2026-10-12T13:24:00.000000       6153.351476641      -2700.855554174        757.693762889    1.80729476600    5.53847433600    5.00695186100
  2026-10-12T13:28:00.000000       6354.419649910      -1288.246167839       1916.405264244   -0.14219028600    6.16025964100    4.58888730600
  2026-10-12T13:31:59.999999       6085.936944289        219.562669754       2933.087231611   -2.08125439700    6.32685419500    3.83076213800
  2026-10-12T13:35:59.999999       5367.781283427       1711.151312612       3732.421033994   -3.86617004600    6.02597030800    2.78897286200
  2026-10-12T13:40:00.000000       4253.118934534       3076.342353300       4255.253375440   -5.36501714400    5.28011681400    1.54093060300
  2026-10-12T13:44:00.000000       2824.368775558       4214.353064029       4462.938477261   -6.46740082900    4.14453920200    0.17904992600
  2026-10-12T13:47:59.999999       1187.067758996       5041.181491461       4340.138770426   -7.09218791700    2.70296881200   -1.19602914100
  2026-10-12T13:51:59.999999       -537.883463509       5495.756000841       3895.934455209   -7.19329474300    1.06161542600   -2.48270112200
  2026-10-12T13:56:00.000000      -2223.104117955       5544.436401915       3163.167799264   -6.76310787400   -0.65853354000   -3.58575358900
  2026-10-12T14:00:00.000000      -3744.097870297       5183.532322608       2196.061320873   -5.83320322700   -2.33038704300   -4.42335600400
  2026-10-12T14:03:59.999999      -4988.477033678       4439.655265433       1066.239607797   -4.47232699800   -3.83010018400   -4.93324021500
  2026-10-12T14:07:59.999999      -5864.358860477       3367.809683127       -142.574459362   -2.78157717600   -5.04646372200   -5.07755811200
  2026-10-12T14:12:00.000000      -6307.261034352       2047.290359124      -1340.838658965   -0.88666865100   -5.88955521800   -4.84596171900
  2026-10-12T14:16:00.000000      -6284.863662241        575.720367539      -2439.916140964    1.07179237000   -6.29753229500   -4.25626208600
  2026-10-12T14:19:59.999999      -5799.314974446       -938.290819755      -3358.687696192    2.94906271900   -6.24122461400   -3.35286141300
  2026-10-12T14:23:59.999999      -4886.876791948      -2383.251112170      -4029.528954391    4.60736795100   -5.72583170700   -2.20303909500
  2026-10-12T14:28:00.000000      -3615.042057980      -3652.963575975      -4403.190755694    5.92571929000   -4.78988384100   -0.89165711200
  2026-10-12T14:32:00.000000      -2077.491083573      -4654.187149566      -4452.287650685    6.80814386000   -3.50217999500    0.48503506200
  2026-10-12T14:35:59.999999       -387.250824626      -5313.340911431      -4173.216211854    7.19029058100   -1.95673925600    1.82627440400
  2026-10-12T14:39:59.999999       1331.450972181      -5581.789239006      -3586.405526988    7.04375577300   -0.26625609900    3.03370877400
  2026-10-12T14:44:00.000000       2952.140638512      -5439.428397300      -2734.903278661    6.37836872600    1.44558704500    4.01833630000
  2026-10-12T14:48:00.000000       4355.292539655      -4896.293976379      -1681.338912990    5.24197123300    3.05282386900    4.70699652700
  2026-10-12T14:51:59.999999       5437.167519677      -3992.008388666       -503.426885954    3.71756525500    4.43641132800    5.04799534400
  2026-10-12T14:55:59.999999       6117.613151272      -2793.003886193        711.736678766    1.91747192200    5.49346429500    5.01540227100
  2026-10-12T15:00:00.000000       6346.128649736      -1387.661675729       1874.158116402   -0.02506457900    6.14509621200    4.61116270600
  2026-10-12T15:04:00.000000       6105.722553706        120.228073971       2897.688203378   -1.96586033700    6.34269848600    3.86519993900
  2026-10-12T15:08:00.000000       5414.191981379       1619.251056034       3706.498944243   -3.76107677800    6.07168720800    2.83301025800
  2026-10-12T15:11:59.999999       4322.724718711       2998.676495382       4240.728460874   -5.27800630700    5.35227218100    1.59127990000
  2026-10-12T15:15:59.999999       2912.035349944       4156.660248232       4460.889453608   -6.40483077300    4.23780341900    0.23203094800
  2026-10-12T15:20:00.000000       1286.336017240       5007.736141861       4350.733488207   -7.05869325500    2.81052405600   -1.14429970500
  2026-10-12T15:24:00.000000       -434.341892754       5489.052648803       3918.407352407   -7.19139627900    1.17552663400   -2.43606307300
  2026-10-12T15:27:59.999999      -2122.937248425       5564.995109206       3195.869079317   -6.79295549900   -0.54666799200   -3.54769114100
  2026-10-12T15:31:59.999999      -3654.707094024       5229.862440308       2236.577610680   -5.89260499900   -2.22881893800   -4.39669682700
  2026-10-12T15:36:00.000000      -4916.475508948       4508.365245946       1111.578207999   -4.55694826100   -3.74633768300   -4.91997420800
  2026-10-12T15:40:00.000000      -5815.082891947       3453.844086792        -95.772390860   -2.88514714800   -4.98675447800   -5.07870187000
  2026-10-12T15:43:59.999999      -6284.356887921       2144.306840112      -1296.041268710   -1.00150297900   -5.85831382300   -4.86141271400
  2026-10-12T15:47:59.999999      -6290.029608454        676.563369883      -2400.437524803    0.95416951500   -6.29709052400   -4.28485761000
  2026-10-12T15:52:00.000000      -5832.167958729       -841.062965657      -3327.442007489    2.83739814900   -6.27160282900   -3.39244114500
  2026-10-12T15:56:00.000000      -4944.981359341      -2296.799921924      -4008.810023219    4.50988279000   -5.78468056400   -2.25064004900
  2026-10-12T15:59:59.999999      -3694.121250700      -3583.636555566      -4394.517102589    5.84949072300   -4.87286841600   -0.94382212000
  2026-10-12T16:03:59.999999      -2171.733091698      -4607.081561694      -4456.299284964    6.75879613500   -3.60322504000    0.43214703500
  2026-10-12T16:08:00.000000       -489.729076842      -5291.920324031      -4189.618524493    7.17143433300   -2.06842843800    1.77654067300
  2026-10-12T16:12:00.000000       1228.273641120      -5587.639119285      -3613.994085806    7.05682395600   -0.38041772100    2.99080708800
  2026-10-12T16:15:59.999999       2855.861545388      -5472.130175214      -2771.641810990    6.42242782200    1.33736912300    3.98545453600
  2026-10-12T16:19:59.999999       4273.009001851      -4953.450371820      -1724.516402321    5.31383889800    2.95852520000    4.68656478800
  2026-10-12T16:24:00.000000       5374.957535677      -4069.408937256       -549.848539346    3.81192896300    4.36306390700    5.04156732500
  2026-10-12T16:28:00.000000       6080.060739287      -2884.937409508        665.510961887    2.02731987500    5.44643295900    5.02344998000
  2026-10-12T16:31:59.999999       6336.001473341      -1487.358113348       1831.557179989    0.09221576200    6.12784521000    4.63313867200
  2026-10-12T16:35:59.999999       6123.767260535         20.120678127       2861.880953472   -1.84983643900    6.35655214600    3.89948502000
  2026-10-12T16:40:00.000000       5459.070597532       1526.120672314       3680.148739192   -3.65485897700    6.11562054200    2.87703838300
  2026-10-12T16:44:00.000000       4391.126316471       2919.404465290       4225.794099700   -5.18943072000    5.42311942700    1.64178585300
  2026-10-12T16:47:59.999999       2998.901110602       4097.113454223       4458.476405253   -6.34048163300    4.33029824900    0.28521295200
  2026-10-12T16:51:59.999999       1385.250294163       4972.311550073       4361.013841208   -7.02325883300    2.91781117500   -1.09235029100
  2026-10-12T16:56:00.000000       -330.677862297       5480.372746336       3940.624790795   -7.18750462900    1.28973474400   -2.38915423900
  2026-10-12T17:00:00.000000      -2022.181674349       5583.713647544       3228.386509855   -6.82093945900   -0.43397423400   -3.50930600700
  2026-10-12T17:03:59.999999      -3564.309594845       5274.604416525       2276.988080526   -5.95039050800   -2.12600173900   -4.36971484600
  2026-10-12T17:07:59.999999      -4843.112041155       4575.826100896       1156.887087955   -4.64022953700   -3.66100780200   -4.90639414700
  2026-10-12T17:12:00.000000      -5764.163626789       3539.040432964        -48.923378041   -2.98773720200   -4.92520430000   -5.07952588900
  2026-10-12T17:16:00.000000      -6259.626693591       2240.946645417      -1251.121436019   -1.11579450800   -5.82509334200   -4.87656038500
  2026-10-12T17:19:59.999999      -6293.289388974        777.510648616      -2360.766150255    0.83666114500   -6.29462087200   -4.31316224900
  2026-10-12T17:23:59.999999      -5863.147797212       -743.246388529      -3295.938122229    2.72533071600   -6.29999414900   -3.43177730400
  2026-10-12T17:28:00.000000      -5001.373905291      -2209.311298316      -3987.786041327    4.41148885700   -5.84182108000   -2.29808796600
  2026-10-12T17:32:00.000000      -3771.749231177      -3512.904245334      -4385.502223741    5.77199902900   -4.95448188300   -0.99582341700
  2026-10-12T17:35:59.999999      -2264.874631378      -4558.285013622      -4459.932804070    6.70779139600   -3.70329053900    0.37938087400
  2026-10-12T17:39:59.999999       -591.536091718      -5268.634082336      -4205.622203052    7.15068310100   -2.17963471100    1.72686451300
  2026-10-12T17:44:00.000000       1125.291530015      -5591.565416438      -3641.180204381    7.06784487700   -0.49459343400    2.94786580000
  2026-10-12T17:48:00.000000       2759.284473693      -5502.978501394      -2808.003237837    6.46446881100    1.22858463700    3.95242074200
  2026-10-12T17:51:59.999999       4189.958995083      -5008.945851703      -1767.359728999    5.38381036900    2.86318376300    4.66591125700
  2026-10-12T17:55:59.999999       5311.556100873      -4145.458615517       -596.000906348    3.90469408300    4.28818999300    5.03482352200
  2026-10-12T18:00:00.000000       6040.988008563      -2975.924806527        619.471920310    2.13603006100    5.39760342000    5.03113232300
  2026-10-12T18:04:00.000000       6324.132012355      -1586.557280453       1789.044251627    0.20879058600    6.10866364800    4.65465222600
  2026-10-12T18:08:00.000000       6139.962712742        -79.964007533       2826.039536886   -1.73398187900    6.36839048100    3.93322649600
  2026-10-12T18:11:59.999999       5502.126417722       1432.535017288       3653.632897927   -3.54827223100    6.15760747100    2.92052852600
  2026-10-12T18:15:59.999999       4457.856122684       2839.221069701       4210.564789803   -5.09993233800    5.49213349600    1.69177687700
  2026-10-12T18:20:00.000000       3084.387109896       4036.252903699       4455.665981978   -6.27467103000    4.42132412400    0.33806947900
  2026-10-12T18:24:00.000000       1483.172589143       4935.279177470       4370.835001658   -6.98606844600    3.02410639700   -1.04060942900
  2026-10-12T18:27:59.999999       -227.555838305       5469.900774337       3962.341857625   -7.18162247400    1.40340883100   -2.34236849100
  2026-10-12T18:31:59.999999      -1921.471078041       5600.574948740       3260.389702838   -6.84679780600   -0.32128026200   -3.47090317500
  2026-10-12T18:36:00.000000      -3473.449450075       5317.558036614       2316.910760271   -6.00612011600   -2.02261595000   -4.34254161100
  2026-10-12T18:40:00.000000      -4768.818809642       4641.694732421       1201.770414697   -4.72168869900   -3.57462237400   -4.89248002600
  2026-10-12T18:43:59.999999      -5711.917511004       3622.945643338         -2.404216532   -3.08885373700   -4.86221575300   -5.07988896400
  2026-10-12T18:47:59.999999      -6233.266303096       2336.679772060      -1206.407259873   -1.22905147000   -5.79011587300   -4.89113823400
  2026-10-12T18:52:00.000000      -6294.736786380        878.003702992      -2321.155740232    0.71962072100   -6.29017611700   -4.34085464500
  2026-10-12T18:56:00.000000      -5892.273919263       -645.402583505      -3264.350127795    2.61313894000   -6.32636372700   -3.47051555500
  2026-10-12T18:59:59.999999      -5056.013394021      -2121.315668304      -3966.539652854    4.31237347300   -5.89700430900   -2.34499565800
  2026-10-12T19:03:59.999999      -3847.870780796      -3441.222065148      -4376.154595986    5.69320037400   -5.03441005900   -1.04746330800
  2026-10-12T19:08:00.000000      -2356.872692545      -4508.182954042      -4463.167002998    6.65509890400   -3.80208324800    0.32682810900
  2026-10-12T19:12:00.000000       -692.646904822      -5243.791614875      -4221.192163773    7.12789352000   -2.29005444500    1.67723888000
  2026-10-12T19:15:59.999999       1022.496465484      -5593.820380107      -3667.944650165    7.07669587600   -0.60858863300    2.90478184600
  2026-10-12T19:19:59.999999       2662.373973665      -5532.180798802      -2843.999180372    6.50437009400    1.11940332500    3.91905677200
  2026-10-12T19:24:00.000000       4106.085212378      -5062.963048375      -1809.938187084    5.45189315200    2.76686348100    4.64477460000
  2026-10-12T19:28:00.000000       5246.923937816      -4220.319461873       -642.013511333    3.99595891600    4.21189319300    5.02751889000
  2026-10-12T19:31:59.999999       6000.381327758      -3066.109552096        573.432149492    2.24373310000    5.34699389500    5.03821060000
  2026-10-12T19:35:59.999999       6310.559397296      -1685.406725528       1746.387576423    0.32496914000    6.08752752900    4.67559617200
  2026-10-12T19:40:00.000000       6154.428670697       -180.168647408       2789.926243039   -1.61796110700    6.37829828100    3.96646231100
  2026-10-12T19:44:00.000000       5543.556975246       1338.378138804       3626.732599143   -3.44097857900    6.19777973500    2.96359296000
  2026-10-12T19:47:59.999999       4523.187624573       2758.060567522       4194.869003846   -5.00928809400    5.55958375700    1.74149669500
  2026-10-12T19:51:59.999999       3168.796428469       3974.071159698       4452.335350609   -6.20730508600    4.51106568700    0.39076808400
  2026-10-12T19:56:00.000000       1580.440049902       4896.670140948       4380.126767778   -6.94696616000    3.12959665100   -0.98877396800
  2026-10-12T20:00:00.000000       -124.617982704       5457.727644641       3983.579919119   -7.17376856100    1.51683586700   -2.29528659900
  2026-10-12T20:03:59.999999      -1820.476545446       5615.733709306       3291.997783867   -6.87072717600   -0.20835265400   -3.43210323100
  2026-10-12T20:07:59.999999      -3381.853446996       5358.923584678       2356.542720200   -6.06003089900   -1.91850595600   -4.31489436800
  2026-10-12T20:12:00.000000      -4693.381395432       4706.209420313       1246.484764418   -4.80159513400   -3.48702289300   -4.87803749200
  2026-10-12T20:16:00.000000      -5658.201321986       3705.839045322         44.075692597   -3.18883105700   -4.79760960200   -5.07970819100
  2026-10-12T20:19:59.999999      -6205.222113616       2431.822067638      -1161.606937257   -1.34166668900   -5.75327367300   -4.90521982300
  2026-10-12T20:23:59.999999      -6294.405505578        978.367383443      -2281.346700096    0.60272802400   -6.28376981600   -4.36810292500
  2026-10-12T20:28:00.000000      -5919.648186005       -547.216292713      -3232.463850829    2.50057508600   -6.35079184200   -3.50887820100
  2026-10-12T20:32:00.000000      -5109.051295237      -2032.529213893      -3944.916335933    4.21238661200   -5.95041777800   -2.39162622300
  2026-10-12T20:35:59.999999      -3922.653305616      -3368.357423199      -4366.375600254    5.61308594300   -5.11285306400   -1.09892649700
  2026-10-12T20:39:59.999999      -2447.897853270      -4456.588149539      -4465.945174961    6.60069718900   -3.89980810800    0.27428596700
  2026-10-12T20:44:00.000000       -793.218847203      -5217.260063990      -4236.323746580    7.10323372800   -2.39989862500    1.62747839300
  2026-10-12T20:48:00.000000        919.775318976      -5594.304094648      -3694.312626860    7.08355760100   -0.72249433400    2.86148193300
  2026-10-12T20:51:59.999999       2565.059638722      -5559.657342283      -2879.660156200    6.54229295300    1.00975353300    3.88538705900
  2026-10-12T20:55:59.999999       4021.350947027      -5115.429466978      -1852.267197789    5.51817125700    2.66956069200    4.62323053000
  2026-10-12T21:00:00.000000       5181.034787982      -4293.921185597       -687.884509713    4.08575118500    4.13417434700    5.01973819000
  2026-10-12T21:04:00.000000       5958.213877157      -3155.415608610        527.415452937    2.35039344800    5.29466784900    5.04478831200
  2026-10-12T21:08:00.000000       6295.231559503      -1783.814364604       1703.633597875    0.44058484500    6.06447117200    4.69603284500
  2026-10-12T21:11:59.999999       6167.070505200       -280.404473927       2753.599257683   -1.50194647900    6.38621574500    3.99925029400
  2026-10-12T21:15:59.999999       5583.226435419       1243.724119329       3599.519406561   -3.33315714200    6.23608473200    3.00627775600
  2026-10-12T21:20:00.000000       4586.940943346       2675.979206206       4178.777409117   -4.91765501100    5.62538617900    1.79091011800
  2026-10-12T21:24:00.000000       3251.912010382       3910.611836941       4448.546487876   -6.13857888700    4.59947728900    0.44323697200
  2026-10-12T21:27:59.999999       1676.779535723       4856.503238329       4388.909494937   -6.90615946300    3.23409446000   -0.93711872600
  2026-10-12T21:31:59.999999        -22.156607309       5443.816706985       4004.283325636   -7.16388905100    1.62978923900   -2.24821570800
  2026-10-12T21:36:00.000000      -1719.461825211       5629.113974521       3323.095463674   -6.89260502400   -0.09530551600   -3.39310527800
  2026-10-12T21:40:00.000000      -3289.761103902       5398.598873471       2395.730550894   -6.11203051600   -1.81378985700   -4.28689201300
  2026-10-12T21:43:59.999999      -4617.014088692       4769.232289423       1290.856368779   -4.87981638200   -3.39837809700   -4.86310967000
  2026-10-12T21:47:59.999999      -5603.187987999       3787.539357517         90.339510243   -3.28744557100   -4.73157315400   -5.07896161100
  2026-10-12T21:52:00.000000      -6175.601733428       2526.154522460      -1116.878761422   -1.45334479900   -5.71469518000   -4.91868369800
  2026-10-12T21:56:00.000000      -6292.331496717       1078.359114961      -2241.462929255    0.48628172900   -6.27546324900   -4.39474161300
  2026-10-12T21:59:59.999999      -5945.234478740       -448.938978977      -3200.359535848    2.38793407200   -6.37328212800   -3.54666157300
  2026-10-12T22:03:59.999999      -5160.383943464      -1943.195465398      -3922.943618460    4.11179147500   -6.00198832400   -2.43774806200
  2026-10-12T22:08:00.000000      -3995.936875480      -3294.526620902      -4356.136970252    5.53188126100   -5.18967855200   -1.14998694500
  2026-10-12T22:12:00.000000      -2537.733279582      -4403.677206331      -4468.181184479    6.54480895900   -3.99623654500    0.22202929900
  2026-10-12T22:15:59.999999       -893.000459326      -5189.149682729      -4250.861881590    7.07674216200   -2.50887213900    1.57784358400
  2026-10-12T22:19:59.999999        817.384890921      -5593.061074214      -3720.082785547    7.08846125700   -0.83603524400    2.81809933100
  2026-10-12T22:24:00.000000       2467.604305269      -5585.373278412      -2914.761488173    6.57825452200    0.90003195700    3.85150463300
  2026-10-12T22:28:00.000000       3936.007698453      -5166.208175870      -1894.101931709    5.58252442100    2.57171023700    4.60134140300
  2026-10-12T22:31:59.999999       5114.095259837      -4366.025510827       -733.362520638    4.17381962900    4.05541564600    5.01145333100
  2026-10-12T22:35:59.999999       5914.625437720      -3243.528086334        481.655740724    2.45571215100    5.24086834800    5.05074887100
  2026-10-12T22:40:00.000000       6278.219183744      -1881.420900586       1660.981611910    0.55535147200    6.03964838900    4.71581189900
  2026-10-12T22:44:00.000000       6177.886789060       -380.285561096       2717.214159712   -1.38624498300    6.39219512400    4.03137060600
  2026-10-12T22:47:59.999999       5621.064593263       1148.951690100       3572.095197397   -3.22507230600    6.27240178600    3.04836271400
  2026-10-12T22:51:59.999999       4649.000491095       2593.315154323       4162.343182815   -4.82515327300    5.68935648800    1.83984699000
  2026-10-12T22:56:00.000000       3333.599030447       3846.161108197       4444.316848494   -6.06851933300    4.68633513100    0.49536228900
  2026-10-12T23:00:00.000000       1772.060015723       4815.017078531       4397.189686428   -6.86364293400    3.33742758900   -0.88563810600
  2026-10-12T23:03:59.999999         79.686761797       5428.354779325       4024.459742760   -7.15204268500    1.74198584500   -2.20117811800
  2026-10-12T23:07:59.999999      -1618.564226233       5640.821389134       3353.674521618   -6.91229575500    0.01751115700   -3.35398303700
  2026-10-12T23:12:00.000000      -3197.259793784       5436.622632921       2434.455281423   -6.16188987300   -1.70867036200   -4.25856336000
  2026-10-12T23:16:00.000000      -4539.754800190       4830.766901377       1334.860085686   -4.95617103300   -3.30880910400   -4.84772864000
  2026-10-12T23:19:59.999999      -5546.876162294       3868.021907129        136.357556191   -3.38455594200   -4.66421974300   -5.07765023700
  2026-10-12T23:23:59.999999      -6144.375251283       2619.619850663      -1072.249317680   -1.56397331000   -5.67452828000   -4.93148835000
  2026-10-12T23:28:00.000000      -6288.465084058       1177.890351056      -2201.510149615    0.37032312800   -6.26538402300   -4.42066556100
  2026-10-12T23:32:00.000000      -5968.980153557       -350.691906405      -3168.017594327    2.27522353700   -6.39398708400   -3.58375693600
  2026-10-12T23:35:59.999999      -5209.951845511      -1853.472049099      -3900.572749160    4.01063286700   -6.05184914400   -2.48322397800
  2026-10-12T23:39:59.999999      -4067.648383099      -3219.913274837      -4345.355429766    5.44964081400   -5.26495631800   -1.20049561100
  2026-10-12T23:44:00.000000      -2626.297728661      -4349.641645363      -4469.758152158    6.48746557400   -4.09138507800    0.17018095500
  2026-10-12T23:48:00.000000       -991.901917052      -5159.648349760      -4264.664413415    7.04847775600   -2.61692142200    1.52843657900
  2026-10-12T23:51:59.999999        715.420867878      -5590.255292693      -3745.085012684    7.09135205200   -0.94908032800    2.77474520000
  2026-10-12T23:55:59.999999       2370.077736967      -5609.471728961      -2949.120461207    6.61213962100    0.79025461600    3.81736697800
  2026-10-13T00:00:00.000000       3850.115463979      -5215.443403623      -1935.285271365    5.64499819300    2.47332335700    4.57897413800
  2026-10-13T00:04:00.000000       5046.180042324      -4436.764109339       -778.323498550    4.26022468300    3.97570262100    5.00253122600
  2026-10-13T00:08:00.000000       5869.701890137      -3330.558997807        436.241902504    2.55973167300    5.18564939500    5.05591793300
  2026-10-13T00:11:59.999999       6259.624437061      -1978.333087378       1618.475066464    0.66938103100    6.01304793100    4.73472860400
  2026-10-13T00:15:59.999999       6187.020611676       -479.921537196       2680.770991832   -1.27064661100    6.39624777100    4.06266660700
  2026-10-13T00:20:00.000000       5657.269630418       1053.960097973       3544.423785518   -3.11648155600    6.30681725100    3.08971288300
  2026-10-13T00:24:00.000000       4709.614591169       2509.994242155       4145.502363971   -4.73159085600    5.75158805900    1.88818727400
  2026-10-13T00:27:59.999999       3414.160756494       3780.674178297       4439.566402940   -5.99689224000    4.77180024900    0.54715687200
  2026-10-13T00:31:59.999999       1866.626253971       4772.212680673       4404.899100324   -6.81928559100    3.43980776300   -0.83425751500
  2026-10-13T00:36:00.000000        181.281599358       5411.403884798       4044.067482720   -7.13819901100    1.85372740000   -2.15401206700
  2026-10-13T00:40:00.000000      -1517.437658205       5650.992733798       3383.744521245   -6.93001611800    0.13038813000   -3.31450586200
  2026-10-13T00:43:59.999999      -3104.068145758       5473.182834590       2472.777687981   -6.20988441300   -1.60300641100   -4.22969783000
  2026-10-13T00:47:59.999999      -4461.385373634       4891.031527881       1378.613604071   -5.03094407600   -3.21816568300   -4.83162495700
  2026-10-13T00:52:00.000000      -5489.132651466       3947.546995204        182.308178432   -3.48058641700   -4.59537433900   -5.07556857100
  2026-10-13T00:56:00.000000      -6111.521965209       2712.519311259      -1027.505303217   -1.67406468900   -5.63259957200   -4.94354592300
  2026-10-13T00:59:59.999999      -6282.911293525       1277.294971004      -2161.274685975    0.25433655000   -6.25343244600   -4.44593842900
  2026-10-13T01:03:59.999999      -5991.112765374       -252.121826249      -3135.251726293    2.16191823800   -6.41283813900   -3.62034105500
  2026-10-13T01:08:00.000000      -5258.117041706      -1762.998995584      -3877.679444873    3.90833869800   -6.10005607400   -2.52840177200
  2026-10-13T01:12:00.000000      -4138.279723666      -3144.194562652      -4334.005338587    5.36586034000   -5.33892687600   -1.25091082200
  2026-10-13T01:15:59.999999      -2714.188564794      -4294.236669388      -4470.767933842    6.42828919300   -4.18565000000    0.11822751600
  2026-10-13T01:19:59.999999      -1090.591860194      -5128.623750401      -4277.949248833    7.01822077100   -2.72458392500    1.47872245100
  2026-10-13T01:24:00.000000        613.185418521      -5585.897097765      -3769.667253172    7.09225865900   -1.06227493100    2.73089389800
  2026-10-13T01:28:00.000000       2271.822133213      -5632.115763213      -2983.195092050    6.64419911900    0.67981576700    3.78260449500
  2026-10-13T01:31:59.999999       3763.084911681      -5263.444435303      -1976.345480563    5.70590556000    2.37375640300    4.55587942100
  2026-10-13T01:35:59.999999       4976.811200887      -4506.613356778       -823.344640710    4.34560935800    3.89435293900    4.99284462000
  2026-10-13T01:40:00.000000       5823.147882281      -3417.115432148        390.594291291    2.66327169600    5.12864891600    5.06041705700
  2026-10-13T01:44:00.000000       6239.335318988      -2075.208966835       1575.582658210    0.78337497500    5.98457070000    4.75304156700
  2026-10-13T01:47:59.999999       6194.516696187       -579.976577484       2643.809608431   -1.15452633900    6.39840675300    4.09348150500
  2026-10-13T01:51:59.999999       5692.026486832        958.115505647       3516.141860038   -3.00685451200    6.33953830000    3.13077900400
  2026-10-13T01:56:00.000000       4769.077029992       2425.449728953       4128.007520134   -4.63661733300    5.81244463800    1.93645351600
  2026-10-13T02:00:00.000000       3493.943552243       3713.680341186       4434.164943995   -5.92357857800    4.85629629500    0.59903840800
  2026-10-13T02:03:59.999999       1960.843749078       4727.726167591       4412.000018880   -6.77305771600    3.54170346600   -0.78259524700
  2026-10-13T02:07:59.999999        282.976288519       5392.714984792       4063.157560611   -7.12251355600    1.96546961900   -2.10639480400
  2026-10-13T02:12:00.000000      -1415.780544100       5659.479722604       3413.417000546   -6.94600805900    0.24371327000   -3.27448787700
  2026-10-13T02:16:00.000000      -3009.953549723       5508.217548639       2510.835944009   -6.25634838100   -1.49647315700   -4.20027031000
  2026-10-13T02:19:59.999999      -4381.753431870       4950.025847731       1422.238651877   -5.10441806100   -3.12626320400   -4.81493675800
  2026-10-13T02:23:59.999999      -5429.856274730       4026.153832582        228.279319358   -3.57570971400   -4.52485705900   -5.07283913200
  2026-10-13T02:28:00.000000      -6076.985921933       2804.939769080       -982.591326986   -1.78381886400   -5.58872716000   -4.95503493700
  2026-10-13T02:32:00.000000      -6275.660819632       1376.701887933      -2120.746125354    0.13812045200   -6.23943480600   -4.47076360400
  2026-10-13T02:35:59.999999      -6011.672063445       -153.061679448      -3102.106291190    2.04781716400   -6.42969268900   -3.65665116200
  2026-10-13T02:39:59.999999      -5304.966942008      -1671.580524129      -3854.365012257    3.80470282000   -6.14649639800   -2.57351392100
  2026-10-13T02:44:00.000000      -4207.975840266      -3067.149856811      -4322.247370738    5.28027625100   -5.41153031600   -1.30151399900
  2026-10-13T02:48:00.000000      -2801.616393064      -4237.243574243      -4471.446665734    6.36702662900   -4.27912007300    0.06583268100
  2026-10-13T02:51:59.999999      -1189.333668223      -5095.896897066      -4291.032174362    6.98577193300   -2.83209040800    1.42838078000
  2026-10-13T02:55:59.999999        510.377935836      -5579.879243284      -3794.215762222    7.09105458000   -1.17598165000    2.68627778200
  2026-10-13T03:00:00.000000       2172.516539513      -5653.300755493      -3017.430236523    6.67442424100    0.56822787500    3.74700037400
  2026-10-13T03:04:00.000000       3674.616382399      -5310.329803579      -2017.769613193    5.76545246000    2.27250982600    4.53196400400
  2026-10-13T03:08:00.000000       4905.739765877      -4575.791474128       -868.912004917    4.43013951600    3.81098607200    4.98245015500
  2026-10-13T03:11:59.999999       5774.757303564      -3503.519599999        344.246429966    2.76658962100    5.06936579900    5.06436228200
  2026-10-13T03:15:59.999999       6217.242707715      -2172.479070531       1531.893397808    0.89781561400    5.95388957000    4.77111393400
  2026-10-13T03:20:00.000000       6200.368535648       -680.926506593       2606.021354660   -1.03754456500    6.39860145000    4.12427079500
  2026-10-13T03:24:00.000000       5725.396328462        860.933307709       3487.049823699   -2.89593294900    6.37055118300    3.17201369600
  2026-10-13T03:27:59.999999       4827.511521151       2339.208973444       4109.768386402   -4.53997749900    5.87205660500    1.98509213800
  2026-10-13T03:31:59.999999       3573.119317265       3644.755931846       4428.125228284   -5.84845278500    4.94007367200    0.65142049200
  2026-10-13T03:36:00.000000       2054.897131287       4681.195966339       4418.591934673   -6.72496960800    3.64339131900   -0.73036853100
  2026-10-13T03:40:00.000000        384.951858146       5371.997648110       4081.874078513   -7.10498038400    2.07755184300   -2.05820675600
  2026-10-13T03:43:59.999999      -1313.415054158       5666.084400569       3442.853836283   -6.96030932600    0.35789917100   -3.23390229200
  2026-10-13T03:47:59.999999      -2914.755025467       5541.630848473       2548.791262692   -6.30139545100   -1.38864773300   -4.17030843400
  2026-10-13T03:52:00.000000      -4300.736250080       5007.745542392       1465.879526616   -5.17680342100   -3.03279229300   -4.79781158900
  2026-10-13T03:56:00.000000      -5368.968145436       4103.883393752        274.358576733   -3.67001147500   -4.45259177300   -5.06975976900
  2026-10-13T03:59:59.999999      -6040.676742040       2896.929259736       -937.490472186   -1.89307911800   -5.54288413200   -4.96622301700
  2026-10-13T04:03:59.999999      -6266.571709634       1476.166249597      -2079.971871917    0.02195657100   -6.22337135300   -4.49539929700
  2026-10-13T04:08:00.000000      -6030.435879718        -53.451583954      -3068.679191449    1.93329985500   -6.44454428700   -3.69286089000
  2026-10-13T04:12:00.000000      -5350.173712304      -1579.153483305      -3830.754602320    3.70020587400   -6.19111926000   -2.61859968200
  2026-10-13T04:15:59.999999      -4276.288906543      -2988.696769124      -4310.198130281    5.19339816700   -5.48264034200   -1.35218072200
  2026-10-13T04:19:59.999999      -2888.015570379      -4178.533311595      -4471.858554645    6.30411417600   -4.37153214500    0.01329387400
  2026-10-13T04:24:00.000000      -1287.474940669      -5061.262567090      -4303.894121677    6.95145265000   -2.93908640100    1.37781217600
  2026-10-13T04:28:00.000000        407.710032364      -5571.898979109      -3818.599642470    7.08788303700   -1.28973789600    2.64142159400
  2026-10-13T04:31:59.999999       2072.877879886      -5672.601922788      -3051.558528831    6.70269292800    0.45603795900    3.71115346300
  2026-10-13T04:35:59.999999       3585.358245931      -5355.539617973      -2059.145816049    5.82317424900    2.17013128800    4.50779792800
  2026-10-13T04:40:00.000000       4833.472537453      -4643.626223798       -914.491458035    4.51313942800    3.72600400300    4.97181993400
  2026-10-13T04:44:00.000000       5724.848693300      -3589.011506448        297.833693822    2.86875737100    5.00812661500    5.06809241900
  2026-10-13T04:47:59.999999       6193.413499202      -2269.341319752       1488.084338933    1.01163136000    5.92097275000    4.78895216600
  2026-10-13T04:51:59.999999       6204.412779830       -782.014245439       2568.069776643   -0.92054799000    6.39654597700    4.15494068300
  2026-10-13T04:56:00.000000       5757.023194879        763.094453793       3457.773121743   -2.78450413100    6.39950028400    3.21317452000
  2026-10-13T05:00:00.000000       4884.383316981       2251.839967215       4091.327508908   -4.44232704700    5.92980856200    2.03367560700
  2026-10-13T05:03:59.999999       3651.040758783       3574.299995776       4421.884272168   -5.77178103400    5.02239831900    0.70387346400
  2026-10-13T05:07:59.999999       2148.109164709       4632.855520208       4425.012794541   -6.67502203800    3.74420591300   -0.67797753300
  2026-10-13T05:12:00.000000        486.556104997       5349.328492743       4100.467526838   -7.08541820700    2.18933703200   -2.00979043800
  2026-10-13T05:16:00.000000      -1210.927657503       5670.736972293       3472.225564007   -6.97254973100    0.47237207100   -3.19305676300
  2026-10-13T05:19:59.999999      -2818.951260831       5573.231409659       2586.748332516   -6.34449682200   -1.27994856000   -4.14005310500
  2026-10-13T05:23:59.999999      -4218.680246312       5063.927566393       1509.595989444   -5.24755297400   -2.93792408200   -4.78037251600
  2026-10-13T05:28:00.000000      -5306.697607612       4180.457167558        320.585001974   -3.76310372000   -4.37858018400   -5.06640135100
  2026-10-13T05:32:00.000000      -6002.748813281       2988.203188371       -892.176146477   -2.00158198400   -5.49514525500   -4.97712641000
  2026-10-13T05:35:59.999999      -6255.736352777       1575.377028864      -2038.911380053   -0.09390815900   -6.20535724500   -4.51971517500
  2026-10-13T05:39:59.999999      -6047.437437171         46.370539674      -3034.890303893    1.81862475700   -6.45748302700   -3.72876441600
  2026-10-13T05:44:00.000000      -5393.708346234      -1486.067830517      -3806.713534158    3.59512752400   -6.23395451600   -2.66342305300
  2026-10-13T05:48:00.000000      -4343.116545426      -2909.176838674      -4297.660286650    5.10555080200   -5.55215620300   -1.40263054100
  2026-10-13T05:51:59.999999      -2973.205935027      -4118.407084489      -4471.739364095    6.23986501500   -4.46263408300   -0.03911593900
  2026-10-13T05:55:59.999999      -1384.764117740      -5024.940412173      -4316.206458101    6.91550399800   -3.04514238100    1.32726536100
  2026-10-13T06:00:00.000000        305.477205963      -5562.059539428      -3842.445009293    7.08290121800   -1.40301733400    2.59645592000
  2026-10-13T06:04:00.000000       1973.231112556      -5689.985291550      -3085.185767425    6.72910017200    0.34386761500    3.67511785600
  2026-10-13T06:08:00.000000       3495.644630804      -5398.878851752      -2100.074094749    5.87903065700    2.06733378500    4.48336282900
  2026-10-13T06:11:59.999999       4760.313702640      -4709.745243664       -959.702213328    4.59439797800    3.64015086600    4.96079611300
  2026-10-13T06:15:59.999999       5673.660259114      -3673.047173781        251.684158208    2.96944507900    4.94561093400    5.07134732500
  2026-10-13T06:20:00.000000       6167.984947991      -2365.096140396       1444.416258206    1.12427490200    5.88643634400    4.80625010000
  2026-10-13T06:24:00.000000       6206.627050448       -882.424630258       2530.120541319   -0.80425421800    6.39252333000    4.18500576700
  2026-10-13T06:27:59.999999       5786.725445509        665.439710759       3428.360153745   -2.67316473900    6.42635048300    3.25379759300
  2026-10-13T06:31:59.999999       4939.376793823       2164.157339059       4072.632177201   -4.34421183100    5.98553498400    2.08179929700
  2026-10-13T06:36:00.000000       3727.262061548       3503.060015675       4415.282310502   -5.69408754400    5.10284633600    0.75590619200
  2026-10-13T06:40:00.000000       2239.937972676       4583.314235439       4430.989502526   -6.62345953400    3.84346844100   -0.62582628800
  2026-10-13T06:43:59.999999        587.213356906       5325.150368453       4118.588770027   -7.06387857800    2.30011167700   -1.96137963200
  2026-10-13T06:47:59.999999      -1108.885634114       5673.705576100       3501.149630953   -6.98261781800    0.58642001000   -3.15200125500
  2026-10-13T06:52:00.000000      -2723.065955898       5603.119036077       2624.331003043   -6.38541632000   -1.17106399700   -4.10940620700
  2026-10-13T06:56:00.000000      -4136.035836085       5118.515509559       1553.046861705   -5.31627924600   -2.84225270900   -4.76242038800
  2026-10-13T06:59:59.999999      -5243.389379840       4255.697946210        366.677455784   -3.85450234300   -4.30321198600   -5.06246958200
  2026-10-13T07:03:59.999999      -5963.432199452       3078.522984503       -846.858774886   -2.10886364600   -5.44562958600   -4.98747225900
  2026-10-13T07:08:00.000000      -6243.286025072       1674.097348669      -1997.717948353   -0.20912941300   -6.18529570300   -4.54352004500
  2026-10-13T07:12:00.000000      -6062.746435993        146.204276569      -3000.856540963    1.70395057100   -6.46831239300   -3.76424439800
  2026-10-13T07:15:59.999999      -5435.623579937      -1392.478382419      -3782.339284640    3.48944998200   -6.27482262800   -2.70793144400
  2026-10-13T07:19:59.999999      -4408.530200403      -2828.713513349      -4284.725978111    5.01661290400   -5.61999114200   -1.45286714800
  2026-10-13T07:24:00.000000      -3057.293601869      -4056.973088235      -4471.184092566    6.17413668200   -4.55240132600   -0.09141093800
  2026-10-13T07:28:00.000000      -1481.344501597      -4987.039719358      -4328.070323979    6.87776103200   -3.15028558300    1.27669406800
  2026-10-13T07:31:59.999999        203.500699780      -5550.482078502      -3865.868602228    7.07596089400   -1.51588808700    2.55129605700
  2026-10-13T07:35:59.999999       1873.364711725      -5705.599066993      -3118.455976244    6.75353220800    0.23154161600    3.63873995100
  2026-10-13T07:40:00.000000       3405.256292933      -5440.552960607      -2140.740903093    5.93310255600    1.96384944300    4.45849228400
  2026-10-13T07:44:00.000000       4686.079702995      -4774.413949342      -1004.761962612    4.67410959200    3.55319734500    4.94927917800
  2026-10-13T07:47:59.999999       5621.066236792      -3755.945441282        205.559335625    3.06895313700    4.88159576200    5.07404977400
  2026-10-13T07:51:59.999999       6140.924747816      -2460.107568214       1400.641098395    1.23622051700    5.85014869100    4.82301080400
  2026-10-13T07:56:00.000000       6207.098305825       -982.525636056       2491.939488744   -0.68820276500    6.38665597700    4.21456607200
  2026-10-13T08:00:00.000000       5814.682462645        567.642885165       3398.595693379   -2.56158035600    6.45129229400    3.29393928400
  2026-10-13T08:03:59.999999       4992.750561789       2075.882922514       4053.484118904   -4.24530913500    6.03945826500    2.12957941000
  2026-10-13T08:07:59.999999       3802.102634772       3430.824383503       4408.166318149   -5.61520676200    5.18174518800    0.80776410400
  2026-10-13T08:12:00.000000       2330.714531741       4532.443657192       4436.424220741   -6.57035433000    3.94151292700   -0.57374563400
  2026-10-13T08:16:00.000000        687.232784115       5299.398377344       4136.165954243   -7.04044135600    2.41010301300   -1.91288752000
  2026-10-13T08:19:59.999999      -1007.006093928       5674.983541546       3529.573942948   -6.99066107900    0.70027001800   -3.11066865800
  2026-10-13T08:23:59.999999      -2626.859598975       5631.335330326       2661.501357971   -6.42436282100   -1.06182184100   -4.07831069200
  2026-10-13T08:28:00.000000      -4052.617899112       5171.579442155       1596.210292989   -5.38323632800   -2.74571918900   -4.74388486700
  2026-10-13T08:32:00.000000      -5178.923896163       4329.677141574        412.635151498   -3.94449612600   -4.22653667400   -5.05786434800
  2026-10-13T08:35:59.999999      -5922.671819544       3167.934997179       -801.510757699   -2.21517409900   -5.39448401500   -4.99711037300
  2026-10-13T08:39:59.999999      -6229.219733855       1772.327624999      -1956.327875959   -0.32388374900   -6.16341349600   -4.56665838200
  2026-10-13T08:44:00.000000      -6076.386065533        245.997767283      -2966.473442397    1.58924656500   -6.47723274000   -3.79913297500
  2026-10-13T08:48:00.000000      -5475.940802269      -1298.471596910      -3757.487062729    3.38320665400   -6.31382664800   -2.75198181600
  2026-10-13T08:51:59.999999      -4472.539199956      -2747.410265136      -4271.226129899    4.92663075000   -5.68617692100   -1.50282679500
  2026-10-13T08:55:59.999999      -3140.274908678      -3994.344548856      -4470.017726681    6.10699350800   -4.64087706400   -0.14359460800
  2026-10-13T09:00:00.000000      -1577.190337991      -4947.679489928      -4339.311260459    6.83835085300   -3.25451417100    1.22611444200
  2026-10-13T09:04:00.000000        101.831575869      -5537.272366166      -3888.687233915    7.06715114100   -1.62825176400    2.50598245200
  2026-10-13T09:08:00.000000       1773.347852274      -5719.517688250      -3151.180173133    6.77603717000    0.11922528000    3.60202022300
  2026-10-13T09:11:59.999999       3314.264748379      -5480.590044778      -2180.962661001    5.98534863500    1.85986743300    4.43313139100
  2026-10-13T09:15:59.999999       4610.832971896      -4837.625431592      -1049.504304728    4.75225356100    3.46526883800    4.93721130700
  2026-10-13T09:20:00.000000       5567.117301855      -3837.664533633        159.613447064    3.16719367000    4.81625027100    5.07614913300
  2026-10-13T09:24:00.000000       6112.252676269      -2554.298435639       1356.893760618    1.34731592600    5.81220498300    4.83911620700
  2026-10-13T09:27:59.999999       6205.817955361      -1082.229700377       2453.628873877   -0.57245147100    6.37894839000    4.24348420600
  2026-10-13T09:31:59.999999       5840.881971568        469.798239082       3368.555304789   -2.44975419100    6.47439213000    3.33350575000
  2026-10-13T09:36:00.000000       5044.486276121       1987.125373907       4033.929611128   -4.14564548000    6.09161099000    2.17685597700
  2026-10-13T09:40:00.000000       3875.555450004       3357.705508381       4400.542943530   -5.53501748600    5.25911328200    0.85930450600
  2026-10-13T09:43:59.999999       2420.460863473       4480.364885668       4441.301513065   -6.51560305100    4.03838348100   -0.52176594500
  2026-10-13T09:47:59.999999        786.646844790       5272.205896451       4153.184249951   -7.01512395200    2.51934371500   -1.86432304300
  2026-10-13T09:52:00.000000       -905.255188343       5674.696951344       3557.475194857   -6.99663168900    0.81387074500   -3.06909862400
  2026-10-13T09:56:00.000000      -2530.283069688       5658.002381524       2698.227684840   -6.46125375500   -0.95220495200   -4.04679603100
  2026-10-13T09:59:59.999999      -3968.361271977       5223.256154915       1639.050525355   -5.44837906300   -2.64822215600   -4.72477097200
  2026-10-13T10:03:59.999999      -5113.229777001       4402.561861193        458.419550918   -4.03307816000   -4.14840587700   -5.05260227700
  2026-10-13T10:08:00.000000      -5880.405845126       3256.648762713       -756.173959560   -2.32061542400   -5.34152725600   -5.00608000100
  2026-10-13T10:12:00.000000      -6213.509595991       1870.318447588      -1914.793932059   -0.43836579300   -6.13952677000   -4.58917516900
  2026-10-13T10:15:59.999999      -6088.394903620        346.036734828      -2931.811433558    1.47416757200   -6.48414991600   -3.83352020200
  2026-10-13T10:19:59.999999      -5514.788908192      -1203.757880057      -3732.253792290    3.27600941100   -6.35101093700   -2.79567862700
  2026-10-13T10:24:00.000000      -4535.374125786      -2664.996222593      -4257.280498193    4.83517441200   -5.75086381400   -1.55262137600
  2026-10-13T10:28:00.000000      -3222.480672150      -3930.298358350      -4468.392110735    6.03801630100   -4.72830476800   -0.19582965800
  2026-10-13T10:31:59.999999      -1672.727131786      -4906.717485682      -4350.130871395    6.79692068900   -3.35826620800    1.17528105300
  2026-10-13T10:35:59.999999         -0.015977490      -5522.413843075      -3911.160950530    7.05631814300   -1.74068500100    2.46029600000
  2026-10-13T10:40:00.000000       1672.675534084      -5731.863277657      -3183.664104198    6.79661657800    0.00634793000    3.56480215000
  2026-10-13T10:44:00.000000       3222.181752135      -5519.248713554      -2221.078519471    6.03592268700    1.75482684300    4.40715455000
  2026-10-13T10:47:59.999999       4534.142963550      -4899.763854294      -1094.295533738    4.82915770300    3.37587019500    4.92447533600
  2026-10-13T10:51:59.999999       5511.491130274      -3918.697774707        113.464177371    3.26471828400    4.74918826100    5.07764235300
  2026-10-13T10:56:00.000000       6081.789988683      -2648.228288773       1312.806686729    1.45818028100    5.77245850800    4.85469594900
  2026-10-13T11:00:00.000000       6202.747299988      -1182.108231416       2414.864090347   -0.45646664000    6.36942222300    4.27197599600
  2026-10-13T11:03:59.999999       5865.406759208        371.350811619       3337.974969372   -2.33720314700    6.49576705400    3.37279177800
  2026-10-13T11:07:59.999999       5094.772434606       1897.379358855       4013.786227799   -4.04485066800    6.14229904900    2.22400113900
  2026-10-13T11:12:00.000000       3947.866786041       3283.283697533       4392.310403064   -5.45339482000    5.33532598100    0.91080042800
  2026-10-13T11:16:00.000000       2509.449729240       4426.750115744       4445.575688477   -6.45910502500    4.13449984900   -0.46967381600
  2026-10-13T11:19:59.999999        885.737895398       5243.352437568       4169.647549488   -6.98795361100    2.62828261200   -1.81547167000
  2026-10-13T11:23:59.999999       -803.383398918       5672.729490074       3584.908078391   -7.00077769000    0.92760100300   -3.02711215400
  2026-10-13T11:28:00.000000      -2433.155487994       5683.067581287       2734.593768642   -6.49639426700   -0.84205568700   -4.01480522400
  2026-10-13T11:32:00.000000      -3883.147214283       5273.512017262       1681.647930660   -5.51190628000   -2.54974301500   -4.70515864100
  2026-10-13T11:35:59.999999      -5046.221213624       4474.313900739        504.082587913   -4.12032033900   -4.06885810800   -5.04681972600
  2026-10-13T11:39:59.999999      -5836.553748420       3344.615046094       -710.834788347   -2.42514785600   -5.28680417900   -5.01454786300
  2026-10-13T11:44:00.000000      -6196.055419008       1968.012747163      -1873.142474366   -0.55245012400   -6.11368342200   -4.61124069900
  2026-10-13T11:48:00.000000      -6098.628247087        446.257146116      -2896.930326099    1.35895017800   -6.48907332000   -3.86752677100
  2026-10-13T11:51:59.999999      -5551.957167036      -1108.396117727      -3706.723832117    3.16815131600   -6.38630736900   -2.83910753500
  2026-10-13T11:55:59.999999      -4596.746006390      -2581.509272430      -4242.988616056    4.74257842100   -5.81392041500   -1.60226357800
  2026-10-13T12:00:00.000000      -3303.551696774      -3864.832183260      -4466.397375906    5.96746550000   -4.81449967200   -0.24803558600
  2026-10-13T12:04:00.000000      -1767.545253713      -4864.096768854      -4360.590214384    6.75362933800   -3.46127720500    1.12434709000
  2026-10-13T12:08:00.000000       -101.610263492      -5505.786451335      -3933.312840187    7.04349168800   -1.85294823300    2.41439503300
  2026-10-13T12:11:59.999999       1571.778973485      -5742.464630601      -3215.883163393    6.81521932400   -0.10688875100    3.52732600300
  2026-10-13T12:15:59.999999       3129.407913450      -5556.308548205      -2261.000186835    6.08460338800    1.64892892700    4.38083843700
  2026-10-13T12:20:00.000000       4456.334613081      -4960.571385199      -1138.986957019    4.90443660600    3.28511227500    4.91131378300
  2026-10-13T12:24:00.000000       5454.403726229      -3998.773590979         67.309914123    3.36103290500    4.68038628200    5.07868621400
  2026-10-13T12:27:59.999999       6049.637128028      -2741.646815038       1268.610227936    1.56834919300    5.73076607300    4.86985954700
  2026-10-13T12:31:59.999999       6197.884131461      -1281.949613166       2375.894760491   -0.34064357500    6.35792209800    4.30009797200
  2026-10-13T12:36:00.000000       5888.156549573        272.474360260       3307.105813662   -2.22434522500    6.51524618100    3.41174543900
  2026-10-13T12:40:00.000000       5143.415621652       1806.767373737       3993.281918234   -3.94325938300    6.19125295400    2.27088100300
  2026-10-13T12:43:59.999999       4018.781055959       3207.615037381       4383.664401988   -5.37054177600    5.41012539900    0.96212360100
  2026-10-13T12:47:59.999999       2597.373344857       4371.595619747       4449.400787346   -6.40108092700    4.22958345500   -0.41771702500
  2026-10-13T12:52:00.000000        984.168646466       5212.761065860       4185.635858560   -6.95895798800    2.73663765000   -1.76668726900
  2026-10-13T12:56:00.000000       -701.715470941       5668.946562671       3611.863833029   -7.00296355000    1.04125951400   -2.98506225600
  2026-10-13T12:59:59.999999      -2335.762503460       5706.359382155       2770.517611715   -6.52961537700   -0.73149180900   -3.98258578500
  2026-10-13T13:03:59.999999      -3797.228233544       5322.142859040       1723.876982427   -5.57370459800   -2.45046052000   -4.68516057500
  2026-10-13T13:08:00.000000      -4978.122648447       4544.672738065        549.489469300   -4.20610454700   -3.98819761200   -5.04050227400
  2026-10-13T13:12:00.000000      -5791.298514327       3431.486952364       -665.611123726   -2.52853087300   -5.23069493400   -5.02237849500
  2026-10-13T13:15:59.999999      -6176.965910342       2064.978046725      -1831.449059394   -0.66576200100   -6.08618511000   -4.63264008600
  2026-10-13T13:19:59.999999      -6107.095545444        546.170852842      -2861.849205378    1.24403542900   -6.49215341800   -3.90088717900
  2026-10-13T13:24:00.000000      -5587.352500553      -1012.888229437      -3680.844027280    3.06005276600   -6.41972473400   -2.88195239300
  2026-10-13T13:28:00.000000      -4656.460983167      -2497.437168694      -4228.218394397    4.64926040400   -5.87519879200   -1.65142202800
  2026-10-13T13:31:59.999999      -3383.192606191      -3798.375863991      -4463.824621770    5.89574674500   -4.89911446400   -0.29989840300
  2026-10-13T13:35:59.999999      -1861.263620717      -4820.144730118      -4370.408583346    6.70876608300   -3.56305161900    1.07358690200
  2026-10-13T13:40:00.000000       -202.518070626      -5487.582830653      -3954.805689923    7.02882041800   -1.96441812400    2.36846949300
  2026-10-13T13:44:00.000000       1471.108481547      -5751.359783006      -3247.473547757    6.83186328900   -0.21984657700    3.48963001500
  2026-10-13T13:47:59.999999       3036.393106574      -5591.655032492      -2300.360611683    6.13135086000    1.54282828600    4.35418243200
  2026-10-13T13:51:59.999999       4377.826265537      -5019.770856334      -1183.219368632    4.97784914000    3.19365650100    4.89761657100
  2026-10-13T13:56:00.000000       5396.204738392      -4077.480223477         21.458546492    3.45583625400    4.61030312500    5.07899825100
  2026-10-13T14:00:00.000000       6016.072942827      -2834.061907744       1224.531561459    1.67755763200    5.68733258100    4.88423148200
  2026-10-13T14:03:59.999999       6191.454519621      -1381.242070997       2336.857668409   -0.22513873900    6.34439876300    4.32747170800
  2026-10-13T14:07:59.999999       5909.347663168        173.650970229       3276.003911930   -2.11112079000    6.53266074700    3.45008906000
  2026-10-13T14:12:00.000000       5190.658674044       1715.726453938       3972.419375519   -3.84072892500    6.23827503900    2.31733034900
  2026-10-13T14:16:00.000000       4088.584996683       3131.080342561       4374.584556058   -5.28621975200    5.48324196600    1.01326148000
  2026-10-13T14:19:59.999999       2684.593242781       4315.222997816       4452.784010709   -6.34117014100    4.32344890200   -0.36563880000
  2026-10-13T14:23:59.999999       1082.371625464       5180.727535720       4201.244461149   -6.92791873000    2.84434213700   -1.71752403300
  2026-10-13T14:28:00.000000       -599.779155156       5663.635007930       3638.552360782   -7.00308355800    1.15486440600   -2.94246969200
  2026-10-13T14:32:00.000000      -2237.617814158       5728.185463942       2806.317521423   -6.56090224200   -0.62034789900   -3.94971742700
  2026-10-13T14:35:59.999999      -3710.130968597       5369.522367001       1766.148230983   -5.63391417800   -2.34998456900   -4.66443677100
  2026-10-13T14:39:59.999999      -4908.523579874       4614.128886566        595.110218668   -4.29081059100   -3.90585256000   -5.03349611200
  2026-10-13T14:44:00.000000      -5744.355855152       3517.902711406       -620.018486911   -2.63145646400   -5.17258985300   -5.02961482700
  2026-10-13T14:48:00.000000      -6156.161243131       2161.978352084      -1789.256946104   -0.77929918800   -6.05664326400   -4.65356832600
  2026-10-13T14:51:59.999999      -6113.972356854        646.589999915      -2826.176383547    1.12833443000   -6.49336246500   -3.93393447300
  2026-10-13T14:55:59.999999      -5621.396588467       -916.453111248      -3654.316271353    2.95074903400   -6.45149335500   -2.92464707200
  2026-10-13T15:00:00.000000      -4715.166531756      -2412.075677763      -4212.789153268    4.55430860100   -5.93514937900   -1.70065282600
  2026-10-13T15:04:00.000000      -3462.252778982      -3730.367300269      -4460.637654336    5.82213475500   -4.98288098700   -0.35205164000
  2026-10-13T15:08:00.000000      -1954.870154691      -4774.495660626      -4379.705169297    6.66189731700   -3.66446809600    1.02234697800
  2026-10-13T15:11:59.999999       -303.795787716      -5467.661876401      -3975.911766965    7.01216528600   -2.07608495400    2.32191201500
  2026-10-13T15:15:59.999999       1369.609186868      -5758.653581631      -3278.839447310    6.84668948400   -0.33356445500    3.45122268200
  2026-10-13T15:20:00.000000       2942.148483452      -5625.646751528      -2339.676308427    6.17662851000    1.43544578800    4.32676049400
  2026-10-13T15:24:00.000000       4297.793875490      -5077.966981709      -1227.580137597    5.05026087000    3.10059177100    4.88325814200
  2026-10-13T15:27:59.999999       5336.285404652      -4155.593774114        -24.664872268    3.54999801500    4.53840088700    5.07875585600
  2026-10-13T15:31:59.999999       5980.688239624      -2926.349230804       1180.060451255    1.78659487300    5.64186457000    4.89817429100
  2026-10-13T15:36:00.000000       6183.226078717      -1480.904409375       2297.346827918   -0.10928504200    6.32880400200    4.35460943300
  2026-10-13T15:40:00.000000       5928.885311399         73.972107475       3244.394829921   -1.99701915100    6.54811583700    3.48838094900
  2026-10-13T15:43:59.999999       5236.525973185       1623.396362730       3951.060996679   -3.73678593900    6.28369589800    2.36392787600
  2026-10-13T15:47:59.999999       4157.393646867       3052.933591060       4365.060852312   -5.20017051500    5.55527142500    1.06466502300
  2026-10-13T15:52:00.000000       2771.259730558       4257.035100548       4455.795188468   -6.27931973100    4.41671820300   -0.31322181800
  2026-10-13T15:56:00.000000       1180.503754901       5146.802356403       4216.574090511   -6.89481601900    2.95201759800   -1.66792019600
  2026-10-13T15:59:59.999999       -497.424525155       5656.495835327       3665.078684262   -7.00122445400    1.26902136600   -2.89935004200
  2026-10-13T16:03:59.999999      -2138.606062533       5748.378491388       2842.085370154   -6.59044518500   -0.50815415900   -3.91631062000
  2026-10-13T16:08:00.000000      -3621.779721396       5415.569610130       1808.510587841   -5.69265856600   -2.24806469900   -4.64323623300
  2026-10-13T16:12:00.000000      -4837.359561324       4682.640147233        640.927660023   -4.37440140100   -3.82173059200   -5.02608173900
  2026-10-13T16:15:59.999999      -5695.632702199       3603.826829972       -574.142972360   -2.73370322100   -5.11250781800   -5.03654262200
  2026-10-13T16:19:59.999999      -6133.465166952       2258.972163449      -1746.721018569   -0.89259092200   -6.02504846000   -4.67429315900
  2026-10-13T16:24:00.000000      -6118.956806629        747.498680276      -2790.122059745    1.01238279700   -6.49253204100   -3.96688720600
  2026-10-13T16:28:00.000000      -5653.673858813       -819.064990710      -3627.400605427    2.84067101100   -6.48147576000   -2.96736526200
  2026-10-13T16:31:59.999999      -4772.334852736      -2325.378271141      -4196.981985759    4.45823777500   -5.99367739900   -1.74991724300
  2026-10-13T16:35:59.999999      -3540.086492255      -3660.720241384      -4457.078856918    5.74704291400   -5.06556986500   -0.40424079900
  2026-10-13T16:40:00.000000      -2047.641111944      -4727.005596876      -4388.644101033    6.61328775500   -3.76528234000    0.97103636700
  2026-10-13T16:44:00.000000       -404.676761229      -5445.808988009      -3996.678518816    6.99360273400   -2.18759978400    2.27526005000
  2026-10-13T16:47:59.999999       1268.040749745      -5764.037603771      -3309.897126628    6.85956441600   -0.44762509600    3.41264979300
  2026-10-13T16:51:59.999999       2847.373568726      -5657.867561816      -2378.726178534    6.22001571900    1.32725102100    4.29914847600
  2026-10-13T16:56:00.000000       4216.796497395      -5134.646939630      -1271.729452889    5.12098300300    3.00622312900    4.86864291300
  2026-10-13T17:00:00.000000       5275.040308577      -4232.549991767        -70.640536003    3.64285605000    4.46485538600    5.07824793400
  2026-10-13T17:03:59.999999       5943.709803168      -3017.892948129       1135.669683890    1.89469547300    5.59459247300    4.91179734100
  2026-10-13T17:07:59.999999       6173.228039072      -1580.275713862       2257.827629209    0.00606699500    6.31124687800    4.38133882100
  2026-10-13T17:12:00.000000       5946.594828805        -25.894870815       3212.677618961   -1.88290407500    6.56157169500    3.52626642100
  2026-10-13T17:16:00.000000       5280.624865653       1530.402913904       3929.498830163   -3.63233049500    6.32715648400    2.41013438600
  2026-10-13T17:19:59.999999       4224.630316352       2973.676967256       4355.253843495   -5.11301130500    5.62558785600    1.11581585900
  2026-10-13T17:23:59.999999       2856.671498360       4197.379854740       4458.478034936   -6.21596987900    4.50872763000   -0.26095195700
  2026-10-13T17:28:00.000000       1277.776551149       5111.159837194       4231.543551580   -6.85992457700    3.05887023000   -1.61843110600
  2026-10-13T17:32:00.000000       -395.470020058       5647.500045207       3691.226392304   -6.99734907200    1.38285438800   -2.85626302200
  2026-10-13T17:35:59.999999      -2039.500702353       5766.701717590       2877.480696816   -6.61791813700   -0.39574450300   -3.88281395200
  2026-10-13T17:39:59.999999      -3532.850193429       5459.860474040       1850.534853900   -5.74945642700   -2.14543006100   -4.62184042900
  2026-10-13T17:44:00.000000      -4765.176317813       4749.617628824        686.466047882   -4.45627967000   -3.73648676200   -5.01837516700
  2026-10-13T17:48:00.000000      -5645.513812564       3688.530117893       -528.462902111   -2.83454719100   -5.05095152800   -5.04307293700
  2026-10-13T17:51:59.999999      -6109.087403743       2355.135158731      -1704.275782006   -1.00492371400   -5.99168291900   -4.69454040700
  2026-10-13T17:55:59.999999      -6122.091612803        848.022231473      -2754.039035932    0.89686850100   -6.48978003300   -3.99932569900
  2026-10-13T18:00:00.000000      -5684.059955448       -721.590560486      -3600.330406141    2.73049165100   -6.50946668100   -3.00956453100
  2026-10-13T18:04:00.000000      -4827.709782960      -2238.119989318      -4180.904878775    4.36145933200   -6.05030009900   -1.79876522300
  2026-10-13T18:08:00.000000      -3616.355148510      -3590.089784590      -4453.165298219    5.67077531400   -5.14664220300   -0.45611725800
  2026-10-13T18:11:59.999999      -2139.183179325      -4678.180728551      -4397.161629183    6.56304367700   -3.86480995000    0.91994591300
  2026-10-13T18:15:59.999999       -504.766190803      -5422.372357361      -4016.992733946    6.97307228600   -2.29834254700    2.22865161000
  2026-10-13T18:20:00.000000       1166.767642122      -5767.715056007      -3340.511843903    6.87030055200   -0.56144276700    3.37395052400
  2026-10-13T18:24:00.000000       2752.378172774      -5688.395138011      -2417.386147961    6.26128071800    1.21869861600    4.27122259300
  2026-10-13T18:27:59.999999       4135.091220082      -5189.784074938      -1315.579145566    5.18978544100    2.91097514500    4.85359169600
  2026-10-13T18:31:59.999999       5212.663066473      -4308.230243525       -116.436558068    3.73412547700    4.38996938900    5.07718110000
  2026-10-13T18:36:00.000000       5905.274649455      -3108.529551368       1091.316651739    2.00170260800    5.54562849500    4.92481944600
  2026-10-13T18:40:00.000000       6161.577362293      -1679.166010502       2218.203967087    0.12086888100    6.29185040300    4.40747245100
  2026-10-13T18:43:59.999999       5962.585413850       -125.731842772       3180.713336299   -1.76878713200    6.57312745500    3.56357099400
  2026-10-13T18:47:59.999999       5323.075338933       1436.989067914       3907.560529556   -3.52731883100    6.36879497100    2.45586857200
  2026-10-13T18:52:00.000000       4290.406117404       2893.577392412       4344.968241666   -5.02482953800    5.69421905500    1.16658948300
  2026-10-13T18:56:00.000000       2940.930358468       4136.508864227       4460.616193178   -6.15108764900    4.59935385600   -0.20883003500
  2026-10-13T18:59:59.999999       1374.301331979       5074.027366991       4245.964011615   -6.82323831300    3.16482913700   -1.56885264400
  2026-10-13T19:03:59.999999       -293.817854379       5636.855680315       3716.862706996   -6.99155937600    1.49625557000   -2.81295669200
  2026-10-13T19:08:00.000000      -1940.227601651       5783.332583648       2912.432457862   -6.64341675400   -0.28325571300   -3.84897631900
  2026-10-13T19:12:00.000000      -3443.287664738       5502.544637867       1892.211189914   -5.80437559300   -2.04215870000   -4.59998828700
  2026-10-13T19:15:59.999999      -4691.939499621       4815.202628497        731.776360895   -4.53655624500   -3.65010397100   -5.01012524500
  2026-10-13T19:19:59.999999      -5594.006090325       3772.165137781       -482.875071964   -2.93421733100   -4.98785610700   -5.04902764400
  2026-10-13T19:24:00.000000      -6083.095743564       2450.634524326      -1661.784812727   -1.11656178800   -5.95651790100   -4.71422884300
  2026-10-13T19:28:00.000000      -6123.507135965        948.333813595      -2717.781258017    0.78152479900   -6.48507376500   -4.03125078000
  2026-10-13T19:31:59.999999      -5712.752621240       -623.856936079      -3572.973994706    2.61992644700   -6.53550973600   -3.05135065100
  2026-10-13T19:35:59.999999      -4881.547353529      -2150.151556120      -4164.455792271    4.26377111300   -6.10513008900   -1.84731287800
  2026-10-13T19:40:00.000000      -3691.367164591      -3518.348991142      -4448.826161279    5.59308996300   -5.22621195500   -0.50787009100
  2026-10-13T19:44:00.000000      -2229.850321871      -4627.939444981      -4405.249939232    6.51107988700   -3.96329604300    0.86878120700
  2026-10-13T19:47:59.999999       -604.417301699      -5397.323416313      -4036.908016286    6.95061322700   -2.40850204700    2.18186124000
  2026-10-13T19:51:59.999999       1065.453061003      -5769.708509787      -3370.787046263    6.87900588800   -0.67525620700    3.33494027800
  2026-10-13T19:56:00.000000       2656.861110642      -5717.304161541      -2455.795673830    6.30059932100    1.10960332300    4.24287032300
  2026-10-13T20:00:00.000000       4052.422709634      -5243.496877497      -1359.291873419    5.25688199400    2.81466103800    4.83803515800
  2026-10-13T20:03:59.999999       5148.956855931      -4382.794677262       -162.215979115    3.82406001000    4.31361238400    5.07562119100
  2026-10-13T20:07:59.999999       5865.239144370      -3198.439136198       1046.862220847    2.10780230200    5.49490691500    4.93735537300
  2026-10-13T20:12:00.000000       6148.170279293      -1777.776761832       2178.366693568    0.23529774900    6.27051508300    4.43317788100
  2026-10-13T20:16:00.000000       5976.794156642       -225.752852823       3148.443099690   -1.65451871400    6.58277785000    3.60052089600
  2026-10-13T20:19:59.999999       5363.838991022       1342.951128096       3885.240677219   -3.42167415400    6.40867659200    2.50132156500
  2026-10-13T20:23:59.999999       4354.700813286       2812.458960117       4334.243980880   -4.93560014200    5.76133444800    1.21716662600
  2026-10-13T20:28:00.000000       3023.999844646       4074.286817551       4462.271813881   -6.08481314400    4.68873110200   -0.15687711400
  2026-10-13T20:32:00.000000       1470.020455380       5035.287769754       4259.875305729   -6.78475982000    3.26994186200   -1.51930309800
  2026-10-13T20:35:59.999999       -192.516340780       5624.467486529       3742.007881160   -6.98381908800    1.60936402000   -2.76948044200
  2026-10-13T20:39:59.999999      -1840.839226925       5798.207820933       2946.950130537   -6.66699772100   -0.17058651800   -3.81483911800
  2026-10-13T20:44:00.000000      -3353.159448214       5543.568403494       1933.539007269   -5.85747426700   -1.93827013700   -4.57772692500
  2026-10-13T20:48:00.000000      -4617.721407093       4879.330200064        776.847696002   -4.61521620200   -3.56265752600   -5.00139059600
  2026-10-13T20:51:59.999999      -5541.164780739       3854.645171041       -437.405590871   -3.03258073200   -4.92330261400   -5.05445310400
  2026-10-13T20:55:59.999999      -6055.506857689       2545.366719308      -1619.285190386   -1.22731956800   -5.91960442400   -4.73339697600
  2026-10-13T21:00:00.000000      -6123.170044111       1048.319586212      -2681.392269076    0.66658616900   -6.47846362400   -4.06267723000
  2026-10-13T21:04:00.000000      -5739.658256485       -525.984919390      -3545.369336780    2.50924146100   -6.55961997300   -3.09267249500
  2026-10-13T21:08:00.000000      -4933.689053144      -2061.591928848      -4147.655839403    4.16544271600   -6.15813210600   -1.89547113100
  2026-10-13T21:11:59.999999      -3764.894441862      -3445.604285430      -4444.054078126    5.51429659300   -5.30418568500   -0.55932837000
  2026-10-13T21:15:59.999999      -2319.352110382      -4576.348462299      -4412.848325126    6.45756767500   -4.06052178300    0.81778320800
  2026-10-13T21:20:00.000000       -703.313651485      -5370.677832190      -4056.317306076    6.92633779500   -2.51787772700    2.13504394400
  2026-10-13T21:24:00.000000        964.445605430      -5769.971128441      -3400.577645918    6.88578399500   -0.78872610200    3.29579040600
  2026-10-13T21:27:59.999999       2561.176446011      -5744.457763415      -2493.765687783    6.33791280400    1.00035992000    4.21427482600
  2026-10-13T21:31:59.999999       3969.111086578      -5295.551148272      -1402.639402877    5.32205072400    2.71768505400    4.82209846700
  2026-10-13T21:36:00.000000       5084.171978707      -4455.920646647       -207.738893528    3.91233384200    4.23609256100    5.07355446100
  2026-10-13T21:40:00.000000       5823.774557394      -3287.237899206       1002.536628542    2.21265423600    5.44263245100    4.94933330100
  2026-10-13T21:43:59.999999       6133.090205093      -1875.681807667       2138.521740053    0.34894851500    6.24737151400    4.45830023500
  2026-10-13T21:47:59.999999       5989.207723697       -325.523985761       3116.026451887   -1.54048068800    6.59046373600    3.63691457600
  2026-10-13T21:52:00.000000       5402.822599509       1248.687673035       3862.648124080   -3.31566769200    6.44660927700    2.54628759800
  2026-10-13T21:56:00.000000       4417.364232242       2730.668806348       4323.145540774   -4.84550137000    5.82668290700    1.26737070100
  2026-10-13T21:59:59.999999       3105.704008190       4011.000021273       4463.478284781   -6.01721364200    4.77662813200   -0.10516873000
  2026-10-13T22:03:59.999999       1564.732927823       4995.167582035       4273.290520669   -6.74462032900    3.37390509600   -1.46990204900
  2026-10-13T22:08:00.000000        -91.778208371       5610.473454316       3766.634922446   -6.97406564200    1.72177891900   -2.72602860100
  2026-10-13T22:12:00.000000      -1741.509025778       5811.382899146       2980.967575106   -6.68842434500   -0.05799636400   -3.78052237300
  2026-10-13T22:15:59.999999      -3262.585316975       5582.944979514       1974.430155361   -5.90855238100   -1.83388525100   -4.55512467700
  2026-10-13T22:19:59.999999      -4542.599317089       4941.987235575        821.578646764   -4.69209926900   -3.47424920100   -4.99219270900
  2026-10-13T22:24:00.000000      -5487.032819112       3935.933271955       -392.151052367   -3.12951981400   -4.85741994600   -5.05931310000
  2026-10-13T22:28:00.000000      -6026.336166481       2639.259573264      -1576.852333484   -1.33709947500   -5.88108360100   -4.75189047400
  2026-10-13T22:31:59.999999      -6121.082542362       1147.871791545      -2644.904012869    0.55208211700   -6.47010445000   -4.09340415300
  2026-10-13T22:35:59.999999      -5764.769709096       -428.121183652      -3517.498943818    2.39848762400   -6.58194625700   -3.13331162300
  2026-10-13T22:40:00.000000      -4984.114526847      -1972.616648059      -4130.433147241    4.06653989800   -6.20940886200   -1.94301389600
  2026-10-13T22:44:00.000000      -3836.900925730      -3372.047699495      -4438.724129705    5.43445670900   -5.38060282600   -0.61028258300
  2026-10-13T22:47:59.999999      -2407.633048509      -4523.603643840      -4419.784769695    6.40261373100   -4.15646313500    0.76714422900
  2026-10-13T22:51:59.999999       -801.376204234      -5342.609873012      -4074.997741059    6.90028518100   -2.62631717000    2.08841880300
  2026-10-13T22:56:00.000000        863.813798448      -5768.641478935      -3429.621593525    6.89057153200   -0.90173812900    3.25658151600
  2026-10-13T23:00:00.000000       2465.390933773      -5769.967944070      -2531.032385078    6.37326854000    0.89109866000    4.18539606100
  2026-10-13T23:03:59.999999       3885.238794405      -5346.016477997      -1445.370231998    5.38533827200    2.62026888000    4.80571390300
  2026-10-13T23:07:59.999999       5018.393884097      -4527.620221181       -252.776510706    3.99891652900    4.15765113300    5.07084004200
  2026-10-13T23:12:00.000000       5780.955606147      -3374.889485271        958.520646933    2.31622050900    5.38897479600    4.96051579900
  2026-10-13T23:16:00.000000       6116.410921265      -1972.814719129       2098.788830657    0.46185277600    6.22252011200    4.48259307000
  2026-10-13T23:19:59.999999       5999.910084518       -424.955982621       3083.526100868   -1.42662129800    6.59626819000    3.67251614400
  2026-10-13T23:23:59.999999       5440.120387948       1154.305845341       3839.791628154   -3.20927669200    6.48263245900    2.59055128500
  2026-10-13T23:28:00.000000       4478.507926420       2648.312968806       4311.629248540   -4.75440720000    5.89025882400    1.31703564400
  2026-10-13T23:32:00.000000       3186.183007461       3946.758993159       4464.166394365   -5.94818085800    4.86306746800   -0.05377756300
  2026-10-13T23:35:59.999999       1658.606834704       4953.789635356       4286.135289797   -6.70270857200    3.47681346100   -1.42060523000
  2026-10-13T23:39:59.999999          8.568433157       5595.020475016       3790.695932481   -6.96238151100    1.83357838300   -2.68243580700
  2026-10-13T23:44:00.000000      -1642.097664181       5823.004176039       3014.477942564   -6.70785077500    0.05442020000   -3.74585751800
  2026-10-13T23:48:00.000000      -3171.449901754       5620.791388171       2014.925059679   -5.95768552700   -1.72911460700   -4.53195655400
  2026-10-13T23:51:59.999999      -4466.485326123       5003.271673768        866.066354048   -4.76735455000   -3.38492892600   -4.98229655600
  2026-10-13T23:55:59.999999      -5431.566718118       4016.117325596       -346.965076578   -3.22524775200   -4.79022316900   -5.06341961500
  2026-10-14T00:00:00.000000      -5995.600696487       2732.403172795      -1534.307554770   -1.44617439600   -5.84095221200   -4.76965314000
